metabolite,pepmass,RT,fatty_acid,feature_id,compound_class,compound_name,molecular_formula,adduct,precursor_formula,npc_number_pathway,npc_number_pathway_probability,npc_number_superclass,npc_number_superclass_probability,npc_number_class,npc_number_class_probability,classy_fire_number_most_specific_class,classy_fire_number_most_specific_class_probability,gnps_cosine_score,gnps_mz_error_ppm,gnps_compound_name,gnps_compound_class,gnps_compound_subclass,coraldb_compound_family,coraldb_compound_superclass,coraldb_compound_class,coraldb_compound_name
x37644_766_69228_15_242,766.69228,15.242,12:0,37644,Triacylglycerols,TAG(14:0/14:0/16:1) [M+NH4]+,NA,NA,NA,Unknown,NA,Unknown,NA,Unknown,NA,Unknown,NA,NA,NA,NA,NA,NA,Glycerolipid,Triacylglycerols,Triacylglycerols,TAG(14:0/14:0/16:1) [M+NH4]+
x38867_768_70791_15_73,768.70791,15.73,12:0,38867,Triacylglycerols,TAG(14:0/14:0/16:0) [M+NH4]+,NA,NA,NA,Unknown,NA,Unknown,NA,Unknown,NA,Unknown,NA,NA,NA,NA,NA,NA,Glycerolipid,Triacylglycerols,Triacylglycerols,TAG(14:0/14:0/16:0) [M+NH4]+
x37681_740_67655_15_252,740.67655,15.252,12:0,37681,Triacylglycerols,TAG(14:0/14:0/14:0) [M+NH4]+,NA,NA,NA,Unknown,NA,Unknown,NA,Unknown,NA,Unknown,NA,NA,NA,NA,NA,NA,Glycerolipid,Triacylglycerols,Triacylglycerols,TAG(14:0/14:0/14:0) [M+NH4]+
x36387_764_67681_14_807,764.67681,14.807,12:0,36387,Triacylglycerols,TAG(14:0/14:0/16:2) / (12:0/16:0/16:2) [M+NH4]+,NA,NA,NA,Unknown,NA,Unknown,NA,Unknown,NA,Unknown,NA,NA,NA,NA,NA,NA,Glycerolipid,Triacylglycerols,Triacylglycerols,TAG(14:0/14:0/16:2) / (12:0/16:0/16:2) [M+NH4]+
x36195_738_66123_14_743,738.66123,14.743,12:0,36195,Triacylglycerols,TAG(12:0/14:0/16:1) / TAG(12:0/14:1/16:0) / TAG(10:0/16:0/16:1) [M+NH4]+,NA,NA,NA,Unknown,NA,Unknown,NA,Unknown,NA,Unknown,NA,NA,NA,NA,NA,NA,Glycerolipid,Triacylglycerols,Triacylglycerols,TAG(12:0/14:0/16:1) / TAG(12:0/14:1/16:0) / TAG(10:0/16:0/16:1) [M+NH4]+
x36153_766_69146_14_734,766.69146,14.734,12:0,36153,Triacylglycerols,TAG(14:0/14:0/16:1) [M+NH4]+,C43H87N7O4,[M + H]+,C43H87N7O4,Fatty acids,0.8722700476646423,Unknown,0.19883747398853305,Unknown,0.06746068596839905,Unknown,0.5412127375602722,NA,NA,NA,NA,NA,Glycerolipid,Triacylglycerols,Triacylglycerols,TAG(14:0/14:0/16:1) [M+NH4]+
x36211_712_64567_14_744,712.64567,14.744,12:0,36211,Triacylglycerols,TAG(12:0/14:0/14:0) [M+NH4]+,NA,NA,NA,Unknown,NA,Unknown,NA,Unknown,NA,Unknown,NA,NA,NA,NA,NA,NA,Glycerolipid,Triacylglycerols,Triacylglycerols,TAG(12:0/14:0/14:0) [M+NH4]+
x36173_740_67585_14_735,740.67585,14.735,12:0,36173,Triacylglycerols,TAG(14:0/14:0/14:0) [M+NH4]+,NA,NA,NA,Unknown,NA,Unknown,NA,Unknown,NA,Unknown,NA,NA,NA,NA,NA,NA,Glycerolipid,Triacylglycerols,Triacylglycerols,TAG(14:0/14:0/14:0) [M+NH4]+
x7702_375_30469_4_456,375.30469,4.456,12:0,7702,Unknown,NA,C28H38,[M + H]+,C28H38,Terpenoids,0.9821081757545472,Unknown,0.1495671421289444,Unknown,0.06426526606082916,Unknown,0.5596135258674622,NA,NA,NA,NA,NA,NA,NA,NA,NA
x3477_424_31823_3_083,424.31823,3.083,12:0,3477,Unknown,dopamine-C20:3,C21H38FN7O,[M + H]+,C21H38FN7O,Alkaloids,0.9993125200271606,Unknown,0.46155139803886414,Unknown,0.18947207927703855,Unknown,0.6289271712303162,0.852216,4.24335,dopamine-C20:3,Phenols,Benzenediols,NA,NA,NA,NA
x7638_393_31577_4_444,393.31577,4.444,12:0,7638,Unknown,NA,C28H40O,[M + H]+,C28H40O,Terpenoids,0.996123731136322,Apocarotenoids,0.8782839179039001,Unknown,0.6753665804862976,Unknown,0.5617620348930359,NA,NA,NA,NA,NA,NA,NA,NA,NA
x34276_710_6297_14_209,710.6297,14.209,12:0,34276,Unknown,NA,NA,NA,NA,Unknown,NA,Unknown,NA,Unknown,NA,Unknown,NA,NA,NA,NA,NA,NA,NA,NA,NA,NA
x6773_399_32585_4_17,399.32585,4.17,12:0,6773,Unknown,NA,C27H42O2,[M + H]+,C27H42O2,Terpenoids,0.9997370839118958,Steroids,0.9646399021148682,Unknown,0.4968512654304504,Unknown,0.7020830512046814,NA,NA,NA,NA,NA,NA,NA,NA,NA
x34428_712_64537_14_245,712.64537,14.245,12:0,34428,Triacylglycerols,TAG(12:0/14:0/14:0) [M+NH4]+,NA,NA,NA,Unknown,NA,Unknown,NA,Unknown,NA,Unknown,NA,NA,NA,NA,NA,NA,Glycerolipid,Triacylglycerols,Triacylglycerols,TAG(12:0/14:0/14:0) [M+NH4]+
x1318_354_2638_1_564,354.2638,1.564,12:0,1318,Unknown,NA,C20H35NO4,[M + H]+,C20H35NO4,Unknown,0.7593711614608765,Unknown,0.8405784964561462,Unknown,0.2358853667974472,Unknown,0.7592741250991821,NA,NA,NA,NA,NA,NA,NA,NA,NA
x7706_377_3207_4_435,377.3207,4.435,12:0,7706,Unknown,NA,C28H40,[M + H]+,C28H40,Terpenoids,0.9981268048286438,Unknown,0.10298336297273636,Unknown,0.02455445937812328,Prenol lipids,0.94966858625412,NA,NA,NA,NA,NA,NA,NA,NA,NA
x34568_738_66107_14_276,738.66107,14.276,12:0,34568,Triacylglycerols,TAG(12:0/14:0/16:1) / TAG(12:0/14:1/16:0) / TAG(10:0/16:0/16:1) [M+NH4]+,NA,NA,NA,Unknown,NA,Unknown,NA,Unknown,NA,Unknown,NA,NA,NA,NA,NA,NA,Glycerolipid,Triacylglycerols,Triacylglycerols,TAG(12:0/14:0/16:1) / TAG(12:0/14:1/16:0) / TAG(10:0/16:0/16:1) [M+NH4]+
x26410_616_56642_12_334,616.56642,12.334,12:0,26410,Unknown,NA,C40H73NO3,[M + H]+,C40H73NO3,Fatty acids,0.984906792640686,Unknown,0.7238919138908386,Unknown,0.6154646873474121,N-acyl amines,0.9117761850357056,NA,NA,NA,NA,NA,NA,NA,NA,NA
x408_288_28929_1_04,288.28929,1.04,12:0,408,Unknown,NA,C17H37NO2,[M + H]+,C17H37NO2,Fatty acids,0.953620970249176,Unknown,0.6760642528533936,Unknown,0.622291088104248,"1,2-aminoalcohols",0.9336954951286316,NA,NA,NA,NA,NA,NA,NA,NA,NA
x34204_684_61583_14_171,684.61583,14.171,12:0,34204,Unknown,NA,NA,NA,NA,Unknown,NA,Unknown,NA,Unknown,NA,Unknown,NA,NA,NA,NA,NA,NA,NA,NA,NA,NA
x1728_368_28017_1_826,368.28017,1.826,12:0,1728,Unknown,NA,C27H33B,[M + H]+,C27H33B,Terpenoids,0.9880405068397522,Unknown,0.4291159212589264,Unknown,0.34652599692344666,Unknown,0.764001190662384,NA,NA,NA,NA,NA,NA,NA,NA,NA
x4670_273_25784_3_528,273.25784,3.528,12:0,4670,Unknown,NA,C20H32,[M + H]+,C20H32,Terpenoids,0.9956477284431458,Unknown,0.7903209924697876,Unknown,0.07582619786262512,Diterpenoids,0.8662310242652893,NA,NA,NA,NA,NA,NA,NA,NA,NA
x4098_314_30554_3_347,314.30554,3.347,12:0,4098,Unknown,NA,C19H39NO2,[M + H]+,C19H39NO2,Unknown,0.8497189283370972,Unknown,0.5298484563827515,Unknown,0.15725135803222656,Unknown,0.619819700717926,NA,NA,NA,NA,NA,NA,NA,NA,NA
x2682_396_31106_2_618,396.31106,2.618,12:0,2682,Unknown,NA,C23H41NO4,[M + H]+,C23H41NO4,Fatty acids,0.9732000827789308,Unknown,0.6584638357162476,Unknown,0.5530492067337036,Unknown,0.6722908616065979,NA,NA,NA,NA,NA,NA,NA,NA,NA
x1395_382_29498_1_599,382.29498,1.599,12:0,1395,Unknown,NA,C22H39NO4,[M + H]+,C22H39NO4,Fatty acids,0.9937439560890198,Unknown,0.647555410861969,Unknown,0.17632482945919037,Unknown,0.6625351905822754,NA,NA,NA,NA,NA,NA,NA,NA,NA
x6519_328_32138_4_097,328.32138,4.097,12:0,6519,Unknown,NA,C20H41NO2,[M + H]+,C20H41NO2,Fatty acids,0.8814877867698669,Fatty amides,0.8692132830619812,Unknown,0.4760517477989197,N-acyl amines,0.9423084855079652,NA,NA,NA,NA,NA,NA,NA,NA,NA
x7436_273_25793_4_387,273.25793,4.387,12:0,7436,Unknown,Manool CollisionEnergy:205060,C20H32,[M + H]+,C20H32,Terpenoids,0.9949138164520264,Unknown,0.7666251063346863,Unknown,0.07149749249219894,Unknown,0.8374768495559692,0.862883,0.335041,Manool CollisionEnergy:205060,Prenol lipids,Diterpenoids,NA,NA,NA,NA
x824_354_26302_1_251,354.26302,1.251,12:0,824,Unknown,NA,NA,NA,NA,Unknown,NA,Unknown,NA,Unknown,NA,Unknown,NA,NA,NA,NA,NA,NA,NA,NA,NA,NA
x23731_586_5214_11_481,586.5214,11.481,12:0,23731,Unknown,NA,C38H67NO3,[M + H]+,C38H67NO3,Fatty acids,0.9809650778770448,Unknown,0.5737617015838623,Unknown,0.23148302733898163,N-acyl amines,0.988545835018158,NA,NA,NA,NA,NA,NA,NA,NA,NA
x1091_320_25648_1_424,320.25648,1.424,12:0,1091,Unknown,NA,NA,NA,NA,Unknown,NA,Unknown,NA,Unknown,NA,Unknown,NA,NA,NA,NA,NA,NA,NA,NA,NA,NA
x4686_326_30551_3_539,326.30551,3.539,12:0,4686,Unknown,NA,C20H39NO2,[M + H]+,C20H39NO2,Fatty acids,0.8669196963310242,Unknown,0.6762512922286987,Unknown,0.5823794007301331,"1,2-aminoalcohols",0.8686177134513855,NA,NA,NA,NA,NA,NA,NA,NA,NA
x4894_398_32756_3_606,398.32756,3.606,12:0,4894,Unknown,NA,C23H43NO4,[M + H]+,C23H43NO4,Unknown,0.7827015519142151,Unknown,0.5171939730644226,Unknown,0.8202762007713318,Carbamate esters,0.8806086182594299,NA,NA,NA,NA,NA,NA,NA,NA,NA
x24143_588_53511_11_655,588.53511,11.655,12:0,24143,Unknown,NA,C38H69NO3,[M + H]+,C38H69NO3,Fatty acids,0.972873330116272,Unknown,0.56433868408203125,Unknown,0.21277360618114471,Unknown,0.7264190316200256,NA,NA,NA,NA,NA,NA,NA,NA,NA
x4713_314_3052_3_499,314.3052,3.499,12:0,4713,Unknown,NA,C19H39NO2,[M + H]+,C19H39NO2,Unknown,0.7510433793067932,Unknown,0.8434604406356812,Unknown,0.4478428065776825,N-acyl amines,0.9226366877555848,NA,NA,NA,NA,NA,NA,NA,NA,NA
x2816_348_28902_2_72,348.28902,2.72,12:0,2816,Unknown,NA,C22H37NO2,[M + H]+,C22H37NO2,Fatty acids,0.9988368153572084,Fatty amides,0.9710503816604614,Unknown,0.48399269580841064,N-acyl amines,0.9274423122406006,NA,NA,NA,NA,NA,NA,NA,NA,NA
x31641_656_5845_13_609,656.5845,13.609,12:0,31641,Unknown,NA,C38H75N5O2,[M + Na]+,C38H75N5O2,Unknown,0.7215563654899597,Unknown,0.5205098986625671,Unknown,0.8389806747436523,N-acyl amines,0.9262046813964844,NA,NA,NA,NA,NA,NA,NA,NA,NA
x2526_296_25872_2_502,296.25872,2.502,12:0,2526,Unknown,NA,C18H33NO2,[M + H]+,C18H33NO2,Fatty acids,0.9018484950065612,Unknown,0.8308843374252319,Unknown,0.5131248235702515,Unknown,0.6356635093688965,NA,NA,NA,NA,NA,NA,NA,NA,NA
x3884_336_28968_3_253,336.28968,3.253,12:0,3884,Unknown,NA,C21H37NO2,[M + H]+,C21H37NO2,Unknown,0.7727702260017395,Unknown,0.530264139175415,Unknown,0.15518182516098022,Unknown,0.7476646304130554,NA,NA,NA,NA,NA,NA,NA,NA,NA
x4632_396_31137_3_507,396.31137,3.507,12:0,4632,Unknown,NA,C23H41NO4,[M + H]+,C23H41NO4,Unknown,0.5676473379135132,Unknown,0.10366222262382507,Unknown,0.0927463248372078,Unknown,0.7952316999435425,NA,NA,NA,NA,NA,NA,NA,NA,NA
x31062_780_67594_13_46,780.67594,13.46,12:0,31062,Unknown,NA,C21H22Br6O2,[M + H]+,C21H22Br6O2,Unknown,0.34827500581741333,Unknown,0.2759585380554199,Unknown,0.8223947286605835,Aryl bromides,0.9493053555488586,NA,NA,NA,NA,NA,NA,NA,NA,NA
x1213_406_29579_1_471,406.29579,1.471,12:0,1213,Unknown,NA,C24H39NO4,[M + H]+,C24H39NO4,Unknown,0.39928773045539856,Unknown,0.3610529601573944,Unknown,0.20781341195106504,Unknown,0.5410769581794739,NA,NA,NA,NA,NA,NA,NA,NA,NA
x1128_382_29505_1_444,382.29505,1.444,12:0,1128,Unknown,NA,C22H39NO4,[M + H]+,C22H39NO4,Fatty acids,0.9979333877563475,Unknown,0.7936339974403381,Unknown,0.6420549154281616,Unknown,0.5389655232429504,NA,NA,NA,NA,NA,NA,NA,NA,NA
x4082_326_30567_3_356,326.30567,3.356,12:0,4082,Unknown,NA,C20H39NO2,[M + H]+,C20H39NO2,Unknown,0.7999484539031982,Unknown,0.7729803323745728,Unknown,0.6649428009986877,Unknown,0.5554887056350708,NA,NA,NA,NA,NA,NA,NA,NA,NA
x33290_808_7044_13_945,808.7044,13.945,12:0,33290,Triacylglycerols,NA,C49H93NO7,[M + H]+,C49H93NO7,Fatty acids,0.9992565512657166,Glycerolipids,0.960954248905182,Triacylglycerols,0.9962789416313172,Triacylglycerols,0.983876883983612,NA,NA,NA,NA,NA,NA,NA,NA,NA
x1079_366_2661_1_368,366.2661,1.368,12:0,1079,Unknown,NA,C19H32FN5O,[M + H]+,C19H32FN5O,Unknown,0.5103363394737244,Unknown,0.26201486587524414,Unknown,0.0301401074975729,Unknown,0.6772653460502625,NA,NA,NA,NA,NA,NA,NA,NA,NA
x1758_364_28505_1_809,364.28505,1.809,12:0,1758,Unknown,NA,C22H37NO3,[M + H]+,C22H37NO3,Unknown,0.713521420955658,Unknown,0.6387182474136353,Unknown,0.07083267718553543,Unknown,0.8309544324874878,NA,NA,NA,NA,NA,NA,NA,NA,NA
x3970_364_28474_3_278,364.28474,3.278,12:0,3970,Unknown,NA,C22H37NO3,[M + H]+,C22H37NO3,Unknown,0.6933693885803223,Unknown,0.5458899736404419,Unknown,0.33506816625595093,Unknown,0.5741718411445618,NA,NA,NA,NA,NA,NA,NA,NA,NA
x1238_340_28439_1_552,340.28439,1.552,12:0,1238,Unknown,NA,C20H37NO3,[M + H]+,C20H37NO3,Fatty acids,0.9042922258377076,Unknown,0.5257429480552673,Unknown,0.2571399211883545,Unknown,0.575635552406311,NA,NA,NA,NA,NA,NA,NA,NA,NA
x7986_488_4481_4_556,488.4481,4.556,12:0,7986,Unknown,NA,C32H57NO2,[M + H]+,C32H57NO2,Unknown,0.6574288606643677,Unknown,0.2708836793899536,Unknown,0.12026545405387878,Unknown,0.7837759256362915,NA,NA,NA,NA,NA,NA,NA,NA,NA
x7698_407_36701_4_428,407.36701,4.428,12:0,7698,Unknown,NA,C30H46,[M + H]+,C30H46,Terpenoids,0.9962169528007508,Unknown,0.6956942081451416,Unknown,0.11508136242628098,Unknown,0.5541766285896301,NA,NA,NA,NA,NA,NA,NA,NA,NA
x28920_628_55287_12_972,628.55287,12.972,12:0,28920,Unknown,NA,NA,NA,NA,Unknown,NA,Unknown,NA,Unknown,NA,Unknown,NA,NA,NA,NA,NA,NA,NA,NA,NA,NA
x28446_704_57966_12_847,704.57966,12.847,12:0,28446,Unknown,NA,C43H77NO6,[M + H]+,C43H77NO6,Fatty acids,0.9973363280296326,Unknown,0.7362098693847656,Unknown,0.7703539729118347,Unknown,0.7570916414260864,NA,NA,NA,NA,NA,NA,NA,NA,NA
x29239_730_59641_13_089,730.59641,13.089,12:0,29239,Unknown,NA,NA,NA,NA,Unknown,NA,Unknown,NA,Unknown,NA,Unknown,NA,NA,NA,NA,NA,NA,NA,NA,NA,NA
x7035_375_30577_4_226,375.30577,4.226,12:0,7035,Unknown,NA,C28H38,[M + H]+,C28H38,Terpenoids,0.9806733131408693,Unknown,0.434401422739029,Unknown,0.11661671847105026,Unknown,0.5956069231033325,NA,NA,NA,NA,NA,NA,NA,NA,NA
x5474_273_25697_3_785,273.25697,3.785,12:0,5474,Unknown,NA,C20H32,[M + H]+,C20H32,Terpenoids,0.9954036474227904,Unknown,0.8329828381538391,Unknown,0.06190851703286171,Diterpenoids,0.8730137944221497,NA,NA,NA,NA,NA,NA,NA,NA,NA
x2940_370_27309_2_755,370.27309,2.755,12:0,2940,Unknown,NA,C24H35NO2,[M + H]+,C24H35NO2,Unknown,0.1889330893754959,Unknown,0.3117891550064087,Unknown,0.292229026556015,Unknown,0.5939581990242004,NA,NA,NA,NA,NA,NA,NA,NA,NA
x8228_336_29027_4_618,336.29027,4.618,12:0,8228,Unknown,NA,C21H37NO2,[M + H]+,C21H37NO2,Fatty acids,0.9875255823135376,Unknown,0.758506178855896,Unknown,0.5140277147293091,Unknown,0.8048707246780396,NA,NA,NA,NA,NA,NA,NA,NA,NA
x29670_680_58079_13_147,680.58079,13.147,12:0,29670,Unknown,NA,C41H77NO6,[M + H]+,C41H77NO6,Fatty acids,0.9990851879119872,Unknown,0.4944173991680145,Unknown,0.5709049105644226,Unknown,0.6566332578659058,NA,NA,NA,NA,NA,NA,NA,NA,NA
x1090_334_27398_1_45,334.27398,1.45,12:0,1090,Unknown,NA,C21H35NO2,[M + H]+,C21H35NO2,Unknown,0.8069276809692383,Unknown,0.6461229920387268,Unknown,0.293880432844162,Unknown,0.6253222823143005,NA,NA,NA,NA,NA,NA,NA,NA,NA
x3710_376_28614_3_171,376.28614,3.171,12:0,3710,Unknown,NA,C23H37NO3,[M + H]+,C23H37NO3,Fatty acids,0.9602731466293336,Unknown,0.7906264066696167,Unknown,0.316042423248291,Unknown,0.8419117331504822,NA,NA,NA,NA,NA,NA,NA,NA,NA
x23957_600_49723_11_631,600.49723,11.631,12:0,23957,Unknown,NA,C38H65NO4,[M + H]+,C38H65NO4,Fatty acids,0.9644195437431335,Unknown,0.4149759709835053,Unknown,0.235072523355484,Unknown,0.5747503638267517,NA,NA,NA,NA,NA,NA,NA,NA,NA
x3218_322_27338_2_994,322.27338,2.994,12:0,3218,Unknown,NA,C20H35NO2,[M + H]+,C20H35NO2,Fatty acids,0.9676217436790466,Unknown,0.5585718154907227,Unknown,0.6062847375869751,Unknown,0.5273629426956177,NA,NA,NA,NA,NA,NA,NA,NA,NA
x10634_359_27482_5_511,359.27482,5.511,12:0,10634,Unknown,NA,C27H34,[M + H]+,C27H34,Terpenoids,0.9943162798881532,Unknown,0.6571029424667358,Unknown,0.6590132713317871,Unknown,0.6762775778770447,NA,NA,NA,NA,NA,NA,NA,NA,NA
x6868_273_2556_4_146,273.2556,4.146,12:0,6868,Unknown,NA,NA,NA,NA,Unknown,NA,Unknown,NA,Unknown,NA,Unknown,NA,NA,NA,NA,NA,NA,NA,NA,NA,NA
x14958_550_4477_7_299,550.4477,7.299,12:0,14958,Unknown,NA,NA,NA,NA,Unknown,NA,Unknown,NA,Unknown,NA,Unknown,NA,NA,NA,NA,NA,NA,NA,NA,NA,NA
x2256_326_30529_2_361,326.30529,2.361,12:0,2256,Unknown,NA,C20H39NO2,[M + H]+,C20H39NO2,Fatty acids,0.9684605598449708,Fatty amides,0.9205020666122437,Unknown,0.7336453199386597,Unknown,0.6175275444984436,NA,NA,NA,NA,NA,NA,NA,NA,NA
x647_378_23136_1_159,378.23136,1.159,12:0,647,Unknown,NA,C20H31BO6,[M + H]+,C20H31BO6,Terpenoids,0.982016384601593,Unknown,0.20147351920604703,Unknown,0.2915041446685791,Unknown,0.8431678414344788,NA,NA,NA,NA,NA,NA,NA,NA,NA
x2974_424_3205_2_901,424.3205,2.901,12:0,2974,Unknown,NA,C28H41NO2,[M + H]+,C28H41NO2,Unknown,0.7260320782661438,Unknown,0.3946690261363983,Unknown,0.6159232258796692,Unknown,0.7523818612098694,NA,NA,NA,NA,NA,NA,NA,NA,NA
x3799_384_29177_3_24,384.29177,3.24,12:0,3799,Unknown,NA,C22H38FNO3,[M + H]+,C22H38FNO3,Unknown,0.6941186189651489,Unknown,0.7333600521087646,Unknown,0.3424397110939026,Unknown,0.6174956560134888,NA,NA,NA,NA,NA,NA,NA,NA,NA
x39847_822_75508_16_151,822.75508,16.151,14:0,39847,Triacylglycerols,TAG(16:0/16:0/16:1) / TAG(16:0/14:0/18:1) [M+NH4]+,C47H95N7O4,[M + H]+,C47H95N7O4,Fatty acids,0.9883964657783508,Unknown,0.833619236946106,Unknown,0.8350656628608704,Fatty acid esters,0.973231554031372,NA,NA,NA,NA,NA,Glycerolipid,Triacylglycerols,Triacylglycerols,TAG(16:0/16:0/16:1) / TAG(16:0/14:0/18:1) [M+NH4]+
x38192_818_72388_15_459,818.72388,15.459,14:0,38192,Triacylglycerols,TAG(14:0/16:0/18:3) [M+NH4]+,NA,NA,NA,Unknown,NA,Unknown,NA,Unknown,NA,Unknown,NA,NA,NA,NA,NA,NA,Glycerolipid,Triacylglycerols,Triacylglycerols,TAG(14:0/16:0/18:3) [M+NH4]+
x38869_820_73925_15_735,820.73925,15.735,14:0,38869,Triacylglycerols,TAG(14:0/16:1/18:1) / TAG(14:0/16:0/18:2) [M+NH4]+,C47H93N7O4,[M + H]+,C47H93N7O4,Fatty acids,0.9879109859466552,Unknown,0.6981591582298279,Unknown,0.45715561509132385,Unknown,0.5531683564186096,NA,NA,NA,NA,NA,Glycerolipid,Triacylglycerols,Triacylglycerols,TAG(14:0/16:1/18:1) / TAG(14:0/16:0/18:2) [M+NH4]+
x38830_794_72361_15_716,794.72361,15.716,14:0,38830,Triacylglycerols,TAG(14:0/16:0/16:1) / TAG(14:0/14:0/18:1) [M+NH4]+,C45H91N7O4,[M + H]+,C45H91N7O4,Fatty acids,0.9535006880760192,Unknown,0.43772438168525696,Unknown,0.08050201088190079,Unknown,0.5054032206535339,NA,NA,NA,NA,NA,Glycerolipid,Triacylglycerols,Triacylglycerols,TAG(14:0/16:0/16:1) / TAG(14:0/14:0/18:1) [M+NH4]+
x36913_790_69265_14_973,790.69265,14.973,14:0,36913,Triacylglycerols,TAG(14:0/16:1/16:2) [M+NH4]+,C47H93NO6,[M + Na]+,C47H93NO6,Fatty acids,0.9995914101600648,Glycerolipids,0.984402060508728,Triacylglycerols,0.9969837069511414,Triacylglycerols,0.9530778527259828,NA,NA,NA,NA,NA,Glycerolipid,Triacylglycerols,Triacylglycerols,TAG(14:0/16:1/16:2) [M+NH4]+
x38023_822_75443_15_401,822.75443,15.401,14:0,38023,Triacylglycerols,TAG(16:0/16:0/16:1) / TAG(16:0/14:0/18:1) [M+NH4]+,C49H101NO6,[M + Na]+,C49H101NO6,Fatty acids,0.9999769926071168,Glycerolipids,0.9990373849868774,Triacylglycerols,0.9999691247940063,Triacylglycerols,0.9942704439163208,NA,NA,NA,NA,NA,Glycerolipid,Triacylglycerols,Triacylglycerols,TAG(16:0/16:0/16:1) / TAG(16:0/14:0/18:1) [M+NH4]+
x37726_792_70779_15_276,792.70779,15.276,14:0,37726,Triacylglycerols,TAG(14:0/16:1/16:1) / TAG(14:0/14:0/18:2) [M+NH4]+,C49H93NO6,[M + H]+,C49H93NO6,Fatty acids,0.9997172951698304,Glycerolipids,0.9960541725158693,Triacylglycerols,0.9998701810836792,Triacylglycerols,0.9991590976715088,NA,NA,NA,NA,NA,Glycerolipid,Triacylglycerols,Triacylglycerols,TAG(14:0/16:1/16:1) / TAG(14:0/14:0/18:2) [M+NH4]+
x37248_816_70805_15_098,816.70805,15.098,14:0,37248,Triacylglycerols,TAG(14:0/16:0/18:4) [M+NH4]+,NA,NA,NA,Unknown,NA,Unknown,NA,Unknown,NA,Unknown,NA,NA,NA,NA,NA,NA,Glycerolipid,Triacylglycerols,Triacylglycerols,TAG(14:0/16:0/18:4) [M+NH4]+
x37644_766_69228_15_242,766.69228,15.242,14:0,37644,Triacylglycerols,TAG(14:0/14:0/16:1) [M+NH4]+,NA,NA,NA,Unknown,NA,Unknown,NA,Unknown,NA,Unknown,NA,NA,NA,NA,NA,NA,Glycerolipid,Triacylglycerols,Triacylglycerols,TAG(14:0/14:0/16:1) [M+NH4]+
x37493_794_72212_15_188,794.72212,15.188,14:0,37493,Triacylglycerols,TAG(14:0/16:0/16:1) / TAG(14:0/14:0/18:1) [M+NH4]+,C45H91N7O4,[M + H]+,C45H91N7O4,Fatty acids,0.9332886338233948,Unknown,0.18018610775470736,Unknown,0.05077216401696205,Unknown,0.7192853093147278,NA,NA,NA,NA,NA,Glycerolipid,Triacylglycerols,Triacylglycerols,TAG(14:0/16:0/16:1) / TAG(14:0/14:0/18:1) [M+NH4]+
x39895_796_73948_16_172,796.73948,16.172,14:0,39895,Triacylglycerols,TAG(14:0/16:0/16:0) [M+NH4]+,C23H12Cl4I2N2O2S,[M + Na]+,C23H12Cl4I2N2O2S,Alkaloids,0.995740294456482,Unknown,0.7776298522949219,Pyrrole alkaloids,0.9305726289749146,Unknown,0.7936344146728516,NA,NA,NA,NA,NA,Glycerolipid,Triacylglycerols,Triacylglycerols,TAG(14:0/16:0/16:0) [M+NH4]+
x38867_768_70791_15_73,768.70791,15.73,14:0,38867,Triacylglycerols,TAG(14:0/14:0/16:0) [M+NH4]+,NA,NA,NA,Unknown,NA,Unknown,NA,Unknown,NA,Unknown,NA,NA,NA,NA,NA,NA,Glycerolipid,Triacylglycerols,Triacylglycerols,TAG(14:0/14:0/16:0) [M+NH4]+
x37681_740_67655_15_252,740.67655,15.252,14:0,37681,Triacylglycerols,TAG(14:0/14:0/14:0) [M+NH4]+,NA,NA,NA,Unknown,NA,Unknown,NA,Unknown,NA,Unknown,NA,NA,NA,NA,NA,NA,Glycerolipid,Triacylglycerols,Triacylglycerols,TAG(14:0/14:0/14:0) [M+NH4]+
x37512_768_70614_15_195,768.70614,15.195,14:0,37512,Triacylglycerols,TAG(14:0/14:0/16:0) [M+NH4]+,NA,NA,NA,Unknown,NA,Unknown,NA,Unknown,NA,Unknown,NA,NA,NA,NA,NA,NA,Glycerolipid,Triacylglycerols,Triacylglycerols,TAG(14:0/14:0/16:0) [M+NH4]+
x37742_818_72331_15_285,818.72331,15.285,14:0,37742,Triacylglycerols,TAG(14:0/16:1/18:2) [M+NH4]+,C46H89N11,[M + Na]+,C46H89N11,Alkaloids,0.9930106997489928,Unknown,0.30088362097740173,Unknown,0.2476552426815033,Heteroaromatic compounds,0.9922296404838562,NA,NA,NA,NA,NA,Glycerolipid,Triacylglycerols,Triacylglycerols,TAG(14:0/16:1/18:2) [M+NH4]+
x36387_764_67681_14_807,764.67681,14.807,14:0,36387,Triacylglycerols,TAG(14:0/14:0/16:2) / (12:0/16:0/16:2) [M+NH4]+,NA,NA,NA,Unknown,NA,Unknown,NA,Unknown,NA,Unknown,NA,NA,NA,NA,NA,NA,Glycerolipid,Triacylglycerols,Triacylglycerols,TAG(14:0/14:0/16:2) / (12:0/16:0/16:2) [M+NH4]+
x36195_738_66123_14_743,738.66123,14.743,14:0,36195,Triacylglycerols,TAG(12:0/14:0/16:1) / TAG(12:0/14:1/16:0) / TAG(10:0/16:0/16:1) [M+NH4]+,NA,NA,NA,Unknown,NA,Unknown,NA,Unknown,NA,Unknown,NA,NA,NA,NA,NA,NA,Glycerolipid,Triacylglycerols,Triacylglycerols,TAG(12:0/14:0/16:1) / TAG(12:0/14:1/16:0) / TAG(10:0/16:0/16:1) [M+NH4]+
x35350_790_69172_14_469,790.69172,14.469,14:0,35350,Triacylglycerols,TAG(14:0/16:1/16:2) [M+NH4]+,C47H93NO6,[M + Na]+,C47H93NO6,Fatty acids,0.9995504021644592,Glycerolipids,0.9736908674240112,Triacylglycerols,0.9864396452903748,Unknown,0.635891854763031,NA,NA,NA,NA,NA,Glycerolipid,Triacylglycerols,Triacylglycerols,TAG(14:0/16:1/16:2) [M+NH4]+
x36153_766_69146_14_734,766.69146,14.734,14:0,36153,Triacylglycerols,TAG(14:0/14:0/16:1) [M+NH4]+,C43H87N7O4,[M + H]+,C43H87N7O4,Fatty acids,0.8722700476646423,Unknown,0.19883747398853305,Unknown,0.06746068596839905,Unknown,0.5412127375602722,NA,NA,NA,NA,NA,Glycerolipid,Triacylglycerols,Triacylglycerols,TAG(14:0/14:0/16:1) [M+NH4]+
x36211_712_64567_14_744,712.64567,14.744,14:0,36211,Triacylglycerols,TAG(12:0/14:0/14:0) [M+NH4]+,NA,NA,NA,Unknown,NA,Unknown,NA,Unknown,NA,Unknown,NA,NA,NA,NA,NA,NA,Glycerolipid,Triacylglycerols,Triacylglycerols,TAG(12:0/14:0/14:0) [M+NH4]+
x36173_740_67585_14_735,740.67585,14.735,14:0,36173,Triacylglycerols,TAG(14:0/14:0/14:0) [M+NH4]+,NA,NA,NA,Unknown,NA,Unknown,NA,Unknown,NA,Unknown,NA,NA,NA,NA,NA,NA,Glycerolipid,Triacylglycerols,Triacylglycerols,TAG(14:0/14:0/14:0) [M+NH4]+
x36292_792_70748_14_778,792.70748,14.778,14:0,36292,Triacylglycerols,TAG(14:0/16:1/16:1) / TAG(14:0/14:0/18:2) [M+NH4]+,C47H95NO6,[M + Na]+,C47H95NO6,Fatty acids,0.9997286200523376,Glycerolipids,0.988597333431244,Triacylglycerols,0.9967183470726012,Triacylglycerols,0.9772776365280152,NA,NA,NA,NA,NA,Glycerolipid,Triacylglycerols,Triacylglycerols,TAG(14:0/16:1/16:1) / TAG(14:0/14:0/18:2) [M+NH4]+
x3824_316_32132_3_236,316.32132,3.236,14:0,3824,Unknown,NA,C19H41NO2,[M + H]+,C19H41NO2,Fatty acids,0.991554081439972,Unknown,0.7408674955368042,Unknown,0.6618567705154419,"1,2-aminoalcohols",0.8537805080413818,NA,NA,NA,NA,NA,NA,NA,NA,NA
x34276_710_6297_14_209,710.6297,14.209,14:0,34276,Unknown,NA,NA,NA,NA,Unknown,NA,Unknown,NA,Unknown,NA,Unknown,NA,NA,NA,NA,NA,NA,NA,NA,NA,NA
x34047_788_67709_14_1,788.67709,14.1,14:0,34047,Unknown,NA,C49H89NO6,[M + H]+,C49H89NO6,Fatty acids,0.9973605275154114,Unknown,0.6342211961746216,Unknown,0.7647942900657654,N-acyl amines,0.9137929081916808,NA,NA,NA,NA,NA,NA,NA,NA,NA
x39029_808_77631_15_792,808.77631,15.792,14:0,39029,Triacylglycerols,NA,C51H98O5,[M + H3N + H]+,C51H101NO5,Fatty acids,0.9996849298477172,Glycerolipids,0.9994962215423584,Triacylglycerols,0.9994887113571168,Triacylglycerols,0.9720635414123536,NA,NA,NA,NA,NA,NA,NA,NA,NA
x34428_712_64537_14_245,712.64537,14.245,14:0,34428,Triacylglycerols,TAG(12:0/14:0/14:0) [M+NH4]+,NA,NA,NA,Unknown,NA,Unknown,NA,Unknown,NA,Unknown,NA,NA,NA,NA,NA,NA,Glycerolipid,Triacylglycerols,Triacylglycerols,TAG(12:0/14:0/14:0) [M+NH4]+
x21669_630_50796_10_315,630.50796,10.315,14:0,21669,Unknown,NA,NA,NA,NA,Unknown,NA,Unknown,NA,Unknown,NA,Unknown,NA,NA,NA,NA,NA,NA,NA,NA,NA,NA
x34743_764_67632_14_323,764.67632,14.323,14:0,34743,Triacylglycerols,TAG(14:0/14:0/16:2) / (12:0/16:0/16:2) [M+NH4]+,C47H89NO6,[M + H]+,C47H89NO6,Fatty acids,0.9992228746414183,Glycerolipids,0.9898514747619628,Triacylglycerols,0.9996339082717896,Triacylglycerols,0.9970917701721193,NA,NA,NA,NA,NA,Glycerolipid,Triacylglycerols,Triacylglycerols,TAG(14:0/14:0/16:2) / (12:0/16:0/16:2) [M+NH4]+
x38242_780_70833_15_476,780.70833,15.476,14:0,38242,Unknown,NA,C14H12I4N2O4,[M + H]+,C14H12I4N2O4,Unknown,0.6781889200210571,Small peptides,0.8578525185585022,Unknown,0.552890419960022,Unknown,0.7104223966598511,NA,NA,NA,NA,NA,NA,NA,NA,NA
x12395_452_35157_6_187,452.35157,6.187,14:0,12395,Unknown,NA,C30H45NO2,[M + H]+,C30H45NO2,Unknown,0.5603600740432739,Unknown,0.34130504727363586,Unknown,0.4211167097091675,Unknown,0.7442737817764282,NA,NA,NA,NA,NA,NA,NA,NA,NA
x34568_738_66107_14_276,738.66107,14.276,14:0,34568,Triacylglycerols,TAG(12:0/14:0/16:1) / TAG(12:0/14:1/16:0) / TAG(10:0/16:0/16:1) [M+NH4]+,NA,NA,NA,Unknown,NA,Unknown,NA,Unknown,NA,Unknown,NA,NA,NA,NA,NA,NA,Glycerolipid,Triacylglycerols,Triacylglycerols,TAG(12:0/14:0/16:1) / TAG(12:0/14:1/16:0) / TAG(10:0/16:0/16:1) [M+NH4]+
x26410_616_56642_12_334,616.56642,12.334,14:0,26410,Unknown,NA,C40H73NO3,[M + H]+,C40H73NO3,Fatty acids,0.984906792640686,Unknown,0.7238919138908386,Unknown,0.6154646873474121,N-acyl amines,0.9117761850357056,NA,NA,NA,NA,NA,NA,NA,NA,NA
x34204_684_61583_14_171,684.61583,14.171,14:0,34204,Unknown,NA,NA,NA,NA,Unknown,NA,Unknown,NA,Unknown,NA,Unknown,NA,NA,NA,NA,NA,NA,NA,NA,NA,NA
x5208_330_33679_3_691,330.33679,3.691,14:0,5208,Unknown,NA,C20H43NO2,[M + H]+,C20H43NO2,Fatty acids,0.9988064765930176,Unknown,0.8222464323043823,Unknown,0.20492351055145264,Unknown,0.6272478103637695,NA,NA,NA,NA,NA,NA,NA,NA,NA
x37578_828_74395_15_233,828.74395,15.233,14:0,37578,Unknown,NA,NA,NA,NA,Unknown,NA,Unknown,NA,Unknown,NA,Unknown,NA,NA,NA,NA,NA,NA,NA,NA,NA,NA
x38252_810_75471_15_538,810.75471,15.538,14:0,38252,Triacylglycerols,NA,C50H99NO6,[M + H]+,C50H99NO6,Fatty acids,0.999036431312561,Glycerolipids,0.9472678303718568,Triacylglycerols,0.995267927646637,Unknown,0.547029972076416,NA,NA,NA,NA,NA,NA,NA,NA,NA
x4631_511_37419_3_515,511.37419,3.515,14:0,4631,Unknown,NA,C28H50N2O6,[M + H]+,C28H50N2O6,Unknown,0.4470120370388031,Unknown,0.3122207820415497,Unknown,0.4902574419975281,Amino acids and derivatives,0.886044979095459,NA,NA,NA,NA,NA,NA,NA,NA,NA
x4098_314_30554_3_347,314.30554,3.347,14:0,4098,Unknown,NA,C19H39NO2,[M + H]+,C19H39NO2,Unknown,0.8497189283370972,Unknown,0.5298484563827515,Unknown,0.15725135803222656,Unknown,0.619819700717926,NA,NA,NA,NA,NA,NA,NA,NA,NA
x4028_416_30125_3_321,416.30125,3.321,14:0,4028,Unknown,NA,C22H41NO6,[M + H]+,C22H41NO6,Unknown,0.35448822379112244,Unknown,0.2066647857427597,Unknown,0.3772532045841217,Unknown,0.6399452090263367,NA,NA,NA,NA,NA,NA,NA,NA,NA
x37746_782_72212_15_293,782.72212,15.293,14:0,37746,Unknown,NA,C44H91N7O4,[M + H]+,C44H91N7O4,Fatty acids,0.9140575528144836,Unknown,0.1356346160173416,Unknown,0.20695751905441284,Unknown,0.6959962248802185,NA,NA,NA,NA,NA,NA,NA,NA,NA
x13681_391_33628_6_723,391.33628,6.723,14:0,13681,Unknown,NA,C29H42,[M + H]+,C29H42,Terpenoids,0.9974141120910645,Unknown,0.07703055441379547,Unknown,0.02763130329549312,Unknown,0.7415968775749207,NA,NA,NA,NA,NA,NA,NA,NA,NA
x20925_580_49296_9_91,580.49296,9.91,14:0,20925,Diacylglycerols,DAG(14:0/18:3) [M+NH4]+,NA,NA,NA,Unknown,NA,Unknown,NA,Unknown,NA,Unknown,NA,NA,NA,NA,NA,NA,Glycerolipid,Diacylglycerols,Diacylglycerols,DAG(14:0/18:3) [M+NH4]+
x38121_754_69326_15_437,754.69326,15.437,14:0,38121,Triacylglycerols,NA,C46H91NO6,[M + H]+,C46H91NO6,Fatty acids,0.9997716546058656,Glycerolipids,0.998277187347412,Triacylglycerols,0.999832272529602,Triacylglycerols,0.9992701411247252,NA,NA,NA,NA,NA,NA,NA,NA,NA
x4106_499_3757_3_35,499.3757,3.35,14:0,4106,Unknown,NA,C27H50N2O6,[M + H]+,C27H50N2O6,Unknown,0.8094836473464966,Unknown,0.5522708296775818,Unknown,0.40532445907592773,Unknown,0.7746094465255737,NA,NA,NA,NA,NA,NA,NA,NA,NA
x36840_794_72207_14_99,794.72207,14.99,14:0,36840,Triacylglycerols,TAG(14:0/16:0/16:1) / TAG(14:0/14:0/18:1) [M+NH4]+,NA,NA,NA,Unknown,NA,Unknown,NA,Unknown,NA,Unknown,NA,NA,NA,NA,NA,NA,Glycerolipid,Triacylglycerols,Triacylglycerols,TAG(14:0/16:0/16:1) / TAG(14:0/14:0/18:1) [M+NH4]+
x40938_1148_97752_16_726,1148.97752,16.726,14:0,40938,Triacylglycerols,NA,C71H131NO8,[M + Na]+,C71H131NO8,Fatty acids,0.9993465542793274,Unknown,0.33042848110198975,Triacylglycerols,0.8561814427375793,Unknown,0.6525881290435791,NA,NA,NA,NA,NA,NA,NA,NA,NA
x41327_1074_96491_17_039,1074.96491,17.039,14:0,41327,Triacylglycerols,NA,C67H127NO8,[M + H]+,C67H127NO8,Fatty acids,0.9996292591094972,Glycerolipids,0.9985170960426332,Triacylglycerols,0.99999737739563,Triacylglycerols,0.9999954700469972,NA,NA,NA,NA,NA,NA,NA,NA,NA
x6519_328_32138_4_097,328.32138,4.097,14:0,6519,Unknown,NA,C20H41NO2,[M + H]+,C20H41NO2,Fatty acids,0.8814877867698669,Fatty amides,0.8692132830619812,Unknown,0.4760517477989197,N-acyl amines,0.9423084855079652,NA,NA,NA,NA,NA,NA,NA,NA,NA
x41068_1098_96325_16_838,1098.96325,16.838,14:0,41068,Triacylglycerols,NA,C69H127NO8,[M + H]+,C69H127NO8,Fatty acids,0.9968520998954772,Unknown,0.8283824324607849,Triacylglycerols,0.9881845712661744,N-acyl amines,0.9843005537986756,NA,NA,NA,NA,NA,NA,NA,NA,NA
x37667_780_7068_15_271,780.7068,15.271,14:0,37667,Triacylglycerols,NA,C48H93NO6,[M + H]+,C48H93NO6,Fatty acids,0.9986966252326964,Unknown,0.8459813594818115,Triacylglycerols,0.9208430051803588,N-acyl amines,0.9260932207107544,NA,NA,NA,NA,NA,NA,NA,NA,NA
x27366_614_54959_12_594,614.54959,12.594,14:0,27366,Unknown,NA,C40H71NO3,[M + H]+,C40H71NO3,Fatty acids,0.9355329871177672,Unknown,0.2614687383174896,Unknown,0.10462025552988052,Unknown,0.8011114597320557,NA,NA,NA,NA,NA,NA,NA,NA,NA
x40421_1146_96127_16_426,1146.96127,16.426,14:0,40421,Unknown,NA,C38H19F21O9S4,[M + H]+,C38H19F21O9S4,Unknown,0.4922564923763275,Unknown,0.3936108648777008,Unknown,0.1250263899564743,Unknown,0.5042053461074829,NA,NA,NA,NA,NA,NA,NA,NA,NA
x41501_1102_99526_17_158,1102.99526,17.158,14:0,41501,Unknown,NA,NA,NA,NA,Unknown,NA,Unknown,NA,Unknown,NA,Unknown,NA,NA,NA,NA,NA,NA,NA,NA,NA,NA
x34031_762_66149_14_199,762.66149,14.199,14:0,34031,Triacylglycerols,TAG(12:0/14:0/18:3) / TAG(14:0/14:0/16:3) [M+NH4]+,C47H87NO6,[M + H]+,C47H87NO6,Fatty acids,0.9971922039985656,Unknown,0.5304113626480103,Unknown,0.5366241335868835,N-acyl amines,0.9398900270462036,NA,NA,NA,NA,NA,Glycerolipid,Triacylglycerols,Triacylglycerols,TAG(12:0/14:0/18:3) / TAG(14:0/14:0/16:3) [M+NH4]+
x36754_780_70808_14_971,780.70808,14.971,14:0,36754,Unknown,NA,NA,NA,NA,Unknown,NA,Unknown,NA,Unknown,NA,Unknown,NA,NA,NA,NA,NA,NA,NA,NA,NA,NA
x28570_738_62556_12_908,738.62556,12.908,14:0,28570,Unknown,NA,C44H83NO7,[M + H]+,C44H83NO7,Fatty acids,0.9856457114219666,Sphingolipids,0.9875528812408448,Unknown,0.29706159234046936,N-acyl amines,0.942265808582306,NA,NA,NA,NA,NA,NA,NA,NA,NA
x2606_382_29533_2_57,382.29533,2.57,14:0,2606,Unknown,NA,C22H39NO4,[M + H]+,C22H39NO4,Unknown,0.7704703211784363,Unknown,0.23477180302143097,Unknown,0.4442164897918701,Unknown,0.63822340965271,NA,NA,NA,NA,NA,NA,NA,NA,NA
x23731_586_5214_11_481,586.5214,11.481,14:0,23731,Unknown,NA,C38H67NO3,[M + H]+,C38H67NO3,Fatty acids,0.9809650778770448,Unknown,0.5737617015838623,Unknown,0.23148302733898163,N-acyl amines,0.988545835018158,NA,NA,NA,NA,NA,NA,NA,NA,NA
x8202_484_41591_4_603,484.41591,4.603,14:0,8202,Unknown,NA,C32H53NO2,[M + H]+,C32H53NO2,Unknown,0.7650749087333679,Unknown,0.8009911179542542,Unknown,0.39199844002723694,Unknown,0.6999388933181763,NA,NA,NA,NA,NA,NA,NA,NA,NA
x41618_1076_98308_17_372,1076.98308,17.372,14:0,41618,Triacylglycerols,NA,C67H129NO8,[M + H]+,C67H129NO8,Fatty acids,0.99983549118042,Glycerolipids,0.9994891881942748,Triacylglycerols,0.9999983310699464,Triacylglycerols,0.9999754428863524,NA,NA,NA,NA,NA,NA,NA,NA,NA
x40927_782_76171_16_727,782.76171,16.727,14:0,40927,Unknown,NA,NA,NA,NA,Unknown,NA,Unknown,NA,Unknown,NA,Unknown,NA,NA,NA,NA,NA,NA,NA,NA,NA,NA
x4686_326_30551_3_539,326.30551,3.539,14:0,4686,Unknown,NA,C20H39NO2,[M + H]+,C20H39NO2,Fatty acids,0.8669196963310242,Unknown,0.6762512922286987,Unknown,0.5823794007301331,"1,2-aminoalcohols",0.8686177134513855,NA,NA,NA,NA,NA,NA,NA,NA,NA
x24143_588_53511_11_655,588.53511,11.655,14:0,24143,Unknown,NA,C38H69NO3,[M + H]+,C38H69NO3,Fatty acids,0.972873330116272,Unknown,0.56433868408203125,Unknown,0.21277360618114471,Unknown,0.7264190316200256,NA,NA,NA,NA,NA,NA,NA,NA,NA
x4713_314_3052_3_499,314.3052,3.499,14:0,4713,Unknown,NA,C19H39NO2,[M + H]+,C19H39NO2,Unknown,0.7510433793067932,Unknown,0.8434604406356812,Unknown,0.4478428065776825,N-acyl amines,0.9226366877555848,NA,NA,NA,NA,NA,NA,NA,NA,NA
x31641_656_5845_13_609,656.5845,13.609,14:0,31641,Unknown,NA,C38H75N5O2,[M + Na]+,C38H75N5O2,Unknown,0.7215563654899597,Unknown,0.5205098986625671,Unknown,0.8389806747436523,N-acyl amines,0.9262046813964844,NA,NA,NA,NA,NA,NA,NA,NA,NA
x26420_642_58364_12_358,642.58364,12.358,14:0,26420,Unknown,NA,C42H75NO3,[M + H]+,C42H75NO3,Fatty acids,0.9981905817985536,Unknown,0.6888481378555298,Unknown,0.538344144821167,N-acyl amines,0.9888955354690552,NA,NA,NA,NA,NA,NA,NA,NA,NA
x5968_456_38482_3_914,456.38482,3.914,14:0,5968,Unknown,NA,C30H49NO2,[M + H]+,C30H49NO2,Terpenoids,0.9299365282058716,Unknown,0.8395252823829651,Unknown,0.8403705358505249,Unknown,0.7090803384780884,NA,NA,NA,NA,NA,NA,NA,NA,NA
x35588_740_65656_14_543,740.65656,14.543,14:0,35588,Unknown,NA,C48H85NO4,[M + H]+,C48H85NO4,Fatty acids,0.9878910779953004,Unknown,0.42010053992271423,Unknown,0.45910319685935974,Unknown,0.5138809084892273,NA,NA,NA,NA,NA,NA,NA,NA,NA
x34391_738_6409_14_209,738.6409,14.209,14:0,34391,Unknown,NA,C48H83NO4,[M + H]+,C48H83NO4,Unknown,0.8415698409080505,Unknown,0.5281943678855896,Unknown,0.38165536522865295,Unknown,0.5363547801971436,NA,NA,NA,NA,NA,NA,NA,NA,NA
x3884_336_28968_3_253,336.28968,3.253,14:0,3884,Unknown,NA,C21H37NO2,[M + H]+,C21H37NO2,Unknown,0.7727702260017395,Unknown,0.530264139175415,Unknown,0.15518182516098022,Unknown,0.7476646304130554,NA,NA,NA,NA,NA,NA,NA,NA,NA
x39087_782_76131_15_819,782.76131,15.819,14:0,39087,Unknown,NA,NA,NA,NA,Unknown,NA,Unknown,NA,Unknown,NA,Unknown,NA,NA,NA,NA,NA,NA,NA,NA,NA,NA
x31062_780_67594_13_46,780.67594,13.46,14:0,31062,Unknown,NA,C21H22Br6O2,[M + H]+,C21H22Br6O2,Unknown,0.34827500581741333,Unknown,0.2759585380554199,Unknown,0.8223947286605835,Aryl bromides,0.9493053555488586,NA,NA,NA,NA,NA,NA,NA,NA,NA
x36683_754_69205_14_946,754.69205,14.946,14:0,36683,Triacylglycerols,NA,C46H91NO6,[M + H]+,C46H91NO6,Fatty acids,0.9997811913490297,Glycerolipids,0.9976418018341064,Triacylglycerols,0.9998237490653992,Triacylglycerols,0.9967027306556702,NA,NA,NA,NA,NA,NA,NA,NA,NA
x21607_580_49238_10_294,580.49238,10.294,14:0,21607,Diacylglycerols,DAG(14:0/18:3) [M+NH4]+,NA,NA,NA,Unknown,NA,Unknown,NA,Unknown,NA,Unknown,NA,NA,NA,NA,NA,NA,Glycerolipid,Diacylglycerols,Diacylglycerols,DAG(14:0/18:3) [M+NH4]+
x7575_314_30543_4_5,314.30543,4.5,14:0,7575,Unknown,NA,C19H39NO2,[M + H]+,C19H39NO2,Fatty acids,0.8640233278274536,Unknown,0.7589439749717712,Unknown,0.15643355250358582,Alpha amino acids,0.9304813146591188,NA,NA,NA,NA,NA,NA,NA,NA,NA
x6348_406_3685_4_054,406.3685,4.054,14:0,6348,Unknown,NA,C26H47NO2,[M + H]+,C26H47NO2,Fatty acids,0.9893688559532166,Fatty amides,0.8804796934127808,Unknown,0.7236568331718445,N-acyl amines,0.9827197790145874,NA,NA,NA,NA,NA,NA,NA,NA,NA
x4082_326_30567_3_356,326.30567,3.356,14:0,4082,Unknown,NA,C20H39NO2,[M + H]+,C20H39NO2,Unknown,0.7999484539031982,Unknown,0.7729803323745728,Unknown,0.6649428009986877,Unknown,0.5554887056350708,NA,NA,NA,NA,NA,NA,NA,NA,NA
x33290_808_7044_13_945,808.7044,13.945,14:0,33290,Triacylglycerols,NA,C49H93NO7,[M + H]+,C49H93NO7,Fatty acids,0.9992565512657166,Glycerolipids,0.960954248905182,Triacylglycerols,0.9962789416313172,Triacylglycerols,0.983876883983612,NA,NA,NA,NA,NA,NA,NA,NA,NA
x4910_370_29619_3_609,370.29619,3.609,14:0,4910,Unknown,NA,C21H39NO4,[M + H]+,C21H39NO4,Unknown,0.7705837488174438,Unknown,0.28567513823509216,Unknown,0.16806809604167938,Unknown,0.8235070109367371,NA,NA,NA,NA,NA,NA,NA,NA,NA
x6761_340_32125_4_092,340.32125,4.092,14:0,6761,Unknown,NA,C21H41NO2,[M + H]+,C21H41NO2,Fatty acids,0.9132570028305054,Unknown,0.8077542781829834,Unknown,0.752895176410675,Unknown,0.681812584400177,NA,NA,NA,NA,NA,NA,NA,NA,NA
x19515_592_49562_9_172,592.49562,9.172,14:0,19515,Unknown,NA,C36H65NO5,[M + H]+,C36H65NO5,Unknown,0.6922013163566589,Unknown,0.28467077016830444,Unknown,0.13209795951843262,Unknown,0.6591161489486694,NA,NA,NA,NA,NA,NA,NA,NA,NA
x38095_796_73774_15_479,796.73774,15.479,14:0,38095,Triacylglycerols,TAG(14:0/16:0/16:0) [M+NH4]+,C23H12Cl4I2N2O2S,[M + Na]+,C23H12Cl4I2N2O2S,Alkaloids,0.9967473745346068,Unknown,0.7769509553909302,Pyrrole alkaloids,0.9337414503097534,Unknown,0.7686601281166077,NA,NA,NA,NA,NA,Glycerolipid,Triacylglycerols,Triacylglycerols,TAG(14:0/16:0/16:0) [M+NH4]+
x27381_542_51665_12_563,542.51665,12.563,14:0,27381,Unknown,NA,C33H67NO4,[M + H]+,C33H67NO4,Fatty acids,0.9730062484741212,Unknown,0.6262689232826233,Unknown,0.6516851186752319,N-acyl amines,0.9128664135932922,NA,NA,NA,NA,NA,NA,NA,NA,NA
x17030_649_5183_8_162,649.5183,8.162,14:0,17030,Unknown,NA,C39H64N6O2,[M + H]+,C39H64N6O2,Alkaloids,0.8811585307121277,Unknown,0.2242099940776825,Unknown,0.311932772397995,Unknown,0.7931644320487976,NA,NA,NA,NA,NA,NA,NA,NA,NA
x24430_542_51495_11_744,542.51495,11.744,14:0,24430,Unknown,NA,NA,NA,NA,Unknown,NA,Unknown,NA,Unknown,NA,Unknown,NA,NA,NA,NA,NA,NA,NA,NA,NA,NA
x16184_528_49987_7_752,528.49987,7.752,14:0,16184,Unknown,NA,C32H65NO4,[M + H]+,C32H65NO4,Fatty acids,0.9631175994873048,Unknown,0.44016793370246887,Unknown,0.48134616017341614,Unknown,0.7524961233139038,NA,NA,NA,NA,NA,NA,NA,NA,NA
x31231_810_65997_13_497,810.65997,13.497,14:0,31231,Triacylglycerols,TAG(12:0/18:3/18:4) [M+NH4]+,C49H89NO6,[M + Na]+,C49H89NO6,Fatty acids,0.9957646131515504,Unknown,0.4039488136768341,Unknown,0.43775948882102966,Unknown,0.5597805380821228,NA,NA,NA,NA,NA,Glycerolipid,Triacylglycerols,Triacylglycerols,TAG(12:0/18:3/18:4) [M+NH4]+
x1238_340_28439_1_552,340.28439,1.552,14:0,1238,Unknown,NA,C20H37NO3,[M + H]+,C20H37NO3,Fatty acids,0.9042922258377076,Unknown,0.5257429480552673,Unknown,0.2571399211883545,Unknown,0.575635552406311,NA,NA,NA,NA,NA,NA,NA,NA,NA
x7698_407_36701_4_428,407.36701,4.428,14:0,7698,Unknown,NA,C30H46,[M + H]+,C30H46,Terpenoids,0.9962169528007508,Unknown,0.6956942081451416,Unknown,0.11508136242628098,Unknown,0.5541766285896301,NA,NA,NA,NA,NA,NA,NA,NA,NA
x26151_670_56198_12_262,670.56198,12.262,14:0,26151,Unknown,NA,C39H75NO7,[M + H]+,C39H75NO7,Fatty acids,0.9987519979476928,Sphingolipids,0.9543590545654296,Unknown,0.1786479502916336,Unknown,0.5005409121513367,NA,NA,NA,NA,NA,NA,NA,NA,NA
x22925_632_52429_11_001,632.52429,11.001,14:0,22925,Diacylglycerols,DAG(18:1/18:4) / (18:2/18:3) [M+NH4]+,NA,NA,NA,Unknown,NA,Unknown,NA,Unknown,NA,Unknown,NA,NA,NA,NA,NA,NA,Glycerolipid,Diacylglycerols,Diacylglycerols,DAG(18:1/18:4) / (18:2/18:3) [M+NH4]+
x30471_658_57607_13_27,658.57607,13.27,14:0,30471,Unknown,NA,C42H75NO4,[M + H]+,C42H75NO4,Fatty acids,0.9805244207382202,Unknown,0.22999931871891025,Unknown,0.503304660320282,Unknown,0.6127718687057495,NA,NA,NA,NA,NA,NA,NA,NA,NA
x28920_628_55287_12_972,628.55287,12.972,14:0,28920,Unknown,NA,NA,NA,NA,Unknown,NA,Unknown,NA,Unknown,NA,Unknown,NA,NA,NA,NA,NA,NA,NA,NA,NA,NA
x19119_578_47704_8_96,578.47704,8.96,14:0,19119,Diacylglycerols,DAG(14:0/18:4) [M+NH4]+,NA,NA,NA,Unknown,NA,Unknown,NA,Unknown,NA,Unknown,NA,NA,NA,NA,NA,NA,Glycerolipid,Diacylglycerols,Diacylglycerols,DAG(14:0/18:4) [M+NH4]+
x26455_628_52794_12_345,628.52794,12.345,14:0,26455,Unknown,NA,C40H69NO4,[M + H]+,C40H69NO4,Fatty acids,0.8865999579429626,Unknown,0.6443948745727539,Unknown,0.38873985409736633,Unknown,0.6071308255195618,NA,NA,NA,NA,NA,NA,NA,NA,NA
x1380_420_27651_1_574,420.27651,1.574,14:0,1380,Unknown,NA,C24H37NO5,[M + H]+,C24H37NO5,Unknown,0.2624095678329468,Unknown,0.2205885350704193,Unknown,0.14941394329071045,Unknown,0.56280916929245,NA,NA,NA,NA,NA,NA,NA,NA,NA
x24407_528_49923_11_741,528.49923,11.741,14:0,24407,Unknown,NA,C32H65NO4,[M + H]+,C32H65NO4,Fatty acids,0.9932483434677124,Fatty amides,0.903039574623108,Unknown,0.8428450226783752,Unknown,0.6535881757736206,NA,NA,NA,NA,NA,NA,NA,NA,NA
x10372_460_415_5_458,460.415,5.458,14:0,10372,Unknown,NA,C30H53NO2,[M + H]+,C30H53NO2,Unknown,0.742409348487854,Unknown,0.8430219292640686,Unknown,0.05724567547440529,Unknown,0.5420757532119751,NA,NA,NA,NA,NA,NA,NA,NA,NA
x25252_600_53655_11_976,600.53655,11.976,14:0,25252,Unknown,NA,C39H69NO3,[M + H]+,C39H69NO3,Fatty acids,0.9993358254432678,Fatty amides,0.8938996195793152,Unknown,0.6262077689170837,N-acyl amines,0.9929969906806946,NA,NA,NA,NA,NA,NA,NA,NA,NA
x39282_1098_95936_15_924,1098.95936,15.924,14:0,39282,Triacylglycerols,NA,C69H127NO8,[M + H]+,C69H127NO8,Fatty acids,0.9914523363113404,Unknown,0.7006967067718506,Triacylglycerols,0.9961270689964294,Unknown,0.6264273524284363,NA,NA,NA,NA,NA,NA,NA,NA,NA
x28482_632_55908_12_843,632.55908,12.843,14:0,28482,Unknown,NA,C40H73NO4,[M + H]+,C40H73NO4,Fatty acids,0.9970839619636536,Unknown,0.7522149682044983,Unknown,0.7342334985733032,N-acyl-alpha amino acids,0.8863692879676819,NA,NA,NA,NA,NA,NA,NA,NA,NA
x39162_1166_93304_15_835,1166.93304,15.835,14:0,39162,Unknown,NA,C74H121N5O4,[M + Na]+,C74H121N5O4,Unknown,0.7523444294929504,Unknown,0.6618621945381165,Unknown,0.35272809863090515,Unknown,0.5603817701339722,NA,NA,NA,NA,NA,NA,NA,NA,NA
x26750_928_76471_12_41,928.76471,12.41,14:0,26750,Unknown,NA,C28H20I4O4,[M + H]+,C28H20I4O4,Shikimates and Phenylpropanoids,0.9710962176322936,Unknown,0.10930414497852324,Unknown,0.2925984561443329,Unknown,0.6337369680404663,NA,NA,NA,NA,NA,NA,NA,NA,NA
x38514_1114_90259_15_583,1114.90259,15.583,14:0,38514,Unknown,NA,C54H30Br4N4O4,[M + H]+,C54H30Br4N4O4,Unknown,0.8021129369735718,Unknown,0.5070092082023621,Unknown,0.38973507285118103,Unknown,0.6193851828575134,NA,NA,NA,NA,NA,NA,NA,NA,NA
x38537_1164_91356_15_579,1164.91356,15.579,14:0,38537,Unknown,NA,C60H117N13O9,[M + H]+,C60H117N13O9,Amino acids and Peptides,0.9845178723335266,Oligopeptides,0.9603835940361024,Unknown,0.5773575305938721,Unknown,0.727475106716156,NA,NA,NA,NA,NA,NA,NA,NA,NA
x18190_522_45297_8_546,522.45297,8.546,14:0,18190,Unknown,NA,C32H59NO4,[M + H]+,C32H59NO4,Fatty acids,0.98199063539505,Unknown,0.7315708994865417,Unknown,0.3219882547855377,N-acyl amines,0.9662014245986938,NA,NA,NA,NA,NA,NA,NA,NA,NA
x17020_592_49547_8_069,592.49547,8.069,14:0,17020,Unknown,NA,C36H65NO5,[M + H]+,C36H65NO5,Fatty acids,0.9275301694869996,Unknown,0.16690251231193542,Unknown,0.10046924650669098,Amino acids and derivatives,0.967846691608429,NA,NA,NA,NA,NA,NA,NA,NA,NA
x20623_548_46837_9_822,548.46837,9.822,14:0,20623,Unknown,NA,C34H61NO4,[M + H]+,C34H61NO4,Fatty acids,0.9365426898002625,Unknown,0.5334792137145996,Unknown,0.3150516152381897,Unknown,0.5255020260810852,NA,NA,NA,NA,NA,NA,NA,NA,NA
x26175_668_5446_12_231,668.5446,12.231,14:0,26175,Unknown,NA,C39H73NO7,[M + H]+,C39H73NO7,Fatty acids,0.9690075516700744,Unknown,0.35585668683052063,Unknown,0.0908472016453743,Unknown,0.5019872188568115,NA,NA,NA,NA,NA,NA,NA,NA,NA
x8801_354_33714_4_738,354.33714,4.738,14:0,8801,Unknown,NA,C22H43NO2,[M + H]+,C22H43NO2,Fatty acids,0.8944385051727295,Unknown,0.7852526307106018,Unknown,0.576762318611145,Unknown,0.7976914644241333,NA,NA,NA,NA,NA,NA,NA,NA,NA
x8228_336_29027_4_618,336.29027,4.618,14:0,8228,Unknown,NA,C21H37NO2,[M + H]+,C21H37NO2,Fatty acids,0.9875255823135376,Unknown,0.758506178855896,Unknown,0.5140277147293091,Unknown,0.8048707246780396,NA,NA,NA,NA,NA,NA,NA,NA,NA
x38754_802_73121_15_696,802.73121,15.696,14:0,38754,Unknown,NA,NA,NA,NA,Unknown,NA,Unknown,NA,Unknown,NA,Unknown,NA,NA,NA,NA,NA,NA,NA,NA,NA,NA
x1952_378_29922_2_006,378.29922,2.006,14:0,1952,Unknown,NA,C23H39NO3,[M + H]+,C23H39NO3,Unknown,0.6931865215301514,Fatty amides,0.867438554763794,Unknown,0.7345489859580994,N-acyl amines,0.9704982042312622,NA,NA,NA,NA,NA,NA,NA,NA,NA
x3264_382_29698_2_986,382.29698,2.986,14:0,3264,Unknown,NA,C22H39NO4,[M + H]+,C22H39NO4,Fatty acids,0.9827156066894532,Unknown,0.5717222094535828,Unknown,0.2082818448543549,N-acyl-alpha amino acids and derivatives,0.8504602313041687,NA,NA,NA,NA,NA,NA,NA,NA,NA
x15028_635_50471_7_323,635.50471,7.323,14:0,15028,Unknown,NA,NA,NA,NA,Unknown,NA,Unknown,NA,Unknown,NA,Unknown,NA,NA,NA,NA,NA,NA,NA,NA,NA,NA
x3218_322_27338_2_994,322.27338,2.994,14:0,3218,Unknown,NA,C20H35NO2,[M + H]+,C20H35NO2,Fatty acids,0.9676217436790466,Unknown,0.5585718154907227,Unknown,0.6062847375869751,Unknown,0.5273629426956177,NA,NA,NA,NA,NA,NA,NA,NA,NA
x37931_1136_88672_15_324,1136.88672,15.324,14:0,37931,Unknown,NA,C54H30Br4N4O4,[M + Na]+,C54H30Br4N4O4,Unknown,0.5762701034545898,Unknown,0.25720569491386414,Unknown,0.2148922085762024,Unknown,0.6121358275413513,NA,NA,NA,NA,NA,NA,NA,NA,NA
x2256_326_30529_2_361,326.30529,2.361,14:0,2256,Unknown,NA,C20H39NO2,[M + H]+,C20H39NO2,Fatty acids,0.9684605598449708,Fatty amides,0.9205020666122437,Unknown,0.7336453199386597,Unknown,0.6175275444984436,NA,NA,NA,NA,NA,NA,NA,NA,NA
x16456_649_5195_7_926,649.5195,7.926,14:0,16456,Unknown,NA,C39H64N6O2,[M + H]+,C39H64N6O2,Alkaloids,0.9869101643562316,Unknown,0.14719457924365997,Unknown,0.34700244665145874,Unknown,0.6733379364013672,NA,NA,NA,NA,NA,NA,NA,NA,NA
x38322_1112_8847_15_481,1112.8847,15.481,14:0,38322,Unknown,NA,C71H111N9,[M + Na]+,C71H111N9,Unknown,0.6694501042366028,Unknown,0.17172500491142273,Unknown,0.07959654927253723,Unknown,0.7959113717079163,NA,NA,NA,NA,NA,NA,NA,NA,NA
x2974_424_3205_2_901,424.3205,2.901,14:0,2974,Unknown,NA,C28H41NO2,[M + H]+,C28H41NO2,Unknown,0.7260320782661438,Unknown,0.3946690261363983,Unknown,0.6159232258796692,Unknown,0.7523818612098694,NA,NA,NA,NA,NA,NA,NA,NA,NA
x15678_594_47271_7_521,594.47271,7.521,14:0,15678,Unknown,NA,C35H63NO6,[M + H]+,C35H63NO6,Fatty acids,0.990814745426178,Unknown,0.4370957911014557,Unknown,0.3806604743003845,N-acyl-alpha amino acids,0.935243546962738,NA,NA,NA,NA,NA,NA,NA,NA,NA
x21838_634_51991_10_36,634.51991,10.36,14:0,21838,Unknown,NA,C42H67NO3,[M + H]+,C42H67NO3,Unknown,0.7856447696685791,Unknown,0.29834628105163574,Unknown,0.21051354706287384,Unknown,0.8275004625320435,NA,NA,NA,NA,NA,NA,NA,NA,NA
x36352_1154_89932_14_786,1154.89932,14.786,14:0,36352,Unknown,NA,C42H24N2O24S6,[M + Na]+,C42H24N2O24S6,Shikimates and Phenylpropanoids,0.8637754321098328,Flavonoids,0.9329172372817992,Unknown,0.085831418633461,Unknown,0.5150218605995178,NA,NA,NA,NA,NA,NA,NA,NA,NA
x4395_342_30205_3_478,342.30205,3.478,14:0,4395,Unknown,NA,C18H36FN5,[M + H]+,C18H36FN5,Alkaloids,0.9072664976119996,Unknown,0.5226572751998901,Unknown,0.5300195217132568,Unknown,0.6362571716308594,NA,NA,NA,NA,NA,NA,NA,NA,NA
x11341_326_3418_5_741,326.3418,5.741,O-16:0,11341,Unknown,NA,C21H43NO,[M + H]+,C21H43NO,Unknown,0.8400777578353882,Unknown,0.6979824900627136,Unknown,0.08871260285377502,Long-chain alkyl amine oxides,0.8928903937339783,NA,NA,NA,NA,NA,NA,NA,NA,NA
x38690_910_8219_15_662,910.8219,15.662,O-16:0,38690,MADAG,MADAG(56:6) [M+NH4]+,NA,NA,NA,Unknown,NA,Unknown,NA,Unknown,NA,Unknown,NA,NA,NA,NA,NA,NA,Glycerolipid,Monoalkyldiacylglycerols,MADAG,MADAG(56:6) [M+NH4]+
x38249_884_80447_15_483,884.80447,15.483,O-16:0,38249,MADAG,MADAG(O-18:0/16:0/20:5) [M+NH4]+,NA,NA,NA,Unknown,NA,Unknown,NA,Unknown,NA,Unknown,NA,NA,NA,NA,NA,NA,Glycerolipid,Monoalkyldiacylglycerols,MADAG,MADAG(O-18:0/16:0/20:5) [M+NH4]+
x28209_620_56006_12_784,620.56006,12.784,O-16:0,28209,Unknown,NA,C39H73NO4,[M + H]+,C39H73NO4,Fatty acids,0.982925534248352,Glycerolipids,0.8859283328056335,Unknown,0.3708755671977997,Unknown,0.5071915984153748,NA,NA,NA,NA,NA,NA,NA,NA,NA
x40361_882_7932_16_392,882.7932,16.392,O-16:0,40361,MADAG,MADAG(O-16:0/16:0/22:6) [M+NH4]+,C57H100O5,[M + H3N + H]+,C57H103NO5,Fatty acids,0.9999957084655762,Glycerolipids,0.9997319579124452,Triacylglycerols,0.9991692304611206,Triacylglycerols,0.9988225102424622,NA,NA,NA,NA,NA,Glycerolipid,Monoalkyldiacylglycerols,MADAG,MADAG(O-16:0/16:0/22:6) [M+NH4]+
x32113_570_52527_13_704,570.52527,13.704,O-16:0,32113,Unknown,NA,C38H67NO2,[M + H]+,C38H67NO2,Fatty acids,0.9995322227478028,Unknown,0.7489752769470215,Unknown,0.5283122062683105,N-acyl amines,0.9710182547569276,NA,NA,NA,NA,NA,NA,NA,NA,NA
x26229_618_54515_12_277,618.54515,12.277,O-16:0,26229,Unknown,NA,C39H71NO4,[M + H]+,C39H71NO4,Fatty acids,0.993515133857727,Glycerolipids,0.9206406474113464,Unknown,0.5473377704620361,Unknown,0.5115222930908203,NA,NA,NA,NA,NA,NA,NA,NA,NA
x27254_644_56106_12_538,644.56106,12.538,O-16:0,27254,Diacylglycerols,NA,C41H73NO4,[M + H]+,C41H73NO4,Fatty acids,0.9994750618934632,Glycerolipids,0.9982006549835204,Diacylglycerols,0.9939815402030944,Amino acids and derivatives,0.9199796319007874,NA,NA,NA,NA,NA,NA,NA,NA,NA
x40531_832_7758_16_473,832.7758,16.473,O-16:0,40531,MADAG,MADAG(O-16:0/16:0/18:3) [M+NH4]+,NA,NA,NA,Unknown,NA,Unknown,NA,Unknown,NA,Unknown,NA,NA,NA,NA,NA,NA,Glycerolipid,Monoalkyldiacylglycerols,MADAG,MADAG(O-16:0/16:0/18:3) [M+NH4]+
x28159_646_57731_12_778,646.57731,12.778,O-16:0,28159,Diacylglycerols,NA,C41H75NO4,[M + H]+,C41H75NO4,Fatty acids,0.9999505281448364,Glycerolipids,0.9854645133018494,Diacylglycerols,0.92389678955078125,Unknown,0.7520267963409424,NA,NA,NA,NA,NA,NA,NA,NA,NA
x39029_808_77631_15_792,808.77631,15.792,O-16:0,39029,Triacylglycerols,NA,C51H98O5,[M + H3N + H]+,C51H101NO5,Fatty acids,0.9996849298477172,Glycerolipids,0.9994962215423584,Triacylglycerols,0.9994887113571168,Triacylglycerols,0.9720635414123536,NA,NA,NA,NA,NA,NA,NA,NA,NA
x40253_934_82237_16_346,934.82237,16.346,O-16:0,40253,MADAG,MADAG(O-16:0/20:4/22:4) [M+NH4]+,NA,NA,NA,Unknown,NA,Unknown,NA,Unknown,NA,Unknown,NA,NA,NA,NA,NA,NA,Glycerolipid,Monoalkyldiacylglycerols,MADAG,MADAG(O-16:0/20:4/22:4) [M+NH4]+
x41391_836_808_17_083,836.808,17.083,O-16:0,41391,MADAG,MADAG(O-16:0/16:0/18:1) [M+NH4]+,NA,NA,NA,Unknown,NA,Unknown,NA,Unknown,NA,Unknown,NA,NA,NA,NA,NA,NA,Glycerolipid,Monoalkyldiacylglycerols,MADAG,MADAG(O-16:0/16:0/18:1) [M+NH4]+
x39731_810_79367_16_093,810.79367,16.093,O-16:0,39731,Unknown,NA,NA,NA,NA,Unknown,NA,Unknown,NA,Unknown,NA,Unknown,NA,NA,NA,NA,NA,NA,NA,NA,NA,NA
x32412_520_50939_13_761,520.50939,13.761,O-16:0,32412,Unknown,NA,C34H65NO2,[M + H]+,C34H65NO2,Fatty acids,0.9810417890548706,Unknown,0.5907221436500549,Unknown,0.352189838886261,N-acyl amines,0.92555034160614,NA,NA,NA,NA,NA,NA,NA,NA,NA
x24844_586_51935_11_857,586.51935,11.857,O-16:0,24844,Unknown,NA,C36H69NO3,[M + Na]+,C36H69NO3,Fatty acids,0.9955820441246032,Unknown,0.7854949235916138,Unknown,0.4132406413555145,Unknown,0.6335557103157043,NA,NA,NA,NA,NA,NA,NA,NA,NA
x18173_570_47348_8_544,570.47348,8.544,O-16:0,18173,Unknown,NA,C33H63NO6,[M + H]+,C33H63NO6,Unknown,0.34836825728416443,Unknown,0.440441220998764,Unknown,0.2213955670595169,Unknown,0.6826846599578857,NA,NA,NA,NA,NA,NA,NA,NA,NA
x9014_481_40087_4_894,481.40087,4.894,O-16:0,9014,Unknown,NA,C28H52N2O4,[M + H]+,C28H52N2O4,Unknown,0.4806147813796997,Unknown,0.22530630230903623,Unknown,0.07247721403837204,Unknown,0.8162722587585449,NA,NA,NA,NA,NA,NA,NA,NA,NA
x2869_414_29852_2_749,414.29852,2.749,O-16:0,2869,Unknown,NA,C24H41NO3,[M + Na]+,C24H41NO3,Fatty acids,0.8919660449028015,Unknown,0.23224061727523804,Unknown,0.07715635746717453,Unknown,0.7967069745063782,NA,NA,NA,NA,NA,NA,NA,NA,NA
x41416_810_79403_17_112,810.79403,17.112,O-16:0,41416,Unknown,NA,NA,NA,NA,Unknown,NA,Unknown,NA,Unknown,NA,Unknown,NA,NA,NA,NA,NA,NA,NA,NA,NA,NA
x12139_514_41134_6_078,514.41134,6.078,O-16:0,12139,Unknown,NA,C29H55NO6,[M + H]+,C29H55NO6,Unknown,0.2373376786708832,Unknown,0.247755765914917,Unknown,0.07860983908176422,Unknown,0.5731855034828186,NA,NA,NA,NA,NA,NA,NA,NA,NA
x21290_392_79629_10_104,392.79629,10.104,O-16:0,21290,Unknown,NA,NA,NA,NA,Unknown,NA,Unknown,NA,Unknown,NA,Unknown,NA,NA,NA,NA,NA,NA,NA,NA,NA,NA
x29465_622_57598_13_13,622.57598,13.13,O-16:0,29465,Diacylglycerols,NA,C39H75NO4,[M + H]+,C39H75NO4,Fatty acids,0.9997459053993224,Glycerolipids,0.9125698804855348,Diacylglycerols,0.9293975234031676,Unknown,0.6634687185287476,NA,NA,NA,NA,NA,NA,NA,NA,NA
x25116_676_56729_11_934,676.56729,11.934,O-16:0,25116,Unknown,NA,C45H73NO3,[M + H]+,C45H73NO3,Unknown,0.4224258363246918,Unknown,0.4280925989151001,Unknown,0.33993828296661377,Unknown,0.7744702696800232,NA,NA,NA,NA,NA,NA,NA,NA,NA
x33564_572_54103_14_019,572.54103,14.019,O-16:0,33564,Unknown,NA,C38H69NO2,[M + H]+,C38H69NO2,Fatty acids,0.9816623330116272,Unknown,0.7138081789016724,Unknown,0.32878488302230835,N-acyl amines,0.9970180988311768,NA,NA,NA,NA,NA,NA,NA,NA,NA
x9241_388_34234_4_983,388.34234,4.983,O-16:0,9241,Unknown,NA,C22H45NO4,[M + H]+,C22H45NO4,Fatty acids,0.9844228625297546,Fatty esters,0.9429202675819396,Unknown,0.7561839818954468,Amino acids and derivatives,0.9948008060455322,NA,NA,NA,NA,NA,NA,NA,NA,NA
x23312_584_50568_11_252,584.50568,11.252,O-16:0,23312,Unknown,NA,C38H65NO3,[M + H]+,C38H65NO3,Fatty acids,0.9311953186988832,Unknown,0.31330472230911255,Unknown,0.2387760579586029,Unknown,0.5563653111457825,NA,NA,NA,NA,NA,NA,NA,NA,NA
x8596_469_40105_4_748,469.40105,4.748,O-16:0,8596,Unknown,NA,C27H52N2O4,[M + H]+,C27H52N2O4,Unknown,0.7390289306640625,Unknown,0.6483784914016724,Unknown,0.2202834784984589,Unknown,0.6007336974143982,NA,NA,NA,NA,NA,NA,NA,NA,NA
x8944_586_43283_4_879,586.43283,4.879,O-16:0,8944,Unknown,NA,C32H59NO8,[M + H]+,C32H59NO8,Terpenoids,0.8512182831764221,Unknown,0.2467479109764099,Unknown,0.18843132257461548,Unknown,0.5815110206604004,NA,NA,NA,NA,NA,NA,NA,NA,NA
x24519_584_50528_11_76,584.50528,11.76,O-16:0,24519,Unknown,NA,C38H65NO3,[M + H]+,C38H65NO3,Fatty acids,0.9122933745384216,Unknown,0.4331699311733246,Unknown,0.5250259637832642,Unknown,0.737882137298584,NA,NA,NA,NA,NA,NA,NA,NA,NA
x33491_546_52477_13_954,546.52477,13.954,O-16:0,33491,Unknown,NA,C36H67NO2,[M + H]+,C36H67NO2,Fatty acids,0.984101951122284,Unknown,0.7044669985771179,Unknown,0.216368705034256,N-acyl amines,0.9946945309638976,NA,NA,NA,NA,NA,NA,NA,NA,NA
x39087_782_76131_15_819,782.76131,15.819,O-16:0,39087,Unknown,NA,NA,NA,NA,Unknown,NA,Unknown,NA,Unknown,NA,Unknown,NA,NA,NA,NA,NA,NA,NA,NA,NA,NA
x26771_564_5353_12_423,564.5353,12.423,O-16:0,26771,Unknown,NA,C34H71NO3,[M + Na]+,C34H71NO3,Fatty acids,0.993179202079773,Unknown,0.6027414202690125,Unknown,0.3223583400249481,N-acyl amines,0.9718799591064452,NA,NA,NA,NA,NA,NA,NA,NA,NA
x7117_458_34849_4_301,458.34849,4.301,O-16:0,7117,Unknown,NA,C25H47NO6,[M + H]+,C25H47NO6,Unknown,0.3276827335357666,Unknown,0.24138981103897095,Unknown,0.14583490788936615,Unknown,0.7636266350746155,NA,NA,NA,NA,NA,NA,NA,NA,NA
x9678_486_37972_5_135,486.37972,5.135,O-16:0,9678,Unknown,NA,C27H51NO6,[M + H]+,C27H51NO6,Unknown,0.7572267651557922,Fatty esters,0.8830950260162354,Unknown,0.6129264235496521,Unknown,0.602735698223114,NA,NA,NA,NA,NA,NA,NA,NA,NA
x31258_570_52551_13_533,570.52551,13.533,O-16:0,31258,Unknown,NA,C38H67NO2,[M + H]+,C38H67NO2,Fatty acids,0.9994930028915404,Unknown,0.7353431582450867,Unknown,0.5306252837181091,N-acyl amines,0.9597151279449464,NA,NA,NA,NA,NA,NA,NA,NA,NA
x3860_434_36279_3_271,434.36279,3.271,O-16:0,3860,Unknown,NA,C27H47NO3,[M + H]+,C27H47NO3,Unknown,0.4563293755054474,Unknown,0.11432252079248428,Unknown,0.17572787404060364,Unknown,0.7267157435417175,NA,NA,NA,NA,NA,NA,NA,NA,NA
x24577_554_51464_11_784,554.51464,11.784,O-16:0,24577,Unknown,NA,C34H67NO4,[M + H]+,C34H67NO4,Fatty acids,0.9900836944580078,Unknown,0.43784603476524353,Unknown,0.3473740220069885,N-acyl amines,0.9146791100502014,NA,NA,NA,NA,NA,NA,NA,NA,NA
x32489_572_54055_13_786,572.54055,13.786,O-16:0,32489,Unknown,NA,C38H69NO2,[M + H]+,C38H69NO2,Fatty acids,0.9524673819541932,Unknown,0.4328185021877289,Unknown,0.2506943345069885,Unknown,0.6847460269927979,NA,NA,NA,NA,NA,NA,NA,NA,NA
x22672_798_57581_10_845,798.57581,10.845,O-16:0,22672,Unknown,NA,C44H79NO11,[M + H]+,C44H79NO11,Fatty acids,0.9994388222694396,Unknown,0.4501848816871643,Unknown,0.17527563869953156,Unknown,0.5732557773590088,NA,NA,NA,NA,NA,NA,NA,NA,NA
x38618_742_70746_15_638,742.70746,15.638,O-16:0,38618,Unknown,NA,C49H91NO3,[M + H]+,C49H91NO3,Fatty acids,0.9682259559631348,Unknown,0.395141065120697,Unknown,0.462972104549408,Unknown,0.6515794396400452,NA,NA,NA,NA,NA,NA,NA,NA,NA
x23106_534_48754_11_106,534.48754,11.106,O-16:0,23106,Unknown,NA,C34H63NO3,[M + H]+,C34H63NO3,Fatty acids,0.9907384514808656,Unknown,0.4789203405380249,Unknown,0.34627386927604675,N-acyl amines,0.964870035648346,NA,NA,NA,NA,NA,NA,NA,NA,NA
x11288_440_37448_5_707,440.37448,5.707,O-16:0,11288,Unknown,NA,C26H49NO4,[M + H]+,C26H49NO4,Unknown,0.8344476819038391,Unknown,0.5848655104637146,Unknown,0.2947089970111847,Unknown,0.791620671749115,NA,NA,NA,NA,NA,NA,NA,NA,NA
x24915_638_57124_11_874,638.57124,11.874,O-16:0,24915,Unknown,NA,C39H75NO5,[M + H]+,C39H75NO5,Fatty acids,0.99231719970703125,Unknown,0.6924774050712585,Unknown,0.508870542049408,N-acyl-alpha amino acids,0.8694542646408081,NA,NA,NA,NA,NA,NA,NA,NA,NA
x25807_690_58083_12_153,690.58083,12.153,O-16:0,25807,Unknown,NA,C44H77NO3,[M + Na]+,C44H77NO3,Unknown,0.6574896574020386,Unknown,0.2551079988479614,Unknown,0.2832706570625305,Unknown,0.5401752591133118,NA,NA,NA,NA,NA,NA,NA,NA,NA
x25741_690_58716_12_096,690.58716,12.096,O-16:0,25741,Unknown,NA,C38H77N5O4,[M + Na]+,C38H77N5O4,Fatty acids,0.9619297981262208,Unknown,0.38117262721061707,Unknown,0.22430862486362457,N-acyl amines,0.9037211537361144,NA,NA,NA,NA,NA,NA,NA,NA,NA
x36510_708_68686_14_907,708.68686,14.907,O-16:0,36510,Unknown,NA,C45H89NO4,[M + H]+,C45H89NO4,Fatty acids,0.9967659711837769,Unknown,0.54386138916015625,Unknown,0.6123881340026855,Unknown,0.7397348880767822,NA,NA,NA,NA,NA,NA,NA,NA,NA
x21395_328_35685_10_058,328.35685,10.058,O-16:0,21395,Unknown,NA,C21H45NO,[M + H]+,C21H45NO,Fatty acids,0.8937550783157349,Unknown,0.7434837222099304,Unknown,0.21460340917110443,Amines,0.994848370552063,NA,NA,NA,NA,NA,NA,NA,NA,NA
x38974_692_69108_15_75,692.69108,15.75,O-16:0,38974,Unknown,NA,C45H89NO3,[M + H]+,C45H89NO3,Fatty acids,0.9724333882331848,Unknown,0.6569724678993225,Unknown,0.5409645438194275,N-acyl amines,0.909477174282074,NA,NA,NA,NA,NA,NA,NA,NA,NA
x39288_846_75538_15_912,846.75538,15.912,16:0,39288,Triacylglycerols,TAG(16:0/16:0/18:3) [M+NH4]+,C51H101NO6,[M + Na]+,C51H101NO6,Fatty acids,0.9998013377189636,Glycerolipids,0.9912105798721312,Triacylglycerols,0.9966957569122314,Unknown,0.6698206067085266,NA,NA,NA,NA,NA,Glycerolipid,Triacylglycerols,Triacylglycerols,TAG(16:0/16:0/18:3) [M+NH4]+
x39151_896_77192_15_839,896.77192,15.839,16:0,39151,Triacylglycerols,TAG(16:0/16:0/22:6) [M+NH4]+,C55H103NO6,[M + Na]+,C55H103NO6,Fatty acids,0.9999831914901732,Glycerolipids,0.9464691281318665,Triacylglycerols,0.986405909061432,Triacylglycerols,0.9248883724212646,NA,NA,NA,NA,NA,Glycerolipid,Triacylglycerols,Triacylglycerols,TAG(16:0/16:0/22:6) [M+NH4]+
x39847_822_75508_16_151,822.75508,16.151,16:0,39847,Triacylglycerols,TAG(16:0/16:0/16:1) / TAG(16:0/14:0/18:1) [M+NH4]+,C47H95N7O4,[M + H]+,C47H95N7O4,Fatty acids,0.9883964657783508,Unknown,0.833619236946106,Unknown,0.8350656628608704,Fatty acid esters,0.973231554031372,NA,NA,NA,NA,NA,Glycerolipid,Triacylglycerols,Triacylglycerols,TAG(16:0/16:0/16:1) / TAG(16:0/14:0/18:1) [M+NH4]+
x39888_848_77057_16_173,848.77057,16.173,16:0,39888,Triacylglycerols,TAG(16:0/16:0/18:2) [M+NH4]+,C51H103NO6,[M + Na]+,C51H103NO6,Fatty acids,0.9996451139450072,Glycerolipids,0.9915878176689148,Triacylglycerols,0.9994412064552308,Triacylglycerols,0.9828203916549684,NA,NA,NA,NA,NA,Glycerolipid,Triacylglycerols,Triacylglycerols,TAG(16:0/16:0/18:2) [M+NH4]+
x40661_850_7868_16_556,850.7868,16.556,16:0,40661,Triacylglycerols,TAG(16:0/16:0/18:1) [M+NH4]+,C51H105NO6,[M + Na]+,C51H105NO6,Fatty acids,0.999883770942688,Glycerolipids,0.9974144697189332,Triacylglycerols,0.9999077320098876,Triacylglycerols,0.975674033164978,NA,NA,NA,NA,NA,Glycerolipid,Triacylglycerols,Triacylglycerols,TAG(16:0/16:0/18:1) [M+NH4]+
x39976_874_78599_16_215,874.78599,16.215,16:0,39976,Triacylglycerols,TAG(16:0/18:1/18:2) [M+NH4]+,C50H97N11,[M + Na]+,C50H97N11,Alkaloids,0.9716623425483704,Unknown,0.40893206000328064,Unknown,0.16425886750221252,Heteroaromatic compounds,0.965584635734558,NA,NA,NA,NA,NA,Glycerolipid,Triacylglycerols,Triacylglycerols,TAG(16:0/18:1/18:2) [M+NH4]+
x39261_872_77072_15_898,872.77072,15.898,16:0,39261,Triacylglycerols,TAG(16:0/18:2/18:2) [M+NH4]+,C53H103NO6,[M + Na]+,C53H103NO6,Fatty acids,0.9996758699417114,Glycerolipids,0.9875643849372864,Triacylglycerols,0.9993484616279602,Triacylglycerols,0.98138028383255,NA,NA,NA,NA,NA,Glycerolipid,Triacylglycerols,Triacylglycerols,TAG(16:0/18:2/18:2) [M+NH4]+
x38192_818_72388_15_459,818.72388,15.459,16:0,38192,Triacylglycerols,TAG(14:0/16:0/18:3) [M+NH4]+,NA,NA,NA,Unknown,NA,Unknown,NA,Unknown,NA,Unknown,NA,NA,NA,NA,NA,NA,Glycerolipid,Triacylglycerols,Triacylglycerols,TAG(14:0/16:0/18:3) [M+NH4]+
x40629_876_80182_16_545,876.80182,16.545,16:0,40629,Triacylglycerols,TAG(16:0/18:0/18:2) [M+NH4]+,C53H107NO6,[M + Na]+,C53H107NO6,Fatty acids,0.9992530941963196,Glycerolipids,0.9952076077461244,Triacylglycerols,0.9998793601989746,Triacylglycerols,0.9915158748626708,NA,NA,NA,NA,NA,Glycerolipid,Triacylglycerols,Triacylglycerols,TAG(16:0/18:0/18:2) [M+NH4]+
x38869_820_73925_15_735,820.73925,15.735,16:0,38869,Triacylglycerols,TAG(14:0/16:1/18:1) / TAG(14:0/16:0/18:2) [M+NH4]+,C47H93N7O4,[M + H]+,C47H93N7O4,Fatty acids,0.9879109859466552,Unknown,0.6981591582298279,Unknown,0.45715561509132385,Unknown,0.5531683564186096,NA,NA,NA,NA,NA,Glycerolipid,Triacylglycerols,Triacylglycerols,TAG(14:0/16:1/18:1) / TAG(14:0/16:0/18:2) [M+NH4]+
x38830_794_72361_15_716,794.72361,15.716,16:0,38830,Triacylglycerols,TAG(14:0/16:0/16:1) / TAG(14:0/14:0/18:1) [M+NH4]+,C45H91N7O4,[M + H]+,C45H91N7O4,Fatty acids,0.9535006880760192,Unknown,0.43772438168525696,Unknown,0.08050201088190079,Unknown,0.5054032206535339,NA,NA,NA,NA,NA,Glycerolipid,Triacylglycerols,Triacylglycerols,TAG(14:0/16:0/16:1) / TAG(14:0/14:0/18:1) [M+NH4]+
x38479_872_76834_15_57,872.76834,15.57,16:0,38479,Triacylglycerols,TAG(16:0/18:2/18:2) [M+NH4]+,NA,NA,NA,Unknown,NA,Unknown,NA,Unknown,NA,Unknown,NA,NA,NA,NA,NA,NA,Glycerolipid,Triacylglycerols,Triacylglycerols,TAG(16:0/18:2/18:2) [M+NH4]+
x39609_900_79918_16_042,900.79918,16.042,16:0,39609,Unknown,NA,NA,NA,NA,Unknown,NA,Unknown,NA,Unknown,NA,Unknown,NA,NA,NA,NA,NA,NA,NA,NA,NA,NA
x39596_872_77229_16_05,872.77229,16.05,16:0,39596,Triacylglycerols,TAG(16:0/16:0/20:4) [M+NH4]+,NA,NA,NA,Unknown,NA,Unknown,NA,Unknown,NA,Unknown,NA,NA,NA,NA,NA,NA,Glycerolipid,Triacylglycerols,Triacylglycerols,TAG(16:0/16:0/20:4) [M+NH4]+
x6689_344_35256_4_145,344.35256,4.145,16:0,6689,Unknown,NA,C21H45NO2,[M + H]+,C21H45NO2,Fatty acids,0.992244303226471,Unknown,0.5275548100471497,Unknown,0.16160088777542114,Unknown,0.6177677512168884,NA,NA,NA,NA,NA,NA,NA,NA,NA
x38756_850_78656_15_687,850.78656,15.687,16:0,38756,Triacylglycerols,NA,C53H103NO6,[M + H]+,C53H103NO6,Fatty acids,0.9991602897644044,Glycerolipids,0.9949919581413268,Triacylglycerols,0.9998786449432372,Triacylglycerols,0.9956645369529724,NA,NA,NA,NA,NA,NA,NA,NA,NA
x41213_878_8186_16_932,878.8186,16.932,16:0,41213,Triacylglycerols,TAG(16:0/18:0/18:1) [M+NH4]+,NA,NA,NA,Unknown,NA,Unknown,NA,Unknown,NA,Unknown,NA,NA,NA,NA,NA,NA,Glycerolipid,Triacylglycerols,Triacylglycerols,TAG(16:0/18:0/18:1) [M+NH4]+
x38809_870_75649_15_74,870.75649,15.74,16:0,38809,Triacylglycerols,TAG(16:0/16:0/20:5) [M+NH4]+,NA,NA,NA,Unknown,NA,Unknown,NA,Unknown,NA,Unknown,NA,NA,NA,NA,NA,NA,Glycerolipid,Triacylglycerols,Triacylglycerols,TAG(16:0/16:0/20:5) [M+NH4]+
x38894_846_75465_15_748,846.75465,15.748,16:0,38894,Triacylglycerols,NA,C51H101NO6,[M + Na]+,C51H101NO6,Fatty acids,0.999194085597992,Glycerolipids,0.9808329343795776,Triacylglycerols,0.9951687455177308,Unknown,0.80234527587890625,NA,NA,NA,NA,NA,NA,NA,NA,NA
x40209_900_80303_16_321,900.80303,16.321,16:0,40209,Triacylglycerols,TAG(16:0/16:0/22:4) / (18:0/18:1/18:3) / (18:0/18:0/20:4) [M+NH4]+,C55H107NO6,[M + Na]+,C55H107NO6,Fatty acids,0.9994285702705384,Unknown,0.5671569108963013,Unknown,0.7324182987213135,N-acyl amines,0.9697484374046326,NA,NA,NA,NA,NA,Glycerolipid,Triacylglycerols,Triacylglycerols,TAG(16:0/16:0/22:4) / (18:0/18:1/18:3) / (18:0/18:0/20:4) [M+NH4]+
x40747_902_81778_16_618,902.81778,16.618,16:0,40747,Triacylglycerols,NA,C55H109NO6,[M + Na]+,C55H109NO6,Fatty acids,0.999782383441925,Glycerolipids,0.9867380857467652,Triacylglycerols,0.9996024966239928,Triacylglycerols,0.9618199467658995,NA,NA,NA,NA,NA,NA,NA,NA,NA
x39508_898_78752_16_02,898.78752,16.02,16:0,39508,Triacylglycerols,TAG(16:0/18:1/20:4) [M+NH4]+,C57H103NO6,[M + H]+,C57H103NO6,Fatty acids,0.997899889945984,Unknown,0.6319813132286072,Triacylglycerols,0.8646024465560913,N-acyl amines,0.9172467589378356,NA,NA,NA,NA,NA,Glycerolipid,Triacylglycerols,Triacylglycerols,TAG(16:0/18:1/20:4) [M+NH4]+
x38023_822_75443_15_401,822.75443,15.401,16:0,38023,Triacylglycerols,TAG(16:0/16:0/16:1) / TAG(16:0/14:0/18:1) [M+NH4]+,C49H101NO6,[M + Na]+,C49H101NO6,Fatty acids,0.9999769926071168,Glycerolipids,0.9990373849868774,Triacylglycerols,0.9999691247940063,Triacylglycerols,0.9942704439163208,NA,NA,NA,NA,NA,Glycerolipid,Triacylglycerols,Triacylglycerols,TAG(16:0/16:0/16:1) / TAG(16:0/14:0/18:1) [M+NH4]+
x40912_928_83443_16_707,928.83443,16.707,16:0,40912,Triacylglycerols,TAG(16:0/18:0/22:4) [M+NH4]+,C59H109NO6,[M + H]+,C59H109NO6,Fatty acids,0.9997833371162416,Glycerolipids,0.9872254729270936,Triacylglycerols,0.998524010181427,Unknown,0.7218982577323914,NA,NA,NA,NA,NA,Glycerolipid,Triacylglycerols,Triacylglycerols,TAG(16:0/18:0/22:4) [M+NH4]+
x38072_872_76878_15_399,872.76878,15.399,16:0,38072,Triacylglycerols,TAG(16:0/16:0/20:4) [M+NH4]+,C53H103NO6,[M + Na]+,C53H103NO6,Fatty acids,0.9999866485595704,Glycerolipids,0.9739936590194702,Triacylglycerols,0.9920977354049684,N-acyl amines,0.9424925446510316,NA,NA,NA,NA,NA,Glycerolipid,Triacylglycerols,Triacylglycerols,TAG(16:0/16:0/20:4) [M+NH4]+
x40713_858_79187_16_592,858.79187,16.592,16:0,40713,MADAG,MADAG(O-16:0/16:0/20:4) [M+NH4]+,NA,NA,NA,Unknown,NA,Unknown,NA,Unknown,NA,Unknown,NA,NA,NA,NA,NA,NA,Glycerolipid,Monoalkyldiacylglycerols,MADAG,MADAG(O-16:0/16:0/20:4) [M+NH4]+
x37248_816_70805_15_098,816.70805,15.098,16:0,37248,Triacylglycerols,TAG(14:0/16:0/18:4) [M+NH4]+,NA,NA,NA,Unknown,NA,Unknown,NA,Unknown,NA,Unknown,NA,NA,NA,NA,NA,NA,Glycerolipid,Triacylglycerols,Triacylglycerols,TAG(14:0/16:0/18:4) [M+NH4]+
x37644_766_69228_15_242,766.69228,15.242,16:0,37644,Triacylglycerols,TAG(14:0/14:0/16:1) [M+NH4]+,NA,NA,NA,Unknown,NA,Unknown,NA,Unknown,NA,Unknown,NA,NA,NA,NA,NA,NA,Glycerolipid,Triacylglycerols,Triacylglycerols,TAG(14:0/14:0/16:1) [M+NH4]+
x38803_824_77046_15_715,824.77046,15.715,16:0,38803,Triacylglycerols,TAG(16:0/16:0/16:0) [M+NH4]+,C48H93N11,[M + H]+,C48H93N11,Alkaloids,0.9969893097877502,Unknown,0.3104395568370819,Unknown,0.5280017852783203,Unknown,0.5521205067634583,NA,NA,NA,NA,NA,Glycerolipid,Triacylglycerols,Triacylglycerols,TAG(16:0/16:0/16:0) [M+NH4]+
x40695_824_77092_16_584,824.77092,16.584,16:0,40695,Triacylglycerols,TAG(16:0/16:0/16:0) [M+NH4]+,C18H10F8I2O6S3,[M + H]+,C18H10F8I2O6S3,Unknown,0.7417088150978088,Unknown,0.01226606871932745,Unknown,0.01341678109019994,Benzene and substituted derivatives,0.9002702832221985,NA,NA,NA,NA,NA,Glycerolipid,Triacylglycerols,Triacylglycerols,TAG(16:0/16:0/16:0) [M+NH4]+
x36776_818_72215_14_93,818.72215,14.93,16:0,36776,Triacylglycerols,TAG(14:0/16:0/18:3) [M+NH4]+,C49H97NO6,[M + Na]+,C49H97NO6,Fatty acids,0.999903917312622,Glycerolipids,0.9963743090629578,Triacylglycerols,0.9995328187942504,Triacylglycerols,0.9751161336898804,NA,NA,NA,NA,NA,Glycerolipid,Triacylglycerols,Triacylglycerols,TAG(14:0/16:0/18:3) [M+NH4]+
x37493_794_72212_15_188,794.72212,15.188,16:0,37493,Triacylglycerols,TAG(14:0/16:0/16:1) / TAG(14:0/14:0/18:1) [M+NH4]+,C45H91N7O4,[M + H]+,C45H91N7O4,Fatty acids,0.9332886338233948,Unknown,0.18018610775470736,Unknown,0.05077216401696205,Unknown,0.7192853093147278,NA,NA,NA,NA,NA,Glycerolipid,Triacylglycerols,Triacylglycerols,TAG(14:0/16:0/16:1) / TAG(14:0/14:0/18:1) [M+NH4]+
x39895_796_73948_16_172,796.73948,16.172,16:0,39895,Triacylglycerols,TAG(14:0/16:0/16:0) [M+NH4]+,C23H12Cl4I2N2O2S,[M + Na]+,C23H12Cl4I2N2O2S,Alkaloids,0.995740294456482,Unknown,0.7776298522949219,Pyrrole alkaloids,0.9305726289749146,Unknown,0.7936344146728516,NA,NA,NA,NA,NA,Glycerolipid,Triacylglycerols,Triacylglycerols,TAG(14:0/16:0/16:0) [M+NH4]+
x41194_904_83387_16_917,904.83387,16.917,16:0,41194,Triacylglycerols,TAG(16:0/16:0/22:2) [M+NH4]+,C57H109NO6,[M + H]+,C57H109NO6,Fatty acids,0.9996342658996582,Glycerolipids,0.997816801071167,Triacylglycerols,0.9999889135360718,Triacylglycerols,0.993874490261078,NA,NA,NA,NA,NA,Glycerolipid,Triacylglycerols,Triacylglycerols,TAG(16:0/16:0/22:2) [M+NH4]+
x24830_658_5405_11_86,658.5405,11.86,16:0,24830,Unknown,NA,NA,NA,NA,Unknown,NA,Unknown,NA,Unknown,NA,Unknown,NA,NA,NA,NA,NA,NA,NA,NA,NA,NA
x38867_768_70791_15_73,768.70791,15.73,16:0,38867,Triacylglycerols,TAG(14:0/14:0/16:0) [M+NH4]+,NA,NA,NA,Unknown,NA,Unknown,NA,Unknown,NA,Unknown,NA,NA,NA,NA,NA,NA,Glycerolipid,Triacylglycerols,Triacylglycerols,TAG(14:0/14:0/16:0) [M+NH4]+
x37174_820_73886_15_098,820.73886,15.098,16:0,37174,Triacylglycerols,TAG(14:0/16:1/18:1) / TAG(14:0/16:0/18:2) [M+NH4]+,C49H99NO6,[M + Na]+,C49H99NO6,Fatty acids,0.9996204376220704,Glycerolipids,0.9928144812583924,Triacylglycerols,0.9993056058883668,Triacylglycerols,0.9920797944068908,NA,NA,NA,NA,NA,Glycerolipid,Triacylglycerols,Triacylglycerols,TAG(14:0/16:1/18:1) / TAG(14:0/16:0/18:2) [M+NH4]+
x41273_886_82369_16_981,886.82369,16.981,16:0,41273,MADAG,MADAG(O-16:0/18:0/20:4) / (O-16:0/16:0/22:4) [M+NH4]+,NA,NA,NA,Unknown,NA,Unknown,NA,Unknown,NA,Unknown,NA,NA,NA,NA,NA,NA,Glycerolipid,Monoalkyldiacylglycerols,MADAG,MADAG(O-16:0/18:0/20:4) / (O-16:0/16:0/22:4) [M+NH4]+
x38810_858_79253_15_712,858.79253,15.712,16:0,38810,MADAG,MADAG(O-16:0/16:0/20:4) [M+NH4]+,NA,NA,NA,Unknown,NA,Unknown,NA,Unknown,NA,Unknown,NA,NA,NA,NA,NA,NA,Glycerolipid,Monoalkyldiacylglycerols,MADAG,MADAG(O-16:0/16:0/20:4) [M+NH4]+
x38012_848_7693_15_368,848.7693,15.368,16:0,38012,Triacylglycerols,TAG(16:0/16:0/18:2) [M+NH4]+,C51H103NO6,[M + Na]+,C51H103NO6,Fatty acids,0.9991113543510436,Glycerolipids,0.9857579469680786,Triacylglycerols,0.9990216493606568,Triacylglycerols,0.9281586408615112,NA,NA,NA,NA,NA,Glycerolipid,Triacylglycerols,Triacylglycerols,TAG(16:0/16:0/18:2) [M+NH4]+
x37681_740_67655_15_252,740.67655,15.252,16:0,37681,Triacylglycerols,TAG(14:0/14:0/14:0) [M+NH4]+,NA,NA,NA,Unknown,NA,Unknown,NA,Unknown,NA,Unknown,NA,NA,NA,NA,NA,NA,Glycerolipid,Triacylglycerols,Triacylglycerols,TAG(14:0/14:0/14:0) [M+NH4]+
x39396_878_81821_15_961,878.81821,15.961,16:0,39396,Triacylglycerols,TAG(16:0/18:0/18:1) [M+NH4]+,C55H104O6,[M + H3N + H]+,C55H107NO6,Fatty acids,0.9995682835578918,Glycerolipids,0.9992235898971558,Triacylglycerols,0.999950647354126,Triacylglycerols,0.9998571872711182,NA,NA,NA,NA,NA,Glycerolipid,Triacylglycerols,Triacylglycerols,TAG(16:0/18:0/18:1) [M+NH4]+
x37512_768_70614_15_195,768.70614,15.195,16:0,37512,Triacylglycerols,TAG(14:0/14:0/16:0) [M+NH4]+,NA,NA,NA,Unknown,NA,Unknown,NA,Unknown,NA,Unknown,NA,NA,NA,NA,NA,NA,Glycerolipid,Triacylglycerols,Triacylglycerols,TAG(14:0/14:0/16:0) [M+NH4]+
x38249_884_80447_15_483,884.80447,15.483,16:0,38249,MADAG,MADAG(O-18:0/16:0/20:5) [M+NH4]+,NA,NA,NA,Unknown,NA,Unknown,NA,Unknown,NA,Unknown,NA,NA,NA,NA,NA,NA,Glycerolipid,Monoalkyldiacylglycerols,MADAG,MADAG(O-18:0/16:0/20:5) [M+NH4]+
x20846_813_55686_9_85,813.55686,9.85,16:0,20846,Unknown,NA,C38H72N10O9,[M + H]+,C38H72N10O9,Amino acids and Peptides,0.9797297716140748,Unknown,0.8405409455299377,Unknown,0.5169969201087952,Unknown,0.5168870091438293,NA,NA,NA,NA,NA,NA,NA,NA,NA
x39443_852_8021_15_99,852.8021,15.99,16:0,39443,Triacylglycerols,TAG(16:0/16:0/18:0) [M+NH4]+,C53H105NO6,[M + H]+,C53H105NO6,Fatty acids,0.9994527697563172,Glycerolipids,0.9972925782203674,Triacylglycerols,0.9999270439147948,Triacylglycerols,0.9948775768280028,NA,NA,NA,NA,NA,Glycerolipid,Triacylglycerols,Triacylglycerols,TAG(16:0/16:0/18:0) [M+NH4]+
x37622_846_75387_15_254,846.75387,15.254,16:0,37622,Triacylglycerols,TAG(16:0/16:0/18:3) [M+NH4]+,NA,NA,NA,Unknown,NA,Unknown,NA,Unknown,NA,Unknown,NA,NA,NA,NA,NA,NA,Glycerolipid,Triacylglycerols,Triacylglycerols,TAG(16:0/16:0/18:3) [M+NH4]+
x38251_856_77702_15_491,856.77702,15.491,16:0,38251,MADAG,MADAG(O-16:0/16:0/20:5) [M+NH4]+,NA,NA,NA,Unknown,NA,Unknown,NA,Unknown,NA,Unknown,NA,NA,NA,NA,NA,NA,Glycerolipid,Monoalkyldiacylglycerols,MADAG,MADAG(O-16:0/16:0/20:5) [M+NH4]+
x36195_738_66123_14_743,738.66123,14.743,16:0,36195,Triacylglycerols,TAG(12:0/14:0/16:1) / TAG(12:0/14:1/16:0) / TAG(10:0/16:0/16:1) [M+NH4]+,NA,NA,NA,Unknown,NA,Unknown,NA,Unknown,NA,Unknown,NA,NA,NA,NA,NA,NA,Glycerolipid,Triacylglycerols,Triacylglycerols,TAG(12:0/14:0/16:1) / TAG(12:0/14:1/16:0) / TAG(10:0/16:0/16:1) [M+NH4]+
x2245_330_33669_2_258,330.33669,2.258,16:0,2245,Unknown,NA,C20H43NO2,[M + H]+,C20H43NO2,Fatty acids,0.9526098370552064,Unknown,0.7555260062217712,Unknown,0.7018051743507385,"1,2-aminoalcohols",0.9942970871925354,NA,NA,NA,NA,NA,NA,NA,NA,NA
x41557_906_85001_17_283,906.85001,17.283,16:0,41557,Triacylglycerols,TAG(16:0/18:1/20:0) / (16:0/18:0/20:1) [M+NH4]+,NA,NA,NA,Unknown,NA,Unknown,NA,Unknown,NA,Unknown,NA,NA,NA,NA,NA,NA,Glycerolipid,Triacylglycerols,Triacylglycerols,TAG(16:0/18:1/20:0) / (16:0/18:0/20:1) [M+NH4]+
x40352_836_77129_16_392,836.77129,16.392,16:0,40352,Triacylglycerols,TAG(15:0/16:0/18:1) / (16:0/16:1/17:0) [M+NH4]+,NA,NA,NA,Unknown,NA,Unknown,NA,Unknown,NA,Unknown,NA,NA,NA,NA,NA,NA,Glycerolipid,Triacylglycerols,Triacylglycerols,TAG(15:0/16:0/18:1) / (16:0/16:1/17:0) [M+NH4]+
x35691_816_70708_14_585,816.70708,14.585,16:0,35691,Triacylglycerols,TAG(14:0/16:0/18:4) [M+NH4]+,C49H95NO6,[M + Na]+,C49H95NO6,Fatty acids,0.9998120665550232,Glycerolipids,0.8545019626617432,Unknown,0.8423582911491394,N-acyl amines,0.9878036975860596,NA,NA,NA,NA,NA,Glycerolipid,Triacylglycerols,Triacylglycerols,TAG(14:0/16:0/18:4) [M+NH4]+
x36211_712_64567_14_744,712.64567,14.744,16:0,36211,Triacylglycerols,TAG(12:0/14:0/14:0) [M+NH4]+,NA,NA,NA,Unknown,NA,Unknown,NA,Unknown,NA,Unknown,NA,NA,NA,NA,NA,NA,Glycerolipid,Triacylglycerols,Triacylglycerols,TAG(12:0/14:0/14:0) [M+NH4]+
x38726_876_80066_15_681,876.80066,15.681,16:0,38726,Triacylglycerols,TAG(16:0/18:0/18:2) [M+NH4]+,C55H105NO6,[M + H]+,C55H105NO6,Fatty acids,0.9987779259681702,Glycerolipids,0.9948311448097228,Triacylglycerols,0.99996185302734375,Triacylglycerols,0.9935821294784546,NA,NA,NA,NA,NA,Glycerolipid,Triacylglycerols,Triacylglycerols,TAG(16:0/18:0/18:2) [M+NH4]+
x36173_740_67585_14_735,740.67585,14.735,16:0,36173,Triacylglycerols,TAG(14:0/14:0/14:0) [M+NH4]+,NA,NA,NA,Unknown,NA,Unknown,NA,Unknown,NA,Unknown,NA,NA,NA,NA,NA,NA,Glycerolipid,Triacylglycerols,Triacylglycerols,TAG(14:0/14:0/14:0) [M+NH4]+
x39657_836_80852_16_068,836.80852,16.068,16:0,39657,MADAG,MADAG(O-16:0/16:0/18:1) [M+NH4]+,NA,NA,NA,Unknown,NA,Unknown,NA,Unknown,NA,Unknown,NA,NA,NA,NA,NA,NA,Glycerolipid,Monoalkyldiacylglycerols,MADAG,MADAG(O-16:0/16:0/18:1) [M+NH4]+
x41256_852_80258_16_969,852.80258,16.969,16:0,41256,Triacylglycerols,TAG(16:0/16:0/18:0) [M+NH4]+,C53H105NO6,[M + H]+,C53H105NO6,Fatty acids,0.9995063543319702,Glycerolipids,0.997442364692688,Triacylglycerols,0.9999270439147948,Triacylglycerols,0.994900643825531,NA,NA,NA,NA,NA,Glycerolipid,Triacylglycerols,Triacylglycerols,TAG(16:0/16:0/18:0) [M+NH4]+
x40361_882_7932_16_392,882.7932,16.392,16:0,40361,MADAG,MADAG(O-16:0/16:0/22:6) [M+NH4]+,C57H100O5,[M + H3N + H]+,C57H103NO5,Fatty acids,0.9999957084655762,Glycerolipids,0.9997319579124452,Triacylglycerols,0.9991692304611206,Triacylglycerols,0.9988225102424622,NA,NA,NA,NA,NA,Glycerolipid,Monoalkyldiacylglycerols,MADAG,MADAG(O-16:0/16:0/22:6) [M+NH4]+
x38602_870_79257_15_615,870.79257,15.615,16:0,38602,Unknown,NA,NA,NA,NA,Unknown,NA,Unknown,NA,Unknown,NA,Unknown,NA,NA,NA,NA,NA,NA,NA,NA,NA,NA
x36611_846_7523_14_855,846.7523,14.855,16:0,36611,Triacylglycerols,NA,C51H101NO6,[M + Na]+,C51H101NO6,Fatty acids,0.9994346499443054,Glycerolipids,0.991565465927124,Triacylglycerols,0.999283730983734,Triacylglycerols,0.96478867530822765,NA,NA,NA,NA,NA,NA,NA,NA,NA
x24803_608_52433_11_848,608.52433,11.848,16:0,24803,Diacylglycerols,DAG(16:0/18:3) [M+NH4]+,NA,NA,NA,Unknown,NA,Unknown,NA,Unknown,NA,Unknown,NA,NA,NA,NA,NA,NA,Glycerolipid,Diacylglycerols,Diacylglycerols,DAG(16:0/18:3) [M+NH4]+
x39314_860_80829_15_879,860.80829,15.879,16:0,39314,MADAG,MADAG(O-16:0/18:0/18:3) / (O-16:0/16:0/20:3) [M+NH4]+,NA,NA,NA,Unknown,NA,Unknown,NA,Unknown,NA,Unknown,NA,NA,NA,NA,NA,NA,Glycerolipid,Monoalkyldiacylglycerols,MADAG,MADAG(O-16:0/18:0/18:3) / (O-16:0/16:0/20:3) [M+NH4]+
x27749_662_57157_12_662,662.57157,12.662,16:0,27749,Diacylglycerols,DAG(16:0/22:4) [M+NH4]+,NA,NA,NA,Unknown,NA,Unknown,NA,Unknown,NA,Unknown,NA,NA,NA,NA,NA,NA,Glycerolipid,Diacylglycerols,Diacylglycerols,DAG(16:0/22:4) [M+NH4]+
x39368_808_73928_15_948,808.73928,15.948,16:0,39368,Triacylglycerols,TAG(15:0/16:0/16:1) / (14:0/16:0/17:1) [M+NH4]+,C50H97NO6,[M + H]+,C50H97NO6,Fatty acids,0.9993054866790771,Glycerolipids,0.9879611134529114,Triacylglycerols,0.999560296535492,Triacylglycerols,0.9914548397064208,NA,NA,NA,NA,NA,Glycerolipid,Triacylglycerols,Triacylglycerols,TAG(15:0/16:0/16:1) / (14:0/16:0/17:1) [M+NH4]+
x20838_663_53375_9_909,663.53375,9.909,16:0,20838,Unknown,NA,C42H72O4,[M + Na]+,C42H72O4,Fatty acids,0.9782364964485168,Glycerolipids,0.91764634847641,Unknown,0.7750341296195984,Unknown,0.519891083240509,NA,NA,NA,NA,NA,NA,NA,NA,NA
x40207_864_84029_16_319,864.84029,16.319,16:0,40207,MADAG,MADAG(O-18:0/16:0/18:1) / (O-18:0/14:0/20:1) [M+NH4]+,C55H106O5,[M + H3N + H]+,C55H109NO5,Fatty acids,0.9997527003288268,Glycerolipids,0.9985910058021544,Triacylglycerols,0.9997218251228333,Triacylglycerols,0.9375562071800232,NA,NA,NA,NA,NA,Glycerolipid,Monoalkyldiacylglycerols,MADAG,MADAG(O-18:0/16:0/18:1) / (O-18:0/14:0/20:1) [M+NH4]+
x20147_516_47843_9_503,516.47843,9.503,16:0,20147,Unknown,NA,C34H61NO2,[M + H]+,C34H61NO2,Fatty acids,0.9490548968315125,Unknown,0.5936523675918579,Unknown,0.6532688140869141,Unknown,0.5931985974311829,NA,NA,NA,NA,NA,NA,NA,NA,NA
x38953_834_79157_15_785,834.79157,15.785,16:0,38953,Unknown,NA,NA,NA,NA,Unknown,NA,Unknown,NA,Unknown,NA,Unknown,NA,NA,NA,NA,NA,NA,NA,NA,NA,NA
x41010_910_82416_16_777,910.82416,16.777,16:0,41010,MADAG,MADAG(O-18:0/16:0/22:6) [M+NH4]+,NA,NA,NA,Unknown,NA,Unknown,NA,Unknown,NA,Unknown,NA,NA,NA,NA,NA,NA,Glycerolipid,Monoalkyldiacylglycerols,MADAG,MADAG(O-18:0/16:0/22:6) [M+NH4]+
x41546_932_86601_17_263,932.86601,17.263,16:0,41546,Unknown,NA,C25H32I4N2O4,[M + H]+,C25H32I4N2O4,Unknown,0.5043905377388,Unknown,0.08211412280797958,Unknown,0.08541830629110336,Unknown,0.687118411064148,NA,NA,NA,NA,NA,NA,NA,NA,NA
x8286_358_36825_4_637,358.36825,4.637,16:0,8286,Unknown,NA,C22H47NO2,[M + H]+,C22H47NO2,Fatty acids,0.9993481040000916,Unknown,0.8437461853027344,Unknown,0.09281844645738602,Unknown,0.8092440366744995,NA,NA,NA,NA,NA,NA,NA,NA,NA
x40531_832_7758_16_473,832.7758,16.473,16:0,40531,MADAG,MADAG(O-16:0/16:0/18:3) [M+NH4]+,NA,NA,NA,Unknown,NA,Unknown,NA,Unknown,NA,Unknown,NA,NA,NA,NA,NA,NA,Glycerolipid,Monoalkyldiacylglycerols,MADAG,MADAG(O-16:0/16:0/18:3) [M+NH4]+
x23730_632_52353_11_483,632.52353,11.483,16:0,23730,Unknown,NA,NA,NA,NA,Unknown,NA,Unknown,NA,Unknown,NA,Unknown,NA,NA,NA,NA,NA,NA,NA,NA,NA,NA
x26375_610_53921_12_32,610.53921,12.32,16:0,26375,Diacylglycerols,DAG(18:2/16:0) [M+NH4]+,NA,NA,NA,Unknown,NA,Unknown,NA,Unknown,NA,Unknown,NA,NA,NA,NA,NA,NA,Glycerolipid,Diacylglycerols,Diacylglycerols,DAG(18:2/16:0) [M+NH4]+
x25055_562_51783_11_925,562.51783,11.925,16:0,25055,Unknown,NA,C36H67NO3,[M + H]+,C36H67NO3,Fatty acids,0.865821361541748,Unknown,0.1680561900138855,Unknown,0.03914479538798332,N-acyl amines,0.9577726721763612,NA,NA,NA,NA,NA,NA,NA,NA,NA
x41005_860_80765_16_798,860.80765,16.798,16:0,41005,MADAG,MADAG(O-16:0/18:0/18:3) / (O-16:0/16:0/20:3) [M+NH4]+,NA,NA,NA,Unknown,NA,Unknown,NA,Unknown,NA,Unknown,NA,NA,NA,NA,NA,NA,Glycerolipid,Monoalkyldiacylglycerols,MADAG,MADAG(O-16:0/18:0/18:3) / (O-16:0/16:0/20:3) [M+NH4]+
x25861_660_55524_12_168,660.55524,12.168,16:0,25861,Unknown,NA,C41H73NO5,[M + H]+,C41H73NO5,Fatty acids,0.99968421459198,Fatty amides,0.8817815184593201,Unknown,0.813249409198761,N-acyl-alpha amino acids,0.9254582524299622,NA,NA,NA,NA,NA,NA,NA,NA,NA
x36757_872_76392_14_98,872.76392,14.98,16:0,36757,Triacylglycerols,TAG(16:0/18:2/18:2) [M+NH4]+,C60H99NO,[M + Na]+,C60H99NO,Fatty acids,0.9715547561645508,Unknown,0.7101671695709229,Unknown,0.5106870532035828,N-acyl amines,0.9908661246299744,NA,NA,NA,NA,NA,Glycerolipid,Triacylglycerols,Triacylglycerols,TAG(16:0/18:2/18:2) [M+NH4]+
x34276_710_6297_14_209,710.6297,14.209,16:0,34276,Unknown,NA,NA,NA,NA,Unknown,NA,Unknown,NA,Unknown,NA,Unknown,NA,NA,NA,NA,NA,NA,NA,NA,NA,NA
x38646_832_77693_15_623,832.77693,15.623,16:0,38646,MADAG,MADAG(O-16:0/16:0/18:3) [M+NH4]+,NA,NA,NA,Unknown,NA,Unknown,NA,Unknown,NA,Unknown,NA,NA,NA,NA,NA,NA,Glycerolipid,Monoalkyldiacylglycerols,MADAG,MADAG(O-16:0/16:0/18:3) [M+NH4]+
x39029_808_77631_15_792,808.77631,15.792,16:0,39029,Triacylglycerols,NA,C51H98O5,[M + H3N + H]+,C51H101NO5,Fatty acids,0.9996849298477172,Glycerolipids,0.9994962215423584,Triacylglycerols,0.9994887113571168,Triacylglycerols,0.9720635414123536,NA,NA,NA,NA,NA,NA,NA,NA,NA
x28669_612_55584_12_905,612.55584,12.905,16:0,28669,Diacylglycerols,DAG(16:0/18:1) [M+NH4]+,NA,NA,NA,Unknown,NA,Unknown,NA,Unknown,NA,Unknown,NA,NA,NA,NA,NA,NA,Glycerolipid,Diacylglycerols,Diacylglycerols,DAG(16:0/18:1) [M+NH4]+
x25763_634_5403_12_132,634.5403,12.132,16:0,25763,Diacylglycerols,DAG(16:0/20:4) [M+NH4]+,NA,NA,NA,Unknown,NA,Unknown,NA,Unknown,NA,Unknown,NA,NA,NA,NA,NA,NA,Glycerolipid,Diacylglycerols,Diacylglycerols,DAG(16:0/20:4) [M+NH4]+
x34428_712_64537_14_245,712.64537,14.245,16:0,34428,Triacylglycerols,TAG(12:0/14:0/14:0) [M+NH4]+,NA,NA,NA,Unknown,NA,Unknown,NA,Unknown,NA,Unknown,NA,NA,NA,NA,NA,NA,Glycerolipid,Triacylglycerols,Triacylglycerols,TAG(12:0/14:0/14:0) [M+NH4]+
x7531_344_35246_4_372,344.35246,4.372,16:0,7531,Unknown,NA,C21H45NO2,[M + H]+,C21H45NO2,Fatty acids,0.9946765899658204,Unknown,0.672977089881897,Unknown,0.2377159595489502,Unknown,0.5297909379005432,NA,NA,NA,NA,NA,NA,NA,NA,NA
x41391_836_808_17_083,836.808,17.083,16:0,41391,MADAG,MADAG(O-16:0/16:0/18:1) [M+NH4]+,NA,NA,NA,Unknown,NA,Unknown,NA,Unknown,NA,Unknown,NA,NA,NA,NA,NA,NA,Glycerolipid,Monoalkyldiacylglycerols,MADAG,MADAG(O-16:0/16:0/18:1) [M+NH4]+
x12395_452_35157_6_187,452.35157,6.187,16:0,12395,Unknown,NA,C30H45NO2,[M + H]+,C30H45NO2,Unknown,0.5603600740432739,Unknown,0.34130504727363586,Unknown,0.4211167097091675,Unknown,0.7442737817764282,NA,NA,NA,NA,NA,NA,NA,NA,NA
x27004_636_55568_12_46,636.55568,12.46,16:0,27004,Unknown,NA,NA,NA,NA,Unknown,NA,Unknown,NA,Unknown,NA,Unknown,NA,NA,NA,NA,NA,NA,NA,NA,NA,NA
x26410_616_56642_12_334,616.56642,12.334,16:0,26410,Unknown,NA,C40H73NO3,[M + H]+,C40H73NO3,Fatty acids,0.984906792640686,Unknown,0.7238919138908386,Unknown,0.6154646873474121,N-acyl amines,0.9117761850357056,NA,NA,NA,NA,NA,NA,NA,NA,NA
x38832_808_73874_15_725,808.73874,15.725,16:0,38832,Triacylglycerols,TAG(15:0/16:0/16:1) / (14:0/16:0/17:1) [M+NH4]+,C50H97NO6,[M + H]+,C50H97NO6,Fatty acids,0.9996083378791808,Glycerolipids,0.9951386451721193,Triacylglycerols,0.9999185800552368,Triacylglycerols,0.997972309589386,NA,NA,NA,NA,NA,Glycerolipid,Triacylglycerols,Triacylglycerols,TAG(15:0/16:0/16:1) / (14:0/16:0/17:1) [M+NH4]+
x40923_834_79133_16_725,834.79133,16.725,16:0,40923,Unknown,NA,NA,NA,NA,Unknown,NA,Unknown,NA,Unknown,NA,Unknown,NA,NA,NA,NA,NA,NA,NA,NA,NA,NA
x39923_850_82507_16_185,850.82507,16.185,16:0,39923,Triacylglycerols,NA,C54H104O5,[M + H3N + H]+,C54H107NO5,Fatty acids,0.9997219443321228,Glycerolipids,0.9985985159873962,Triacylglycerols,0.9997335076332092,Triacylglycerols,0.9462357759475708,NA,NA,NA,NA,NA,NA,NA,NA,NA
x25007_634_53948_11_913,634.53948,11.913,16:0,25007,Diacylglycerols,DAG(16:0/20:4) [M+NH4]+,NA,NA,NA,Unknown,NA,Unknown,NA,Unknown,NA,Unknown,NA,NA,NA,NA,NA,NA,Glycerolipid,Diacylglycerols,Diacylglycerols,DAG(16:0/20:4) [M+NH4]+
x37238_823_75438_15_138,823.75438,15.138,16:0,37238,Triacylglycerols,NA,C53H100O4,[M + Na]+,C53H100O4,Fatty acids,0.983838438987732,Glycerolipids,0.8564286231994629,Triacylglycerols,0.9900769591331482,Unknown,0.8427812457084656,NA,NA,NA,NA,NA,NA,NA,NA,NA
x22710_606_50966_10_877,606.50966,10.877,16:0,22710,Diacylglycerols,DAG(18:4/16:0) [M+NH4]+,NA,NA,NA,Unknown,NA,Unknown,NA,Unknown,NA,Unknown,NA,NA,NA,NA,NA,NA,Glycerolipid,Diacylglycerols,Diacylglycerols,DAG(18:4/16:0) [M+NH4]+
x19755_486_45229_9_263,486.45229,9.263,16:0,19755,Unknown,NA,C29H59NO4,[M + H]+,C29H59NO4,Unknown,0.6758213639259338,Unknown,0.4538428485393524,Unknown,0.1978586912155151,Unknown,0.7008834481239319,NA,NA,NA,NA,NA,NA,NA,NA,NA
x29439_942_74296_13_071,942.74296,13.071,16:0,29439,Unknown,NA,C61H97N3O3,[M + Na]+,C61H97N3O3,Unknown,0.8238797783851624,Unknown,0.2210809737443924,Unknown,0.26397350430488586,Unknown,0.5330723524093628,NA,NA,NA,NA,NA,NA,NA,NA,NA
x39825_830_76252_16_159,830.76252,16.159,16:0,39825,MADAG,MADAG(O-16:0/16:0/18:4) / (O-16:0/14:0/20:4) [M+NH4]+,C53H96O5,[M + H3N + H]+,C53H99NO5,Fatty acids,0.9999966621398926,Glycerolipids,0.9998867511749268,Triacylglycerols,0.9952481389045716,Triacylglycerols,0.9236792922019958,NA,NA,NA,NA,NA,Glycerolipid,Monoalkyldiacylglycerols,MADAG,MADAG(O-16:0/16:0/18:4) / (O-16:0/14:0/20:4) [M+NH4]+
x28828_638_57161_12_944,638.57161,12.944,16:0,28828,Unknown,NA,NA,NA,NA,Unknown,NA,Unknown,NA,Unknown,NA,Unknown,NA,NA,NA,NA,NA,NA,NA,NA,NA,NA
x34204_684_61583_14_171,684.61583,14.171,16:0,34204,Unknown,NA,NA,NA,NA,Unknown,NA,Unknown,NA,Unknown,NA,Unknown,NA,NA,NA,NA,NA,NA,NA,NA,NA,NA
x33991_796_70386_14_131,796.70386,14.131,16:0,33991,Triacylglycerols,NA,C48H93NO7,[M + H]+,C48H93NO7,Fatty acids,0.9991322159767152,Unknown,0.7965245842933655,Triacylglycerols,0.9897470474243164,N-acyl amines,0.8993501663208008,NA,NA,NA,NA,NA,NA,NA,NA,NA
x32092_796_70315_13_703,796.70315,13.703,16:0,32092,Unknown,NA,C14H12I4N2O5,[M + H]+,C14H12I4N2O5,Unknown,0.5374858379364014,Small peptides,0.8806518912315369,Unknown,0.17743222415447235,Unknown,0.6004092693328857,NA,NA,NA,NA,NA,NA,NA,NA,NA
x5208_330_33679_3_691,330.33679,3.691,16:0,5208,Unknown,NA,C20H43NO2,[M + H]+,C20H43NO2,Fatty acids,0.9988064765930176,Unknown,0.8222464323043823,Unknown,0.20492351055145264,Unknown,0.6272478103637695,NA,NA,NA,NA,NA,NA,NA,NA,NA
x39731_810_79367_16_093,810.79367,16.093,16:0,39731,Unknown,NA,NA,NA,NA,Unknown,NA,Unknown,NA,Unknown,NA,Unknown,NA,NA,NA,NA,NA,NA,NA,NA,NA,NA
x31757_768_6729_13_622,768.6729,13.622,16:0,31757,Unknown,NA,C15H10I4O3,[M + Na]+,C15H10I4O3,Shikimates and Phenylpropanoids,0.9569412469863892,Unknown,0.4766101837158203,Unknown,0.1578868329524994,Unknown,0.6796980500221252,NA,NA,NA,NA,NA,NA,NA,NA,NA
x34980_910_74686_14_372,910.74686,14.372,16:0,34980,Unknown,NA,C55H101NO7,[M + Na]+,C55H101NO7,Unknown,0.7911189198493958,Unknown,0.6652085185050964,Unknown,0.3696173131465912,N-acyl amines,0.9006704092025757,NA,NA,NA,NA,NA,NA,NA,NA,NA
x30189_740_64151_13_291,740.64151,13.291,16:0,30189,Unknown,NA,C44H85NO7,[M + H]+,C44H85NO7,Fatty acids,0.9922943115234376,Sphingolipids,0.8919516205787659,Unknown,0.5168188810348511,Unknown,0.616931676864624,NA,NA,NA,NA,NA,NA,NA,NA,NA
x38486_836_76856_15_633,836.76856,15.633,16:0,38486,Triacylglycerols,TAG(15:0/16:0/18:1) / (16:0/16:1/17:0) [M+NH4]+,NA,NA,NA,Unknown,NA,Unknown,NA,Unknown,NA,Unknown,NA,NA,NA,NA,NA,NA,Glycerolipid,Triacylglycerols,Triacylglycerols,TAG(15:0/16:0/18:1) / (16:0/16:1/17:0) [M+NH4]+
x40894_808_77594_16_706,808.77594,16.706,16:0,40894,Triacylglycerols,NA,C51H98O5,[M + H3N + H]+,C51H101NO5,Fatty acids,0.99960058927536,Glycerolipids,0.9992635846138,Triacylglycerols,0.999516487121582,Triacylglycerols,0.981511652469635,NA,NA,NA,NA,NA,NA,NA,NA,NA
x41674_864_83947_17_435,864.83947,17.435,16:0,41674,MADAG,MADAG(O-18:0/16:0/18:1) / (O-18:0/14:0/20:1) [M+NH4]+,C55H106O5,[M + H3N + H]+,C55H109NO5,Fatty acids,0.9998718500137328,Glycerolipids,0.9988569021224976,Triacylglycerols,0.9998249411582948,Triacylglycerols,0.9800185561180116,NA,NA,NA,NA,NA,Glycerolipid,Monoalkyldiacylglycerols,MADAG,MADAG(O-18:0/16:0/18:1) / (O-18:0/14:0/20:1) [M+NH4]+
x30412_766_65637_13_301,766.65637,13.301,16:0,30412,Unknown,NA,C46H87NO7,[M + H]+,C46H87NO7,Fatty acids,0.9765849709510804,Unknown,0.8023783564567566,Unknown,0.6559434533119202,N-acyl amines,0.8540357947349548,NA,NA,NA,NA,NA,NA,NA,NA,NA
x21927_530_49385_10_401,530.49385,10.401,16:0,21927,Unknown,NA,C35H63NO2,[M + H]+,C35H63NO2,Fatty acids,0.9252058267593384,Unknown,0.30204805731773376,Unknown,0.5777391195297241,N-acyl amines,0.9545540809631348,NA,NA,NA,NA,NA,NA,NA,NA,NA
x38252_810_75471_15_538,810.75471,15.538,16:0,38252,Triacylglycerols,NA,C50H99NO6,[M + H]+,C50H99NO6,Fatty acids,0.999036431312561,Glycerolipids,0.9472678303718568,Triacylglycerols,0.995267927646637,Unknown,0.547029972076416,NA,NA,NA,NA,NA,NA,NA,NA,NA
x32550_682_59842_13_77,682.59842,13.77,16:0,32550,Triacylglycerols,NA,C41H79NO6,[M + H]+,C41H79NO6,Fatty acids,0.9996887445449828,Unknown,0.632728099822998,Triacylglycerols,0.9280382990837096,Unknown,0.5018863677978516,NA,NA,NA,NA,NA,NA,NA,NA,NA
x37617_808_7373_15_246,808.7373,15.246,16:0,37617,Triacylglycerols,TAG(15:0/16:0/16:1) / (14:0/16:0/17:1) [M+NH4]+,C48H99NO6,[M + Na]+,C48H99NO6,Fatty acids,0.9999490976333618,Glycerolipids,0.9980065226554872,Triacylglycerols,0.9998958110809326,Triacylglycerols,0.9838647842407228,NA,NA,NA,NA,NA,Glycerolipid,Triacylglycerols,Triacylglycerols,TAG(15:0/16:0/16:1) / (14:0/16:0/17:1) [M+NH4]+
x38493_862_78466_15_631,862.78466,15.631,16:0,38493,Triacylglycerols,TAG(16:1/17:0/18:1) / (14:0/17:0/20:2) [M+NH4]+,NA,NA,NA,Unknown,NA,Unknown,NA,Unknown,NA,Unknown,NA,NA,NA,NA,NA,NA,Glycerolipid,Triacylglycerols,Triacylglycerols,TAG(16:1/17:0/18:1) / (14:0/17:0/20:2) [M+NH4]+
x30429_864_73284_13_346,864.73284,13.346,16:0,30429,Unknown,NA,C52H97NO8,[M + H]+,C52H97NO8,Unknown,0.38930344581604,Unknown,0.14439363777637482,Unknown,0.09153841435909273,Unknown,0.5699817538261414,NA,NA,NA,NA,NA,NA,NA,NA,NA
x39008_882_78868_15_795,882.78868,15.795,16:0,39008,MADAG,MADAG(O-16:0/16:0/22:6) [M+NH4]+,NA,NA,NA,Unknown,NA,Unknown,NA,Unknown,NA,Unknown,NA,NA,NA,NA,NA,NA,Glycerolipid,Monoalkyldiacylglycerols,MADAG,MADAG(O-16:0/16:0/22:6) [M+NH4]+
x37746_782_72212_15_293,782.72212,15.293,16:0,37746,Unknown,NA,C44H91N7O4,[M + H]+,C44H91N7O4,Fatty acids,0.9140575528144836,Unknown,0.1356346160173416,Unknown,0.20695751905441284,Unknown,0.6959962248802185,NA,NA,NA,NA,NA,NA,NA,NA,NA
x37697_834_75304_15_278,834.75304,15.278,16:0,37697,Triacylglycerols,NA,C50H101NO6,[M + Na]+,C50H101NO6,Fatty acids,0.9992029070854188,Glycerolipids,0.9760593175888062,Triacylglycerols,0.9967129230499268,Unknown,0.7800022959709167,NA,NA,NA,NA,NA,NA,NA,NA,NA
x38102_830_72222_15_378,830.72222,15.378,16:0,38102,Unknown,NA,C52H95NO6,[M + H]+,C52H95NO6,Fatty acids,0.9992462396621704,Unknown,0.5255635380744934,Unknown,0.4491126239299774,N-acyl amines,0.9808332920074464,NA,NA,NA,NA,NA,NA,NA,NA,NA
x34675_714_63961_14_304,714.63961,14.304,16:0,34675,Unknown,NA,C46H83NO4,[M + H]+,C46H83NO4,Fatty acids,0.9907339811325072,Unknown,0.4610364437103271,Unknown,0.5902130007743835,Unknown,0.5877242088317871,NA,NA,NA,NA,NA,NA,NA,NA,NA
x28552_698_59322_12_888,698.59322,12.888,16:0,28552,Unknown,NA,NA,NA,NA,Unknown,NA,Unknown,NA,Unknown,NA,Unknown,NA,NA,NA,NA,NA,NA,NA,NA,NA,NA
x37413_874_78204_15_207,874.78204,15.207,16:0,37413,Triacylglycerols,TAG(16:0/18:1/18:2) [M+NH4]+,C55H103NO6,[M + H]+,C55H103NO6,Fatty acids,0.9983434677124025,Glycerolipids,0.9933613538742064,Triacylglycerols,0.9999121427536012,Triacylglycerols,0.9951900243759156,NA,NA,NA,NA,NA,Glycerolipid,Triacylglycerols,Triacylglycerols,TAG(16:0/18:1/18:2) [M+NH4]+
x38606_914_81517_15_612,914.81517,15.612,16:0,38606,Triacylglycerols,TAG(16:0/17:0/22:4) [M+NH4]+,C58H107NO6,[M + H]+,C58H107NO6,Fatty acids,0.9994149208068848,Glycerolipids,0.976506769657135,Triacylglycerols,0.997503936290741,N-acyl amines,0.9768217206001282,NA,NA,NA,NA,NA,Glycerolipid,Triacylglycerols,Triacylglycerols,TAG(16:0/17:0/22:4) [M+NH4]+
x39571_868_79875_16_037,868.79875,16.037,16:0,39571,Triacylglycerols,NA,C53H105NO7,[M + H]+,C53H105NO7,Fatty acids,0.9999079704284668,Unknown,0.5309426784515381,Triacylglycerols,0.9520542621612548,N-acyl amines,0.9640710949897766,NA,NA,NA,NA,NA,NA,NA,NA,NA
x27297_774_60107_12_544,774.60107,12.544,16:0,27297,Unknown,NA,C50H79NO5,[M + H]+,C50H79NO5,Unknown,0.806770920753479,Unknown,0.3012810945510864,Unknown,0.1569977104663849,Unknown,0.6999937295913696,NA,NA,NA,NA,NA,NA,NA,NA,NA
x29910_944_75426_13_22,944.75426,13.22,16:0,29910,Unknown,NA,C57H101NO9,[M + H]+,C57H101NO9,Fatty acids,0.990301251411438,Unknown,0.5200237035751343,Unknown,0.5433329939842224,N-acyl amines,0.8929202556610107,NA,NA,NA,NA,NA,NA,NA,NA,NA
x38121_754_69326_15_437,754.69326,15.437,16:0,38121,Triacylglycerols,NA,C46H91NO6,[M + H]+,C46H91NO6,Fatty acids,0.9997716546058656,Glycerolipids,0.998277187347412,Triacylglycerols,0.999832272529602,Triacylglycerols,0.9992701411247252,NA,NA,NA,NA,NA,NA,NA,NA,NA
x8998_434_39937_4_917,434.39937,4.917,16:0,8998,Unknown,NA,NA,NA,NA,Unknown,NA,Unknown,NA,Unknown,NA,Unknown,NA,NA,NA,NA,NA,NA,NA,NA,NA,NA
x41416_810_79403_17_112,810.79403,17.112,16:0,41416,Unknown,NA,NA,NA,NA,Unknown,NA,Unknown,NA,Unknown,NA,Unknown,NA,NA,NA,NA,NA,NA,NA,NA,NA,NA
x36375_845_76909_14_804,845.76909,14.804,16:0,36375,Unknown,NA,C53H100N2O5,[M + H]+,C53H100N2O5,Fatty acids,0.9673259258270264,Unknown,0.5742733478546143,Unknown,0.40369975566864014,N-acyl amines,0.93704986572265625,NA,NA,NA,NA,NA,NA,NA,NA,NA
x29521_664_58531_13_119,664.58531,13.119,16:0,29521,Unknown,NA,NA,NA,NA,Unknown,NA,Unknown,NA,Unknown,NA,Unknown,NA,NA,NA,NA,NA,NA,NA,NA,NA,NA
x27340_570_54621_12_557,570.54621,12.557,16:0,27340,Unknown,NA,C35H71NO4,[M + H]+,C35H71NO4,Unknown,0.7677496671676636,Unknown,0.680351734161377,Unknown,0.19901324808597565,Unknown,0.523469865322113,NA,NA,NA,NA,NA,NA,NA,NA,NA
x39076_838_78446_15_797,838.78446,15.797,16:0,39076,Triacylglycerols,NA,C52H103NO6,[M + H]+,C52H103NO6,Fatty acids,0.9994863271713256,Glycerolipids,0.9968083500862122,Triacylglycerols,0.999911904335022,Triacylglycerols,0.9963573813438416,NA,NA,NA,NA,NA,NA,NA,NA,NA
x36840_794_72207_14_99,794.72207,14.99,16:0,36840,Triacylglycerols,TAG(14:0/16:0/16:1) / TAG(14:0/14:0/18:1) [M+NH4]+,NA,NA,NA,Unknown,NA,Unknown,NA,Unknown,NA,Unknown,NA,NA,NA,NA,NA,NA,Glycerolipid,Triacylglycerols,Triacylglycerols,TAG(14:0/16:0/16:1) / TAG(14:0/14:0/18:1) [M+NH4]+
x40442_896_83014_16_446,896.83014,16.446,16:0,40442,Triacylglycerols,NA,C55H109NO7,[M + H]+,C55H109NO7,Fatty acids,0.999852418899536,Glycerolipids,0.9984429478645324,Triacylglycerols,0.999990463256836,Triacylglycerols,0.9998249411582948,NA,NA,NA,NA,NA,NA,NA,NA,NA
x6519_328_32138_4_097,328.32138,4.097,16:0,6519,Unknown,NA,C20H41NO2,[M + H]+,C20H41NO2,Fatty acids,0.8814877867698669,Fatty amides,0.8692132830619812,Unknown,0.4760517477989197,N-acyl amines,0.9423084855079652,NA,NA,NA,NA,NA,NA,NA,NA,NA
x26852_716_56014_12_491,716.56014,12.491,16:0,26852,Unknown,NA,C42H73N3O6,[M + H]+,C42H73N3O6,Fatty acids,0.991260826587677,Glycerolipids,0.8995640277862549,Unknown,0.8234863877296448,Unknown,0.7607069611549377,NA,NA,NA,NA,NA,NA,NA,NA,NA
x31341_982_74378_13_544,982.74378,13.544,16:0,31341,Unknown,NA,C61H101NO7,[M + Na]+,C61H101NO7,Unknown,0.7490191459655762,Unknown,0.10730733722448348,Unknown,0.2712402939796448,N-acyl amines,0.9412249326705932,NA,NA,NA,NA,NA,NA,NA,NA,NA
x3174_446_3638_2_948,446.3638,2.948,16:0,3174,Unknown,NA,C28H47NO3,[M + H]+,C28H47NO3,Terpenoids,0.8644094467163086,Steroids,0.9862528443336488,Unknown,0.5128347277641296,Unknown,0.6899177432060242,NA,NA,NA,NA,NA,NA,NA,NA,NA
x26003_584_52252_12_217,584.52252,12.217,16:0,26003,Diacylglycerols,DAG(16:0/16:1) / (14:0/18:1) [M+NH4]+,NA,NA,NA,Unknown,NA,Unknown,NA,Unknown,NA,Unknown,NA,NA,NA,NA,NA,NA,Glycerolipid,Diacylglycerols,Diacylglycerols,DAG(16:0/16:1) / (14:0/18:1) [M+NH4]+
x27366_614_54959_12_594,614.54959,12.594,16:0,27366,Unknown,NA,C40H71NO3,[M + H]+,C40H71NO3,Fatty acids,0.9355329871177672,Unknown,0.2614687383174896,Unknown,0.10462025552988052,Unknown,0.8011114597320557,NA,NA,NA,NA,NA,NA,NA,NA,NA
x25287_486_43167_11_994,486.43167,11.994,16:0,25287,Unknown,NA,C32H55NO2,[M + H]+,C32H55NO2,Unknown,0.8357782959938049,Unknown,0.7259454131126404,Unknown,0.18366357684135437,Unknown,0.5927799344062805,NA,NA,NA,NA,NA,NA,NA,NA,NA
x36284_848_76414_14_808,848.76414,14.808,16:0,36284,Triacylglycerols,TAG(16:0/16:0/18:2) [M+NH4]+,C51H103NO6,[M + Na]+,C51H103NO6,Fatty acids,0.9996095299720764,Glycerolipids,0.963366448879242,Triacylglycerols,0.9973829388618468,Unknown,0.6017723679542542,NA,NA,NA,NA,NA,Glycerolipid,Triacylglycerols,Triacylglycerols,TAG(16:0/16:0/18:2) [M+NH4]+
x32744_768_67366_13_842,768.67366,13.842,16:0,32744,Unknown,NA,C46H89NO7,[M + H]+,C46H89NO7,Fatty acids,0.9934564232826232,Unknown,0.725791871547699,Unknown,0.7245649099349976,N-acyl amines,0.9107678532600404,NA,NA,NA,NA,NA,NA,NA,NA,NA
x34988_836_73422_14_395,836.73422,14.395,16:0,34988,Unknown,NA,C47H93N7O5,[M + H]+,C47H93N7O5,Unknown,0.42736512422561646,Unknown,0.49959954619407654,Unknown,0.5502158403396606,Unknown,0.5142372250556946,NA,NA,NA,NA,NA,NA,NA,NA,NA
x28679_586_54101_12_903,586.54101,12.903,16:0,28679,Diacylglycerols,DAG (16:0/16:0),C35H68O5,[M + H3N + H]+,C35H71NO5,Fatty acids,0.999954342842102,Glycerolipids,0.9971946477890016,Diacylglycerols,0.9112603664398192,"1,2-diacylglycerols",0.9134789705276488,0.856605,1.76901,DAG (16:0/16:0),N/A,N/A,NA,NA,NA,NA
x29598_642_57878_13_155,642.57878,13.155,16:0,29598,Unknown,NA,C42H75NO3,[M + H]+,C42H75NO3,Fatty acids,0.997026264667511,Unknown,0.47859683632850647,Unknown,0.3277614414691925,N-acyl amines,0.9940000772476196,NA,NA,NA,NA,NA,NA,NA,NA,NA
x38895_840_80057_15_747,840.80057,15.747,16:0,38895,Triacylglycerols,NA,C52H105NO6,[M + H]+,C52H105NO6,Fatty acids,0.9983616471290588,Glycerolipids,0.9643765091896056,Triacylglycerols,0.9924052357673644,N-acyl amines,0.8998005390167236,NA,NA,NA,NA,NA,NA,NA,NA,NA
x36754_780_70808_14_971,780.70808,14.971,16:0,36754,Unknown,NA,NA,NA,NA,Unknown,NA,Unknown,NA,Unknown,NA,Unknown,NA,NA,NA,NA,NA,NA,NA,NA,NA,NA
x34951_936_76168_14_353,936.76168,14.353,16:0,34951,Triacylglycerols,NA,C57H103NO7,[M + Na]+,C57H103NO7,Fatty acids,0.998080849647522,Glycerolipids,0.9605165719985962,Triacylglycerols,0.99887353181839,Unknown,0.665687620639801,NA,NA,NA,NA,NA,NA,NA,NA,NA
x28507_710_59476_12_868,710.59476,12.868,16:0,28507,Unknown,NA,C42H79NO7,[M + H]+,C42H79NO7,Fatty acids,0.9797765612602234,Unknown,0.23875844478607175,Unknown,0.2700512111186981,N-acyl amines,0.9551180601119996,NA,NA,NA,NA,NA,NA,NA,NA,NA
x32632_862_71281_13_808,862.71281,13.808,16:0,32632,Unknown,NA,C52H95NO8,[M + H]+,C52H95NO8,Unknown,0.8343235850334167,Unknown,0.2162044495344162,Unknown,0.17817021906375885,N-acyl amines,0.868570864200592,NA,NA,NA,NA,NA,NA,NA,NA,NA
x40927_782_76171_16_727,782.76171,16.727,16:0,40927,Unknown,NA,NA,NA,NA,Unknown,NA,Unknown,NA,Unknown,NA,Unknown,NA,NA,NA,NA,NA,NA,NA,NA,NA,NA
x28625_724_60759_12_902,724.60759,12.902,16:0,28625,Triacylglycerols,NA,C43H81NO7,[M + H]+,C43H81NO7,Fatty acids,0.9999715089797974,Glycerolipids,0.9992176294326782,Triacylglycerols,0.9991484880447388,Triacylglycerols,0.8942474722862244,NA,NA,NA,NA,NA,NA,NA,NA,NA
x38508_383_36668_15_594,383.36668,15.594,16:0,38508,Unknown,NA,C28H46,[M + H]+,C28H46,Terpenoids,0.9978995323181152,Unknown,0.6605135798454285,Unknown,0.362238883972168,Unknown,0.844917356967926,NA,NA,NA,NA,NA,NA,NA,NA,NA
x39922_918_84455_16_192,918.84455,16.192,16:0,39922,Triacylglycerols,NA,C56H113NO6,[M + Na]+,C56H113NO6,Fatty acids,0.9992881417274476,Glycerolipids,0.9950130581855774,Triacylglycerols,0.9999258518218994,Triacylglycerols,0.9812761545181274,NA,NA,NA,NA,NA,NA,NA,NA,NA
x31641_656_5845_13_609,656.5845,13.609,16:0,31641,Unknown,NA,C38H75N5O2,[M + Na]+,C38H75N5O2,Unknown,0.7215563654899597,Unknown,0.5205098986625671,Unknown,0.8389806747436523,N-acyl amines,0.9262046813964844,NA,NA,NA,NA,NA,NA,NA,NA,NA
x15437_612_46885_7_446,612.46885,7.446,16:0,15437,Unknown,NA,C32H61N5O6,[M + H]+,C32H61N5O6,Unknown,0.5077546834945679,Unknown,0.31371667981147766,Unknown,0.5412543416023254,Unknown,0.8425242900848389,NA,NA,NA,NA,NA,NA,NA,NA,NA
x38054_914_81476_15_431,914.81476,15.431,16:0,38054,Unknown,NA,NA,NA,NA,Unknown,NA,Unknown,NA,Unknown,NA,Unknown,NA,NA,NA,NA,NA,NA,NA,NA,NA,NA
x29350_738_62619_13_067,738.62619,13.067,16:0,29350,Unknown,NA,C44H83NO7,[M + H]+,C44H83NO7,Fatty acids,0.9994761347770692,Unknown,0.1801956743001938,Unknown,0.7254060506820679,N-acyl amines,0.9137036204338074,NA,NA,NA,NA,NA,NA,NA,NA,NA
x34871_684_61639_14_325,684.61639,14.325,16:0,34871,Triacylglycerols,NA,C41H81NO6,[M + H]+,C41H81NO6,Fatty acids,0.9988839030265808,Unknown,0.6144347786903381,Triacylglycerols,0.8918731212615967,N-acyl amines,0.9566578269004822,NA,NA,NA,NA,NA,NA,NA,NA,NA
x41123_1072_95044_16_839,1072.95044,16.839,16:0,41123,Triacylglycerols,NA,C67H125NO8,[M + H]+,C67H125NO8,Fatty acids,0.998866081237793,Glycerolipids,0.9516092538833618,Triacylglycerols,0.998400866985321,N-acyl amines,0.9787806272506714,NA,NA,NA,NA,NA,NA,NA,NA,NA
x28577_736_61121_12_888,736.61121,12.888,16:0,28577,Unknown,NA,C44H81NO7,[M + H]+,C44H81NO7,Fatty acids,0.94080251455307,Unknown,0.510051429271698,Unknown,0.4145202338695526,Unknown,0.7617908716201782,NA,NA,NA,NA,NA,NA,NA,NA,NA
x39547_1142_93075_16_031,1142.93075,16.031,16:0,39547,Unknown,NA,C48H32O16S8,[M + Na]+,C48H32O16S8,Shikimates and Phenylpropanoids,0.9921086430549622,Unknown,0.6847434043884277,Unknown,0.02878949977457523,Arylsulfonic acids and derivatives,0.9448525905609132,NA,NA,NA,NA,NA,NA,NA,NA,NA
x5968_456_38482_3_914,456.38482,3.914,16:0,5968,Unknown,NA,C30H49NO2,[M + H]+,C30H49NO2,Terpenoids,0.9299365282058716,Unknown,0.8395252823829651,Unknown,0.8403705358505249,Unknown,0.7090803384780884,NA,NA,NA,NA,NA,NA,NA,NA,NA
x28056_696_57809_12_742,696.57809,12.742,16:0,28056,Triacylglycerols,NA,C41H77NO7,[M + H]+,C41H77NO7,Fatty acids,0.9999504089355468,Glycerolipids,0.997426688671112,Triacylglycerols,0.998636782169342,Triacylglycerols,0.9828353524208068,NA,NA,NA,NA,NA,NA,NA,NA,NA
x31485_766_65651_13_53,766.65651,13.53,16:0,31485,Unknown,NA,C46H87NO7,[M + H]+,C46H87NO7,Fatty acids,0.9680070877075196,Sphingolipids,0.8675797581672668,Unknown,0.3101290166378021,N-acyl amines,0.950986385345459,NA,NA,NA,NA,NA,NA,NA,NA,NA
x35588_740_65656_14_543,740.65656,14.543,16:0,35588,Unknown,NA,C48H85NO4,[M + H]+,C48H85NO4,Fatty acids,0.9878910779953004,Unknown,0.42010053992271423,Unknown,0.45910319685935974,Unknown,0.5138809084892273,NA,NA,NA,NA,NA,NA,NA,NA,NA
x24316_634_53843_11_715,634.53843,11.715,16:0,24316,Diacylglycerols,DAG(16:0/20:4) [M+NH4]+,NA,NA,NA,Unknown,NA,Unknown,NA,Unknown,NA,Unknown,NA,NA,NA,NA,NA,NA,Glycerolipid,Diacylglycerols,Diacylglycerols,DAG(16:0/20:4) [M+NH4]+
x30826_764_64428_13_399,764.64428,13.399,16:0,30826,Unknown,NA,C19H11Br5N2O5,[M + Na]+,C19H11Br5N2O5,Unknown,0.32922300696372986,Unknown,0.4590733051300049,Unknown,0.663761556148529,Unknown,0.8060757517814636,NA,NA,NA,NA,NA,NA,NA,NA,NA
x39087_782_76131_15_819,782.76131,15.819,16:0,39087,Unknown,NA,NA,NA,NA,Unknown,NA,Unknown,NA,Unknown,NA,Unknown,NA,NA,NA,NA,NA,NA,NA,NA,NA,NA
x2297_450_32261_2_287,450.32261,2.287,16:0,2297,Unknown,NA,C26H43NO5,[M + H]+,C26H43NO5,Unknown,0.6911188364028931,Unknown,0.5386787056922913,Unknown,0.3554600179195404,Unknown,0.6060225367546082,NA,NA,NA,NA,NA,NA,NA,NA,NA
x21947_562_52096_10_411,562.52096,10.411,16:0,21947,Unknown,NA,C36H67NO3,[M + H]+,C36H67NO3,Terpenoids,0.9232723712921144,Unknown,0.8481500148773193,Unknown,0.6382681131362915,Triterpenoids,0.9809412956237792,NA,NA,NA,NA,NA,NA,NA,NA,NA
x22756_544_50985_10_881,544.50985,10.881,16:0,22756,Unknown,NA,C36H65NO2,[M + H]+,C36H65NO2,Fatty acids,0.9229936003684998,Unknown,0.14965252578258514,Unknown,0.6633085012435913,N-acyl amines,0.977568507194519,NA,NA,NA,NA,NA,NA,NA,NA,NA
x32991_822_72042_13_902,822.72042,13.902,16:0,32991,Triacylglycerols,NA,C50H95NO7,[M + H]+,C50H95NO7,Fatty acids,0.9990376234054564,Unknown,0.689747154712677,Triacylglycerols,0.9219526052474976,Unknown,0.7095088362693787,NA,NA,NA,NA,NA,NA,NA,NA,NA
x29285_740_64005_13_068,740.64005,13.068,16:0,29285,Unknown,NA,C44H85NO7,[M + H]+,C44H85NO7,Fatty acids,0.9891449809074402,Sphingolipids,0.8683770895004272,Unknown,0.438795953989029,N-acyl amines,0.9441474080085754,NA,NA,NA,NA,NA,NA,NA,NA,NA
x31062_780_67594_13_46,780.67594,13.46,16:0,31062,Unknown,NA,C21H22Br6O2,[M + H]+,C21H22Br6O2,Unknown,0.34827500581741333,Unknown,0.2759585380554199,Unknown,0.8223947286605835,Aryl bromides,0.9493053555488586,NA,NA,NA,NA,NA,NA,NA,NA,NA
x31439_740_64256_13_552,740.64256,13.552,16:0,31439,Unknown,NA,C44H85NO7,[M + H]+,C44H85NO7,Fatty acids,0.9848909974098206,Unknown,0.8384730815887451,Unknown,0.3919775784015655,N-acyl amines,0.9403440356254578,NA,NA,NA,NA,NA,NA,NA,NA,NA
x28160_742_62128_12_753,742.62128,12.753,16:0,28160,Triacylglycerols,NA,C43H83NO8,[M + H]+,C43H83NO8,Fatty acids,0.999057114124298,Glycerolipids,0.9539210200309752,Triacylglycerols,0.97783100605011,Triacylglycerols,0.9588853120803832,NA,NA,NA,NA,NA,NA,NA,NA,NA
x6348_406_3685_4_054,406.3685,4.054,16:0,6348,Unknown,NA,C26H47NO2,[M + H]+,C26H47NO2,Fatty acids,0.9893688559532166,Fatty amides,0.8804796934127808,Unknown,0.7236568331718445,N-acyl amines,0.9827197790145874,NA,NA,NA,NA,NA,NA,NA,NA,NA
x30641_770_69068_13_409,770.69068,13.409,16:0,30641,Unknown,NA,NA,NA,NA,Unknown,NA,Unknown,NA,Unknown,NA,Unknown,NA,NA,NA,NA,NA,NA,NA,NA,NA,NA
x36888_726_66207_14_979,726.66207,14.979,16:0,36888,Unknown,NA,C44H87NO6,[M + H]+,C44H87NO6,Fatty acids,0.9594502449035645,Sphingolipids,0.9929447770118712,Unknown,0.15473075211048126,Unknown,0.7106585502624512,NA,NA,NA,NA,NA,NA,NA,NA,NA
x40174_1144_94373_16_269,1144.94373,16.269,16:0,40174,Unknown,NA,C74H121N5O4,[M + H]+,C74H121N5O4,Unknown,0.6860426664352417,Unknown,0.6866189241409302,Unknown,0.28629136085510254,Unknown,0.6369988918304443,NA,NA,NA,NA,NA,NA,NA,NA,NA
x30178_752_63971_13_268,752.63971,13.268,16:0,30178,Unknown,NA,C45H85NO7,[M + H]+,C45H85NO7,Fatty acids,0.995185911655426,Sphingolipids,0.9870505332946776,Unknown,0.7256256937980652,Unknown,0.6148523688316345,NA,NA,NA,NA,NA,NA,NA,NA,NA
x33290_808_7044_13_945,808.7044,13.945,16:0,33290,Triacylglycerols,NA,C49H93NO7,[M + H]+,C49H93NO7,Fatty acids,0.9992565512657166,Glycerolipids,0.960954248905182,Triacylglycerols,0.9962789416313172,Triacylglycerols,0.983876883983612,NA,NA,NA,NA,NA,NA,NA,NA,NA
x28189_762_63052_12_756,762.63052,12.756,16:0,28189,Unknown,NA,C43H85N3O6,[M + Na]+,C43H85N3O6,Unknown,0.7997397780418396,Oligopeptides,0.9556282758712769,Unknown,0.5233197212219238,Unknown,0.6953698992729187,NA,NA,NA,NA,NA,NA,NA,NA,NA
x39224_748_71855_15_878,748.71855,15.878,16:0,39224,Triacylglycerols,NA,C48H93NO4,[M + H]+,C48H93NO4,Fatty acids,0.99310302734375,Unknown,0.6334964036941528,Triacylglycerols,0.9072539806365968,Unknown,0.6559229493141174,NA,NA,NA,NA,NA,NA,NA,NA,NA
x17725_675_53497_8_45,675.53497,8.45,16:0,17725,Unknown,NA,C41H66N6O2,[M + H]+,C41H66N6O2,Alkaloids,0.8580498099327087,Unknown,0.23923105001449585,Unknown,0.25476041436195374,Unknown,0.6113843321800232,NA,NA,NA,NA,NA,NA,NA,NA,NA
x10781_530_4432_5_504,530.4432,5.504,16:0,10781,Unknown,NA,C30H59NO6,[M + H]+,C30H59NO6,Fatty acids,0.999862551689148,Glycerolipids,0.8832313418388367,Unknown,0.5772255659103394,Unknown,0.713632345199585,NA,NA,NA,NA,NA,NA,NA,NA,NA
x25105_538_51891_11_96,538.51891,11.96,16:0,25105,Unknown,NA,C34H67NO3,[M + H]+,C34H67NO3,Fatty acids,0.951737105846405,Unknown,0.5340847373008728,Unknown,0.3594512939453125,Unknown,0.736738920211792,NA,NA,NA,NA,NA,NA,NA,NA,NA
x7158_398_32758_4_305,398.32758,4.305,16:0,7158,Unknown,NA,C23H43NO4,[M + H]+,C23H43NO4,Unknown,0.3613482117652893,Unknown,0.3694497644901275,Unknown,0.3553909361362457,Unknown,0.5641676783561707,NA,NA,NA,NA,NA,NA,NA,NA,NA
x6761_340_32125_4_092,340.32125,4.092,16:0,6761,Unknown,NA,C21H41NO2,[M + H]+,C21H41NO2,Fatty acids,0.9132570028305054,Unknown,0.8077542781829834,Unknown,0.752895176410675,Unknown,0.681812584400177,NA,NA,NA,NA,NA,NA,NA,NA,NA
x41767_1105_01476_17_676,1105.01476,17.676,16:0,41767,Unknown,NA,NA,NA,NA,Unknown,NA,Unknown,NA,Unknown,NA,Unknown,NA,NA,NA,NA,NA,NA,NA,NA,NA,NA
x37148_864_76781_15_029,864.76781,15.029,16:0,37148,Triacylglycerols,NA,C53H101NO7,[M + H]+,C53H101NO7,Fatty acids,0.9992677569389344,Unknown,0.6167762279510498,Triacylglycerols,0.8535053133964539,N-acyl amines,0.8996431231498718,NA,NA,NA,NA,NA,NA,NA,NA,NA
x7622_354_33714_4_444,354.33714,4.444,16:0,7622,Unknown,NA,C22H43NO2,[M + H]+,C22H43NO2,Fatty acids,0.9679059982299804,Unknown,0.6783571839332581,Unknown,0.5269014239311218,"1,2-aminoalcohols",0.8556857109069824,NA,NA,NA,NA,NA,NA,NA,NA,NA
x7027_470_40051_4_269,470.40051,4.269,16:0,7027,Unknown,NA,C31H51NO2,[M + H]+,C31H51NO2,Unknown,0.6797220706939697,Unknown,0.803544819355011,Unknown,0.3688684105873108,Unknown,0.748701810836792,NA,NA,NA,NA,NA,NA,NA,NA,NA
x41016_1174_99297_16_774,1174.99297,16.774,16:0,41016,Unknown,NA,C44H52I4O4,[M + Na]+,C44H52I4O4,Fatty acids,0.8878515362739563,Unknown,0.6352769136428833,Unknown,0.09557317942380904,Unknown,0.8445098996162415,NA,NA,NA,NA,NA,NA,NA,NA,NA
x40691_866_85693_16_584,866.85693,16.584,16:0,40691,Unknown,NA,NA,NA,NA,Unknown,NA,Unknown,NA,Unknown,NA,Unknown,NA,NA,NA,NA,NA,NA,NA,NA,NA,NA
x28610_722_59368_12_858,722.59368,12.858,16:0,28610,Unknown,NA,C43H79NO7,[M + H]+,C43H79NO7,Unknown,0.81494903564453125,Unknown,0.6189073920249939,Unknown,0.33260059356689453,Unknown,0.5126553177833557,NA,NA,NA,NA,NA,NA,NA,NA,NA
x29346_726_62513_13_07,726.62513,13.07,16:0,29346,Unknown,NA,C43H83NO7,[M + H]+,C43H83NO7,Fatty acids,0.9992819428443908,Sphingolipids,0.975364863872528,Unknown,0.4053981900215149,Unknown,0.5102097392082214,NA,NA,NA,NA,NA,NA,NA,NA,NA
x38095_796_73774_15_479,796.73774,15.479,16:0,38095,Triacylglycerols,TAG(14:0/16:0/16:0) [M+NH4]+,C23H12Cl4I2N2O2S,[M + Na]+,C23H12Cl4I2N2O2S,Alkaloids,0.9967473745346068,Unknown,0.7769509553909302,Pyrrole alkaloids,0.9337414503097534,Unknown,0.7686601281166077,NA,NA,NA,NA,NA,Glycerolipid,Triacylglycerols,Triacylglycerols,TAG(14:0/16:0/16:0) [M+NH4]+
x40706_1120_94694_16_571,1120.94694,16.571,16:0,40706,Triacylglycerols,NA,C69H127NO8,[M + Na]+,C69H127NO8,Fatty acids,0.999972939491272,Glycerolipids,0.9988006353378296,Triacylglycerols,0.9999823570251464,Triacylglycerols,0.9999828338623048,NA,NA,NA,NA,NA,NA,NA,NA,NA
x27381_542_51665_12_563,542.51665,12.563,16:0,27381,Unknown,NA,C33H67NO4,[M + H]+,C33H67NO4,Fatty acids,0.9730062484741212,Unknown,0.6262689232826233,Unknown,0.6516851186752319,N-acyl amines,0.9128664135932922,NA,NA,NA,NA,NA,NA,NA,NA,NA
x30788_750_62681_13_38,750.62681,13.38,16:0,30788,Unknown,NA,C46H79N5O3,[M + H]+,C46H79N5O3,Unknown,0.6079894304275513,Unknown,0.16103725135326383,Unknown,0.518767237663269,Unknown,0.532805860042572,NA,NA,NA,NA,NA,NA,NA,NA,NA
x40378_1118_92938_16_347,1118.92938,16.347,16:0,40378,Unknown,NA,C37H26N4O25S6,[M + H]+,C37H26N4O25S6,Unknown,0.5136443972587585,Unknown,0.14559434354305267,Unknown,0.06296481937170029,Unknown,0.5015283226966858,NA,NA,NA,NA,NA,NA,NA,NA,NA
x29913_658_59981_13_225,658.59981,13.225,16:0,29913,Triacylglycerols,NA,C39H79NO6,[M + H]+,C39H79NO6,Fatty acids,0.9999407529830932,Glycerolipids,0.9971231818199158,Triacylglycerols,0.999406099319458,Triacylglycerols,0.9789526462554932,NA,NA,NA,NA,NA,NA,NA,NA,NA
x28191_712_61031_12_753,712.61031,12.753,16:0,28191,Unknown,NA,C42H81NO7,[M + H]+,C42H81NO7,Fatty acids,0.9895492792129515,Sphingolipids,0.9895479679107666,Unknown,0.18901242315769196,N-acyl amines,0.95677250623703,NA,NA,NA,NA,NA,NA,NA,NA,NA
x17030_649_5183_8_162,649.5183,8.162,16:0,17030,Unknown,NA,C39H64N6O2,[M + H]+,C39H64N6O2,Alkaloids,0.8811585307121277,Unknown,0.2242099940776825,Unknown,0.311932772397995,Unknown,0.7931644320487976,NA,NA,NA,NA,NA,NA,NA,NA,NA
x20192_677_54968_9_509,677.54968,9.509,16:0,20192,Unknown,NA,C41H68N6O2,[M + H]+,C41H68N6O2,Unknown,0.8369513154029846,Unknown,0.16406187415122986,Unknown,0.1987113207578659,Unknown,0.5427939891815186,NA,NA,NA,NA,NA,NA,NA,NA,NA
x28870_712_61129_12_946,712.61129,12.946,16:0,28870,Unknown,NA,C42H81NO7,[M + H]+,C42H81NO7,Fatty acids,0.998129665851593,Sphingolipids,0.9480571746826172,Unknown,0.35257700085639954,N-acyl amines,0.9569525718688964,NA,NA,NA,NA,NA,NA,NA,NA,NA
x28038_670_5609_12_749,670.5609,12.749,16:0,28038,Unknown,NA,NA,NA,NA,Unknown,NA,Unknown,NA,Unknown,NA,Unknown,NA,NA,NA,NA,NA,NA,NA,NA,NA,NA
x40183_1172_97683_16_328,1172.97683,16.328,16:0,40183,Unknown,NA,C54H39N4O3P3S9,[M + H]+,C54H39N4O3P3S9,Unknown,0.84886932373046875,Unknown,0.11914323270320892,Unknown,0.00956939533352851,Unknown,0.8086072206497192,NA,NA,NA,NA,NA,NA,NA,NA,NA
x30183_724_60718_13_289,724.60718,13.289,16:0,30183,Triacylglycerols,NA,C43H81NO7,[M + H]+,C43H81NO7,Fatty acids,0.9997827410697936,Glycerolipids,0.979668915271759,Triacylglycerols,0.9947340488433838,Triacylglycerols,0.987971007823944,NA,NA,NA,NA,NA,NA,NA,NA,NA
x32105_672_62953_13_706,672.62953,13.706,16:0,32105,Unknown,NA,C44H81NO3,[M + H]+,C44H81NO3,Fatty acids,0.9971917271614076,Unknown,0.699366569519043,Unknown,0.5639157891273499,N-acyl amines,0.9933133721351624,NA,NA,NA,NA,NA,NA,NA,NA,NA
x28110_714_58786_12_728,714.58786,12.728,16:0,28110,Triacylglycerols,NA,C41H79NO8,[M + H]+,C41H79NO8,Fatty acids,0.9996840953826904,Glycerolipids,0.9274900555610656,Triacylglycerols,0.9589008092880248,Triacylglycerols,0.9313369989395142,NA,NA,NA,NA,NA,NA,NA,NA,NA
x39998_1102_99666_16_243,1102.99666,16.243,16:0,39998,Triacylglycerols,NA,C69H131NO8,[M + H]+,C69H131NO8,Fatty acids,0.99871027469635,Unknown,0.8085020184516907,Triacylglycerols,0.9965178966522216,Triacylglycerols,0.9348161220550536,NA,NA,NA,NA,NA,NA,NA,NA,NA
x26487_726_58843_12_346,726.58843,12.346,16:0,26487,Unknown,NA,C42H79NO8,[M + H]+,C42H79NO8,Fatty acids,0.9973057508468628,Unknown,0.2742216885089874,Unknown,0.066892109811306,Unknown,0.7174582481384277,NA,NA,NA,NA,NA,NA,NA,NA,NA
x39233_858_79186_15_915,858.79186,15.915,16:0,39233,MADAG,MADAG(O-16:0/16:0/20:4) [M+NH4]+,NA,NA,NA,Unknown,NA,Unknown,NA,Unknown,NA,Unknown,NA,NA,NA,NA,NA,NA,Glycerolipid,Monoalkyldiacylglycerols,MADAG,MADAG(O-16:0/16:0/20:4) [M+NH4]+
x28506_694_61199_12_861,694.61199,12.861,16:0,28506,Unknown,NA,C46H79NO3,[M + H]+,C46H79NO3,Fatty acids,0.99729984998703,Unknown,0.6413635015487671,Unknown,0.335300475358963,N-acyl amines,0.9647669196128844,NA,NA,NA,NA,NA,NA,NA,NA,NA
x32090_754_65789_13_672,754.65789,13.672,16:0,32090,Unknown,NA,C45H87NO7,[M + H]+,C45H87NO7,Fatty acids,0.9953042268753052,Sphingolipids,0.899445652961731,Unknown,0.2798694372177124,N-acyl amines,0.8869591951370239,NA,NA,NA,NA,NA,NA,NA,NA,NA
x38059_720_68602_15_398,720.68602,15.398,16:0,38059,Unknown,NA,C46H89NO4,[M + H]+,C46H89NO4,Fatty acids,0.9822523593902588,Unknown,0.5996261835098267,Unknown,0.544853150844574,Unknown,0.7527890205383301,NA,NA,NA,NA,NA,NA,NA,NA,NA
x7986_488_4481_4_556,488.4481,4.556,16:0,7986,Unknown,NA,C32H57NO2,[M + H]+,C32H57NO2,Unknown,0.6574288606643677,Unknown,0.2708836793899536,Unknown,0.12026545405387878,Unknown,0.7837759256362915,NA,NA,NA,NA,NA,NA,NA,NA,NA
x40193_776_74879_16_322,776.74879,16.322,16:0,40193,Triacylglycerols,NA,C50H97NO4,[M + H]+,C50H97NO4,Fatty acids,0.9843292236328124,Unknown,0.5931394696235657,Triacylglycerols,0.9394122958183287,Unknown,0.6328713893890381,NA,NA,NA,NA,NA,NA,NA,NA,NA
x30605_698_59108_13_369,698.59108,13.369,16:0,30605,Unknown,NA,NA,NA,NA,Unknown,NA,Unknown,NA,Unknown,NA,Unknown,NA,NA,NA,NA,NA,NA,NA,NA,NA,NA
x26151_670_56198_12_262,670.56198,12.262,16:0,26151,Unknown,NA,C39H75NO7,[M + H]+,C39H75NO7,Fatty acids,0.9987519979476928,Sphingolipids,0.9543590545654296,Unknown,0.1786479502916336,Unknown,0.5005409121513367,NA,NA,NA,NA,NA,NA,NA,NA,NA
x30185_570_54738_13_265,570.54738,13.265,16:0,30185,Unknown,NA,C35H71NO4,[M + H]+,C35H71NO4,Fatty acids,0.9736358523368835,Unknown,0.5770551562309265,Unknown,0.5976505875587463,N-acyl amines,0.9223027229309082,NA,NA,NA,NA,NA,NA,NA,NA,NA
x33122_798_71799_13_918,798.71799,13.918,16:0,33122,Triacylglycerols,NA,C48H95NO7,[M + H]+,C48H95NO7,Fatty acids,0.9988781809806824,Unknown,0.7496910691261292,Triacylglycerols,0.9826427698135376,N-acyl amines,0.9804917573928832,NA,NA,NA,NA,NA,NA,NA,NA,NA
x34000_700_66239_14_148,700.66239,14.148,16:0,34000,Unknown,NA,C46H85NO3,[M + H]+,C46H85NO3,Fatty acids,0.9905491471290588,Unknown,0.3831040859222412,Unknown,0.6430715322494507,N-acyl amines,0.990919828414917,NA,NA,NA,NA,NA,NA,NA,NA,NA
x33928_672_59207_14_157,672.59207,14.157,16:0,33928,Unknown,NA,C43H77NO4,[M + H]+,C43H77NO4,Unknown,0.7341085076332092,Unknown,0.31425929069519043,Unknown,0.6199632883071899,Unknown,0.7129778861999512,NA,NA,NA,NA,NA,NA,NA,NA,NA
x40633_1144_94742_16_463,1144.94742,16.463,16:0,40633,Unknown,NA,C74H121N5O4,[M + H]+,C74H121N5O4,Unknown,0.5273786783218384,Unknown,0.639369547367096,Unknown,0.4394764006137848,Unknown,0.7873448729515076,NA,NA,NA,NA,NA,NA,NA,NA,NA
x28285_684_57692_12_805,684.57692,12.805,16:0,28285,Unknown,NA,C40H77NO7,[M + H]+,C40H77NO7,Fatty acids,0.9978362917900084,Unknown,0.6788008213043213,Unknown,0.223151370882988,Unknown,0.8255573511123657,NA,NA,NA,NA,NA,NA,NA,NA,NA
x31081_660_59152_13_471,660.59152,13.471,16:0,31081,Unknown,NA,C42H77NO4,[M + H]+,C42H77NO4,Fatty acids,0.9953044652938844,Unknown,0.8250150680541992,Unknown,0.6697983145713806,N-acyl-alpha amino acids,0.977670431137085,NA,NA,NA,NA,NA,NA,NA,NA,NA
x29802_776_64329_13_166,776.64329,13.166,16:0,29802,Unknown,NA,C47H85NO7,[M + H]+,C47H85NO7,Fatty acids,0.8559035658836365,Unknown,0.4517804086208343,Unknown,0.3669106960296631,Unknown,0.718297004699707,NA,NA,NA,NA,NA,NA,NA,NA,NA
x33769_794_69061_14_033,794.69061,14.033,16:0,33769,Triacylglycerols,NA,C48H91NO7,[M + H]+,C48H91NO7,Fatty acids,0.9995272159576416,Unknown,0.7274060249328613,Triacylglycerols,0.9948034882545472,Unknown,0.8182718753814697,NA,NA,NA,NA,NA,NA,NA,NA,NA
x29684_742_65725_13_104,742.65725,13.104,16:0,29684,Unknown,NA,C44H87NO7,[M + H]+,C44H87NO7,Fatty acids,0.9856252074241638,Sphingolipids,0.9483151435852052,Unknown,0.22769655287265775,N-acyl amines,0.927170753479004,NA,NA,NA,NA,NA,NA,NA,NA,NA
x28612_762_62924_12_931,762.62924,12.931,16:0,28612,Unknown,NA,C13H21Br6O5P,[M + H]+,C13H21Br6O5P,Unknown,0.8213807344436646,Unknown,0.7040918469429016,Unknown,0.730485737323761,Alkyl bromides,0.9987154006958008,NA,NA,NA,NA,NA,NA,NA,NA,NA
x39796_1168_94792_16_116,1168.94792,16.116,16:0,39796,Unknown,NA,C24H42O39S6,[M + Na]+,C24H42O39S6,Carbohydrates,0.9408933520317078,Unknown,0.6525720357894897,Unknown,0.5467824339866638,O-glycosyl compounds,0.9960094690322876,NA,NA,NA,NA,NA,NA,NA,NA,NA
x31088_740_59837_13_475,740.59837,13.475,16:0,31088,Triacylglycerols,NA,C41H83NO8,[M + Na]+,C41H83NO8,Fatty acids,0.999721348285675,Glycerolipids,0.894278883934021,Triacylglycerols,0.9417253732681274,Unknown,0.8406636714935303,NA,NA,NA,NA,NA,NA,NA,NA,NA
x5173_576_36668_3_657,576.36668,3.657,16:0,5173,Unknown,NA,C29H54NO8P,[M + H]+,C29H54NO8P,Fatty acids,0.9700772166252136,Glycerophospholipids,0.9970180988311768,Unknown,0.648404061794281,Unknown,0.5925118327140808,NA,NA,NA,NA,NA,NA,NA,NA,NA
x40808_1146_96267_16_627,1146.96267,16.627,16:0,40808,Unknown,NA,C38H19F21O9S4,[M + H]+,C38H19F21O9S4,Unknown,0.6743733882904053,Unknown,0.6138535141944885,Unknown,0.14858728647232056,Unknown,0.5976157784461975,NA,NA,NA,NA,NA,NA,NA,NA,NA
x23106_534_48754_11_106,534.48754,11.106,16:0,23106,Unknown,NA,C34H63NO3,[M + H]+,C34H63NO3,Fatty acids,0.9907384514808656,Unknown,0.4789203405380249,Unknown,0.34627386927604675,N-acyl amines,0.964870035648346,NA,NA,NA,NA,NA,NA,NA,NA,NA
x38434_798_73761_15_603,798.73761,15.603,16:0,38434,Unknown,NA,C21H13Cl2I3N2O2,[M + Na]+,C21H13Cl2I3N2O2,Unknown,0.7632997632026672,Unknown,0.612504243850708,Unknown,0.8446775674819946,Unknown,0.5356549620628357,NA,NA,NA,NA,NA,NA,NA,NA,NA
x41042_1198_99505_16_743,1198.99505,16.743,16:0,41042,Unknown,NA,C73H127N7O6,[M + H]+,C73H127N7O6,Amino acids and Peptides,0.8772960901260376,Unknown,0.8268129825592041,Unknown,0.3624638617038727,Unknown,0.5169157385826111,NA,NA,NA,NA,NA,NA,NA,NA,NA
x16092_598_50399_7_682,598.50399,7.682,16:0,16092,Unknown,NA,C35H67NO6,[M + H]+,C35H67NO6,Fatty acids,0.9363911747932434,Unknown,0.2255188375711441,Unknown,0.22529776394367215,Unknown,0.6504750847816467,NA,NA,NA,NA,NA,NA,NA,NA,NA
x15530_624_48651_7_487,624.48651,7.487,16:0,15530,Unknown,NA,C36H65NO7,[M + H]+,C36H65NO7,Fatty acids,0.9529293775558472,Unknown,0.3811612129211426,Unknown,0.10261967033147812,Unknown,0.5194295644760132,NA,NA,NA,NA,NA,NA,NA,NA,NA
x40191_1092_91274_16_286,1092.91274,16.286,16:0,40191,Triacylglycerols,NA,C67H123NO8,[M + Na]+,C67H123NO8,Fatty acids,0.9989068508148192,Unknown,0.8201161623001099,Triacylglycerols,0.999000608921051,Triacylglycerols,0.971339464187622,NA,NA,NA,NA,NA,NA,NA,NA,NA
x34545_754_6921_14_246,754.6921,14.246,16:0,34545,Triacylglycerols,NA,C46H91NO6,[M + H]+,C46H91NO6,Fatty acids,0.9979405999183656,Unknown,0.7503795623779297,Triacylglycerols,0.9776566624641418,N-acyl amines,0.9319449663162231,NA,NA,NA,NA,NA,NA,NA,NA,NA
x19598_576_49852_9_188,576.49852,9.188,16:0,19598,Unknown,NA,C36H65NO4,[M + H]+,C36H65NO4,Terpenoids,0.9649677872657776,Unknown,0.31033986806869507,Unknown,0.0887567549943924,Unknown,0.6497072577476501,NA,NA,NA,NA,NA,NA,NA,NA,NA
x13965_526_44742_6_833,526.44742,6.833,16:0,13965,Unknown,NA,C31H59NO5,[M + H]+,C31H59NO5,Unknown,0.582165002822876,Unknown,0.10862157493829729,Unknown,0.25985848903656006,N-acyl amines,0.9465609788894652,NA,NA,NA,NA,NA,NA,NA,NA,NA
x10372_460_415_5_458,460.415,5.458,16:0,10372,Unknown,NA,C30H53NO2,[M + H]+,C30H53NO2,Unknown,0.742409348487854,Unknown,0.8430219292640686,Unknown,0.05724567547440529,Unknown,0.5420757532119751,NA,NA,NA,NA,NA,NA,NA,NA,NA
x28512_776_62343_12_793,776.62343,12.793,16:0,28512,Unknown,NA,C43H85NO10,[M + H]+,C43H85NO10,Polyketides,0.8848834037780762,Unknown,0.7076824903488159,Unknown,0.5018584132194519,Amino acids and derivatives,0.9280943870544434,NA,NA,NA,NA,NA,NA,NA,NA,NA
x22707_634_53825_10_859,634.53825,10.859,16:0,22707,Diacylglycerols,DAG(16:0/20:4) [M+NH4]+,NA,NA,NA,Unknown,NA,Unknown,NA,Unknown,NA,Unknown,NA,NA,NA,NA,NA,NA,Glycerolipid,Diacylglycerols,Diacylglycerols,DAG(16:0/20:4) [M+NH4]+
x25252_600_53655_11_976,600.53655,11.976,16:0,25252,Unknown,NA,C39H69NO3,[M + H]+,C39H69NO3,Fatty acids,0.9993358254432678,Fatty amides,0.8938996195793152,Unknown,0.6262077689170837,N-acyl amines,0.9929969906806946,NA,NA,NA,NA,NA,NA,NA,NA,NA
x39285_1124_97443_15_911,1124.97443,15.911,16:0,39285,Triacylglycerols,NA,C69H131NO8,[M + Na]+,C69H131NO8,Fatty acids,0.9999673366546632,Glycerolipids,0.9994599223136902,Triacylglycerols,0.9999990463256836,Triacylglycerols,0.9999997615814208,NA,NA,NA,NA,NA,NA,NA,NA,NA
x39305_1140_91886_15_86,1140.91886,15.86,16:0,39305,Unknown,NA,C44H40I4O4,[M + H]+,C44H40I4O4,Shikimates and Phenylpropanoids,0.8794612884521484,Unknown,0.03918690979480743,Unknown,0.02413559891283512,Unknown,0.5237129926681519,NA,NA,NA,NA,NA,NA,NA,NA,NA
x24872_949_70175_11_883,949.70175,11.883,16:0,24872,Unknown,NA,C61H92N2O6,[M + H]+,C61H92N2O6,Unknown,0.13943104445934296,Unknown,0.21926668286323547,Unknown,0.3299073278903961,Amino acids and derivatives,0.9383699893951416,NA,NA,NA,NA,NA,NA,NA,NA,NA
x27125_726_59064_12_508,726.59064,12.508,16:0,27125,Unknown,NA,C44H82NO3P,[M + Na]+,C44H82NO3P,Fatty acids,0.995554745197296,Unknown,0.2065119743347168,Unknown,0.12490678578615189,Amino acids and derivatives,0.9350282549858092,NA,NA,NA,NA,NA,NA,NA,NA,NA
x13581_621_48862_6_694,621.48862,6.694,16:0,13581,Unknown,NA,C31H60BN7O5,[M + H]+,C31H60BN7O5,Unknown,0.6107961535453796,Unknown,0.16326245665550232,Unknown,0.08931262791156769,Unknown,0.7151212096214294,NA,NA,NA,NA,NA,NA,NA,NA,NA
x29582_714_58817_13_124,714.58817,13.124,16:0,29582,Unknown,NA,C41H79NO8,[M + H]+,C41H79NO8,Fatty acids,0.9997212290763856,Glycerolipids,0.9616970419883728,Unknown,0.8287376761436462,Unknown,0.5182192921638489,NA,NA,NA,NA,NA,NA,NA,NA,NA
x39162_1166_93304_15_835,1166.93304,15.835,16:0,39162,Unknown,NA,C74H121N5O4,[M + Na]+,C74H121N5O4,Unknown,0.7523444294929504,Unknown,0.6618621945381165,Unknown,0.35272809863090515,Unknown,0.5603817701339722,NA,NA,NA,NA,NA,NA,NA,NA,NA
x27220_714_59004_12_532,714.59004,12.532,16:0,27220,Triacylglycerols,NA,C41H79NO8,[M + H]+,C41H79NO8,Fatty acids,0.9995148181915284,Unknown,0.768304705619812,Triacylglycerols,0.8998713493347168,Triacylglycerols,0.9232253432273864,NA,NA,NA,NA,NA,NA,NA,NA,NA
x38537_1164_91356_15_579,1164.91356,15.579,16:0,38537,Unknown,NA,C60H117N13O9,[M + H]+,C60H117N13O9,Amino acids and Peptides,0.9845178723335266,Oligopeptides,0.9603835940361024,Unknown,0.5773575305938721,Unknown,0.727475106716156,NA,NA,NA,NA,NA,NA,NA,NA,NA
x16951_677_55232_8_084,677.55232,8.084,16:0,16951,Unknown,NA,C37H74N4O5,[M + Na]+,C37H74N4O5,Fatty acids,0.8533084392547607,Unknown,0.4771417379379273,Unknown,0.3235101103782654,Unknown,0.6771119236946106,NA,NA,NA,NA,NA,NA,NA,NA,NA
x24730_646_53853_11_831,646.53853,11.831,16:0,24730,Unknown,NA,NA,NA,NA,Unknown,NA,Unknown,NA,Unknown,NA,Unknown,NA,NA,NA,NA,NA,NA,NA,NA,NA,NA
x27772_752_60834_12_637,752.60834,12.637,16:0,27772,Unknown,NA,C45H77N5O4,[M + H]+,C45H77N5O4,Unknown,0.1903413832187653,Unknown,0.07695074379444122,Unknown,0.5137417316436768,Unknown,0.6709571480751038,NA,NA,NA,NA,NA,NA,NA,NA,NA
x13237_624_4827_6_526,624.4827,6.526,16:0,13237,Unknown,NA,C36H65NO7,[M + H]+,C36H65NO7,Unknown,0.6198607087135315,Unknown,0.06538727879524231,Unknown,0.0810202807188034,Unknown,0.511040210723877,NA,NA,NA,NA,NA,NA,NA,NA,NA
x30348_696_62865_13_294,696.62865,13.294,16:0,30348,Unknown,NA,C46H81NO3,[M + H]+,C46H81NO3,Fatty acids,0.9968892931938172,Unknown,0.4261632561683655,Unknown,0.6632324457168579,N-acyl amines,0.9812806248664856,NA,NA,NA,NA,NA,NA,NA,NA,NA
x26175_668_5446_12_231,668.5446,12.231,16:0,26175,Unknown,NA,C39H73NO7,[M + H]+,C39H73NO7,Fatty acids,0.9690075516700744,Unknown,0.35585668683052063,Unknown,0.0908472016453743,Unknown,0.5019872188568115,NA,NA,NA,NA,NA,NA,NA,NA,NA
x7451_458_39959_4_403,458.39959,4.403,16:0,7451,Unknown,NA,C30H51NO2,[M + H]+,C30H51NO2,Fatty acids,0.9912158250808716,Unknown,0.8094176650047302,Unknown,0.3029320240020752,Unknown,0.8031893372535706,NA,NA,NA,NA,NA,NA,NA,NA,NA
x15757_649_51982_7_548,649.51982,7.548,16:0,15757,Unknown,NA,NA,NA,NA,Unknown,NA,Unknown,NA,Unknown,NA,Unknown,NA,NA,NA,NA,NA,NA,NA,NA,NA,NA
x20989_530_49386_9_96,530.49386,9.96,16:0,20989,Unknown,NA,C35H63NO2,[M + H]+,C35H63NO2,Fatty acids,0.9967079162597656,Unknown,0.5372697710990906,Unknown,0.7492912411689758,N-acyl amines,0.9804243445396424,NA,NA,NA,NA,NA,NA,NA,NA,NA
x27760_728_60529_12_689,728.60529,12.689,16:0,27760,Triacylglycerols,NA,C42H81NO8,[M + H]+,C42H81NO8,Fatty acids,0.9981890320777892,Glycerolipids,0.9151846170425416,Triacylglycerols,0.8626079559326172,Unknown,0.7018313407897949,NA,NA,NA,NA,NA,NA,NA,NA,NA
x25270_662_54899_11_919,662.54899,11.919,16:0,25270,Unknown,NA,C44H71NO3,[M + H]+,C44H71NO3,Unknown,0.5958171486854553,Unknown,0.2601631283760071,Unknown,0.23433054983615875,Unknown,0.757715106010437,NA,NA,NA,NA,NA,NA,NA,NA,NA
x27145_686_55811_12_502,686.55811,12.502,16:0,27145,Unknown,NA,C39H75NO8,[M + H]+,C39H75NO8,Fatty acids,0.999194085597992,Glycerophospholipids,0.8560938239097595,Unknown,0.6417157053947449,Unknown,0.8288723826408386,NA,NA,NA,NA,NA,NA,NA,NA,NA
x8801_354_33714_4_738,354.33714,4.738,16:0,8801,Unknown,NA,C22H43NO2,[M + H]+,C22H43NO2,Fatty acids,0.8944385051727295,Unknown,0.7852526307106018,Unknown,0.576762318611145,Unknown,0.7976914644241333,NA,NA,NA,NA,NA,NA,NA,NA,NA
x27162_700_57422_12_5,700.57422,12.5,16:0,27162,Unknown,NA,C40H77NO8,[M + H]+,C40H77NO8,Fatty acids,0.99936443567276,Unknown,0.6878870725631714,Unknown,0.1009487509727478,N-acyl amines,0.9078556299209596,NA,NA,NA,NA,NA,NA,NA,NA,NA
x38503_1132_90908_15_578,1132.90908,15.578,16:0,38503,Unknown,NA,C42H24N2O24S6,[M + H]+,C42H24N2O24S6,Unknown,0.7961355447769165,Flavonoids,0.8983712196350098,Unknown,0.08220219612121582,Unknown,0.7459676265716553,NA,NA,NA,NA,NA,NA,NA,NA,NA
x35273_722_66556_14_422,722.66556,14.422,16:0,35273,Unknown,NA,NA,NA,NA,Unknown,NA,Unknown,NA,Unknown,NA,Unknown,NA,NA,NA,NA,NA,NA,NA,NA,NA,NA
x39110_1216_94941_15_79,1216.94941,15.79,16:0,39110,Unknown,NA,C78H123N5O4,[M + Na]+,C78H123N5O4,Fatty acids,0.9538882970809937,Unknown,0.6721463203430176,Unknown,0.3913379311561585,Unknown,0.515674352645874,NA,NA,NA,NA,NA,NA,NA,NA,NA
x25485_684_57885_12_044,684.57885,12.044,16:0,25485,Unknown,NA,C41H81NO2S2,[M + H]+,C41H81NO2S2,Unknown,0.6150091290473938,Unknown,0.19439446926116943,Unknown,0.25349920988082886,Benzenoids,0.9616036415100098,NA,NA,NA,NA,NA,NA,NA,NA,NA
x27082_712_57318_12_485,712.57318,12.485,16:0,27082,Unknown,NA,C40H78N3O5P,[M + H]+,C40H78N3O5P,Fatty acids,0.9983699917793274,Glycerophospholipids,0.9182592630386353,Unknown,0.596322238445282,Monomethylphosphatidylethanolamines,0.896526575088501,NA,NA,NA,NA,NA,NA,NA,NA,NA
x30465_786_67865_13_395,786.67865,13.395,16:0,30465,Triacylglycerols,NA,C46H91NO8,[M + H]+,C46H91NO8,Fatty acids,0.9997904896736144,Glycerolipids,0.9804702997207642,Triacylglycerols,0.9958001971244812,Triacylglycerols,0.9948335886001588,NA,NA,NA,NA,NA,NA,NA,NA,NA
x36668_1007_82398_14_883,1007.82398,14.883,16:0,36668,Triacylglycerols,NA,C64H110O8,[M + H]+,C64H110O8,Fatty acids,0.9976194500923156,Glycerolipids,0.9959661960601808,Triacylglycerols,0.999836802482605,Triacylglycerols,0.9999966621398926,NA,NA,NA,NA,NA,NA,NA,NA,NA
x19722_626_5343_9_255,626.5343,9.255,16:0,19722,Unknown,NA,NA,NA,NA,Unknown,NA,Unknown,NA,Unknown,NA,Unknown,NA,NA,NA,NA,NA,NA,NA,NA,NA,NA
x35507_750_66232_14_51,750.66232,14.51,16:0,35507,Unknown,NA,C46H87NO6,[M + H]+,C46H87NO6,Fatty acids,0.9587454795837402,Unknown,0.4527822434902191,Unknown,0.6156955361366272,Unknown,0.8048728108406067,NA,NA,NA,NA,NA,NA,NA,NA,NA
x38614_1166_93132_15_618,1166.93132,15.618,16:0,38614,Unknown,NA,C74H121N5O4,[M + Na]+,C74H121N5O4,Unknown,0.7131901979446411,Unknown,0.6815820336341858,Unknown,0.2539631426334381,Unknown,0.5285859704017639,NA,NA,NA,NA,NA,NA,NA,NA,NA
x34265_748_64758_14_19,748.64758,14.19,16:0,34265,Unknown,NA,C46H85NO6,[M + H]+,C46H85NO6,Fatty acids,0.9802400469779968,Unknown,0.49749916791915894,Unknown,0.4749444723129273,Unknown,0.7414605021476746,NA,NA,NA,NA,NA,NA,NA,NA,NA
x29593_708_62603_13_122,708.62603,13.122,16:0,29593,Unknown,NA,C45H83NO3,[M + Na]+,C45H83NO3,Fatty acids,0.9993915557861328,Unknown,0.7903023958206177,Unknown,0.5838549137115479,N-acyl amines,0.98573237657547,NA,NA,NA,NA,NA,NA,NA,NA,NA
x21933_691_56673_10_392,691.56673,10.392,16:0,21933,Unknown,NA,C42H70N6O2,[M + H]+,C42H70N6O2,Unknown,0.7245989441871643,Unknown,0.22203250229358673,Unknown,0.23911474645137787,Unknown,0.7869459986686707,NA,NA,NA,NA,NA,NA,NA,NA,NA
x26129_722_57291_12_304,722.57291,12.304,16:0,26129,Unknown,NA,C46H75NO5,[M + H]+,C46H75NO5,Fatty acids,0.9248037338256836,Unknown,0.8170931339263916,Unknown,0.47240227460861206,Unknown,0.6692505478858948,NA,NA,NA,NA,NA,NA,NA,NA,NA
x25414_664_56709_12_023,664.56709,12.023,16:0,25414,Unknown,NA,C44H73NO3,[M + H]+,C44H73NO3,Terpenoids,0.8593466877937317,Unknown,0.2675228416919708,Unknown,0.13672292232513428,Unknown,0.7573379278182983,NA,NA,NA,NA,NA,NA,NA,NA,NA
x38313_746_70373_15_472,746.70373,15.472,16:0,38313,Unknown,NA,C48H91NO4,[M + H]+,C48H91NO4,Fatty acids,0.9735333919525146,Unknown,0.5575437545776367,Unknown,0.5256577730178833,N-acyl amines,0.9442239999771118,NA,NA,NA,NA,NA,NA,NA,NA,NA
x13527_640_48131_6_684,640.48131,6.684,16:0,13527,Unknown,NA,C36H65NO8,[M + H]+,C36H65NO8,Unknown,0.7209525108337402,Unknown,0.4153423607349396,Unknown,0.4483966529369354,Unknown,0.8199681043624878,NA,NA,NA,NA,NA,NA,NA,NA,NA
x25543_614_5141_12_048,614.5141,12.048,16:0,25543,Unknown,NA,C39H67NO4,[M + H]+,C39H67NO4,Unknown,0.8381187319755554,Unknown,0.3599066734313965,Unknown,0.37172195315361023,Unknown,0.5496279001235962,NA,NA,NA,NA,NA,NA,NA,NA,NA
x22837_618_50982_10_93,618.50982,10.93,16:0,22837,Unknown,NA,NA,NA,NA,Unknown,NA,Unknown,NA,Unknown,NA,Unknown,NA,NA,NA,NA,NA,NA,NA,NA,NA,NA
x20718_620_52368_9_798,620.52368,9.798,16:0,20718,Unknown,NA,C38H69NO5,[M + H]+,C38H69NO5,Fatty acids,0.9579747319221495,Unknown,0.10260353237390518,Unknown,0.2595168352127075,Amino acids and derivatives,0.9468407034873962,NA,NA,NA,NA,NA,NA,NA,NA,NA
x37346_1232_945_15_112,1232.945,15.112,16:0,37346,Unknown,NA,NA,NA,NA,Unknown,NA,Unknown,NA,Unknown,NA,Unknown,NA,NA,NA,NA,NA,NA,NA,NA,NA,NA
x14605_635_50512_7_166,635.50512,7.166,16:0,14605,Unknown,NA,C34H68N4O5,[M + Na]+,C34H68N4O5,Unknown,0.32413750886917114,Unknown,0.07330126315355301,Unknown,0.06969479471445084,Unknown,0.8112687468528748,NA,NA,NA,NA,NA,NA,NA,NA,NA
x15028_635_50471_7_323,635.50471,7.323,16:0,15028,Unknown,NA,NA,NA,NA,Unknown,NA,Unknown,NA,Unknown,NA,Unknown,NA,NA,NA,NA,NA,NA,NA,NA,NA,NA
x27339_730_63578_12_569,730.63578,12.569,16:0,27339,Unknown,NA,C46H80O5,[M + H3N + H]+,C46H83NO5,Unknown,0.6080922484397888,Glycerolipids,0.9077067375183104,Unknown,0.4399796426296234,Unknown,0.7519654631614685,NA,NA,NA,NA,NA,NA,NA,NA,NA
x29063_656_5599_12_972,656.5599,12.972,16:0,29063,Unknown,NA,C42H73NO4,[M + H]+,C42H73NO4,Fatty acids,0.9322367906570436,Steroids,0.8860869407653809,Unknown,0.614966869354248,Unknown,0.6138235926628113,NA,NA,NA,NA,NA,NA,NA,NA,NA
x29610_802_63442_13_174,802.63442,13.174,16:0,29610,Unknown,NA,C52H83NO5,[M + H]+,C52H83NO5,Fatty acids,0.9840980172157288,Unknown,0.28169506788253784,Unknown,0.12985187768936157,N-acyl amines,0.9775416254997252,NA,NA,NA,NA,NA,NA,NA,NA,NA
x27331_626_5364_12_534,626.5364,12.534,16:0,27331,Unknown,NA,C37H71NO6,[M + H]+,C37H71NO6,Fatty acids,0.9947589039802552,Unknown,0.6321775317192078,Unknown,0.3282225728034973,Unknown,0.6729519963264465,NA,NA,NA,NA,NA,NA,NA,NA,NA
x10879_660_41008_5_589,660.41008,5.589,16:0,10879,Unknown,NA,C37H57NO9,[M + H]+,C37H57NO9,Unknown,0.7062928080558777,Unknown,0.35228756070137024,Unknown,0.4581518769264221,Unknown,0.5092167854309082,NA,NA,NA,NA,NA,NA,NA,NA,NA
x5227_686_57495_3_796,686.57495,3.796,16:0,5227,Unknown,NA,NA,NA,NA,Unknown,NA,Unknown,NA,Unknown,NA,Unknown,NA,NA,NA,NA,NA,NA,NA,NA,NA,NA
x24294_636_5364_11_676,636.5364,11.676,16:0,24294,Unknown,NA,C42H69NO3,[M + H]+,C42H69NO3,Terpenoids,0.8841415643692017,Unknown,0.4266848862171173,Unknown,0.0830766037106514,Unknown,0.7007182240486145,NA,NA,NA,NA,NA,NA,NA,NA,NA
x38391_1184_94003_15_515,1184.94003,15.515,16:0,38391,Unknown,NA,C37H26Cl3FN12O17S4,[M + Na]+,C37H26Cl3FN12O17S4,Unknown,0.3809749782085418,Unknown,0.0844915509223938,Unknown,0.04319695010781288,Unknown,0.8300806879997253,NA,NA,NA,NA,NA,NA,NA,NA,NA
x28656_1036_75163_12_876,1036.75163,12.876,16:0,28656,Unknown,NA,NA,NA,NA,Unknown,NA,Unknown,NA,Unknown,NA,Unknown,NA,NA,NA,NA,NA,NA,NA,NA,NA,NA
x16456_649_5195_7_926,649.5195,7.926,16:0,16456,Unknown,NA,C39H64N6O2,[M + H]+,C39H64N6O2,Alkaloids,0.9869101643562316,Unknown,0.14719457924365997,Unknown,0.34700244665145874,Unknown,0.6733379364013672,NA,NA,NA,NA,NA,NA,NA,NA,NA
x36917_1154_90027_14_998,1154.90027,14.998,16:0,36917,Unknown,NA,C42H40I4O5,[M + Na]+,C42H40I4O5,Shikimates and Phenylpropanoids,0.9358712434768676,Unknown,0.10042790323495863,Unknown,0.05778423696756363,Phenoxy compounds,0.8962755799293518,NA,NA,NA,NA,NA,NA,NA,NA,NA
x37149_1206_92915_15_039,1206.92915,15.039,16:0,37149,Unknown,NA,NA,NA,NA,Unknown,NA,Unknown,NA,Unknown,NA,Unknown,NA,NA,NA,NA,NA,NA,NA,NA,NA,NA
x12227_648_47434_6_143,648.47434,6.143,16:0,12227,Unknown,NA,C43H63NO2,[M + Na]+,C43H63NO2,Terpenoids,0.8983243107795715,Unknown,0.3709650039672851,Unknown,0.368564635515213,Steroids and steroid derivatives,0.930976152420044,NA,NA,NA,NA,NA,NA,NA,NA,NA
x37956_1138_8961_15_363,1138.8961,15.363,16:0,37956,Unknown,NA,C44H34Br4F6N2O6,[M + Na]+,C44H34Br4F6N2O6,Unknown,0.510038435459137,Unknown,0.7189883589744568,Unknown,0.392130047082901,Unknown,0.5143605470657349,NA,NA,NA,NA,NA,NA,NA,NA,NA
x19735_635_50713_9_294,635.50713,9.294,16:0,19735,Unknown,NA,C43H62N4,[M + H]+,C43H62N4,Alkaloids,0.9972245693206788,Unknown,0.4515033960342407,Unknown,0.17654728889465332,Unknown,0.6226227879524231,NA,NA,NA,NA,NA,NA,NA,NA,NA
x20811_677_55126_9_835,677.55126,9.835,16:0,20811,Unknown,NA,C45H72O4,[M + H]+,C45H72O4,Unknown,0.6360341310501099,Unknown,0.5717642307281494,Unknown,0.49031832814216614,Fatty acid esters,0.9945579767227172,NA,NA,NA,NA,NA,NA,NA,NA,NA
x12147_607_47194_6_123,607.47194,6.123,16:0,12147,Unknown,NA,C38H64O4,[M + Na]+,C38H64O4,Fatty acids,0.90397709608078,Unknown,0.4066050350666046,Unknown,0.530000627040863,Unknown,0.7021910548210144,NA,NA,NA,NA,NA,NA,NA,NA,NA
x7768_662_42883_4_456,662.42883,4.456,16:0,7768,Unknown,NA,C37H59NO9,[M + H]+,C37H59NO9,Unknown,0.8159273862838745,Unknown,0.3397224247455597,Unknown,0.22013550996780396,Unknown,0.5463707447052002,NA,NA,NA,NA,NA,NA,NA,NA,NA
x12428_626_41211_6_205,626.41211,6.205,16:0,12428,Unknown,NA,C34H57N3O6,[M + Na]+,C34H57N3O6,Unknown,0.6789460182189941,Unknown,0.6526169776916504,Unknown,0.4929787814617157,Unknown,0.6120792627334595,NA,NA,NA,NA,NA,NA,NA,NA,NA
x22473_691_5681_10_686,691.5681,10.686,16:0,22473,Unknown,NA,C35H74N6O7,[M + H]+,C35H74N6O7,Unknown,0.2675378620624542,Unknown,0.2686825692653656,Unknown,0.1354069709777832,Unknown,0.5808468461036682,NA,NA,NA,NA,NA,NA,NA,NA,NA
x37839_840_74678_15_296,840.74678,15.296,16:0,37839,Unknown,NA,C54H97NO5,[M + H]+,C54H97NO5,Fatty acids,0.987044632434845,Unknown,0.30560848116874695,Unknown,0.14639179408550262,Amino acids and derivatives,0.8523197770118713,NA,NA,NA,NA,NA,NA,NA,NA,NA
x40460_1164_97513_16_438,1164.97513,16.438,16:0,40460,Unknown,NA,C40H29ClN10O18S6,[M + H]+,C40H29ClN10O18S6,Unknown,0.6396782398223877,Unknown,0.02444389648735523,Unknown,0.02590607665479183,Unknown,0.5169684886932373,NA,NA,NA,NA,NA,NA,NA,NA,NA
x14570_584_4324_7_095,584.4324,7.095,16:0,14570,Unknown,NA,C36H57NO5,[M + H]+,C36H57NO5,Terpenoids,0.9711413383483888,Steroids,0.870603084564209,Unknown,0.524520218372345,Unknown,0.7651341557502747,NA,NA,NA,NA,NA,NA,NA,NA,NA
x40094_1188_97415_16_268,1188.97415,16.268,16:0,40094,Unknown,NA,C36H14F34S3,[M + H]+,C36H14F34S3,Alkaloids,0.8769955635070801,Unknown,0.2577483057975769,Unknown,0.20885904133319855,Unknown,0.5733855962753296,NA,NA,NA,NA,NA,NA,NA,NA,NA
x25716_638_55148_12_097,638.55148,12.097,16:0,25716,Unknown,NA,C42H71NO3,[M + H]+,C42H71NO3,Fatty acids,0.9855764508247375,Unknown,0.5678271651268005,Unknown,0.2527093291282654,N-acyl amines,0.9942771792411804,NA,NA,NA,NA,NA,NA,NA,NA,NA
x40330_1138_96585_16_374,1138.96585,16.374,16:0,40330,Unknown,NA,C46H46N2O4S14,[M + H]+,C46H46N2O4S14,Unknown,0.6131514310836792,Unknown,0.01024614088237285,Unknown,0.00484959362074732,Unknown,0.5456612706184387,NA,NA,NA,NA,NA,NA,NA,NA,NA
x10589_621_4899_5_483,621.4899,5.483,16:0,10589,Unknown,NA,C30H64N6O7,[M + H]+,C30H64N6O7,Unknown,0.44511136412620544,Unknown,0.30745434761047363,Unknown,0.1431041806936264,Unknown,0.5665765404701233,NA,NA,NA,NA,NA,NA,NA,NA,NA
x31454_642_56932_13_566,642.56932,13.566,16:0,31454,Triacylglycerols,NA,C38H75NO6,[M + H]+,C38H75NO6,Fatty acids,0.9999070167541504,Glycerolipids,0.9738344550132751,Triacylglycerols,0.9784276485443116,N-acyl amines,0.9429433345794678,NA,NA,NA,NA,NA,NA,NA,NA,NA
x32402_1098_78614_13_778,1098.78614,13.778,16:0,32402,Unknown,NA,C68H105N3O7,[M + Na]+,C68H105N3O7,Unknown,0.6685466766357422,Unknown,0.2556116580963135,Unknown,0.14297839999198914,Unknown,0.5648162961006165,NA,NA,NA,NA,NA,NA,NA,NA,NA
x38744_1158_92653_15_655,1158.92653,15.655,16:0,38744,Unknown,NA,C65H125N5O10,[M + Na]+,C65H125N5O10,Amino acids and Peptides,0.9119603633880616,Unknown,0.8251461982727051,Unknown,0.6514003276824951,N-acyl-alpha amino acids and derivatives,0.96236419677734375,NA,NA,NA,NA,NA,NA,NA,NA,NA
x10929_644_41546_5_636,644.41546,5.636,16:0,10929,Unknown,NA,C37H57NO8,[M + H]+,C37H57NO8,Unknown,0.6701377034187317,Unknown,0.3282053470611572,Unknown,0.08405613899230957,Unknown,0.7293227314949036,NA,NA,NA,NA,NA,NA,NA,NA,NA
x36820_1180_91078_14_936,1180.91078,14.936,16:0,36820,Unknown,NA,NA,NA,NA,Unknown,NA,Unknown,NA,Unknown,NA,Unknown,NA,NA,NA,NA,NA,NA,NA,NA,NA,NA
x36690_1204_9107_14_87,1204.9107,14.87,16:0,36690,Unknown,NA,NA,NA,NA,Unknown,NA,Unknown,NA,Unknown,NA,Unknown,NA,NA,NA,NA,NA,NA,NA,NA,NA,NA
x35904_1152_88153_14_658,1152.88153,14.658,16:0,35904,Unknown,NA,C56H115N13O10,[M + Na]+,C56H115N13O10,Unknown,0.6220347285270691,Oligopeptides,0.971224308013916,Unknown,0.7057486176490784,Unknown,0.6393126845359802,NA,NA,NA,NA,NA,NA,NA,NA,NA
x37929_1208_94871_15_346,1208.94871,15.346,16:0,37929,Unknown,NA,C59H123N15O9,[M + Na]+,C59H123N15O9,Unknown,0.3972792327404022,Unknown,0.746724545955658,Unknown,0.5199710130691528,N-acyl-alpha amino acids and derivatives,0.8854742646217346,NA,NA,NA,NA,NA,NA,NA,NA,NA
x36254_1178_89751_14_734,1178.89751,14.734,16:0,36254,Unknown,NA,C41H22Cl4N10O16S4,[M + H]+,C41H22Cl4N10O16S4,Alkaloids,0.9107653498649596,Unknown,0.12036266922950745,Unknown,0.13892383873462677,Unknown,0.5076059103012085,NA,NA,NA,NA,NA,NA,NA,NA,NA
x41063_1193_01107_16_813,1193.01107,16.813,16:0,41063,Unknown,NA,C36H58N6O7P6S10,[M + H]+,C36H58N6O7P6S10,Fatty acids,0.8681643009185791,Unknown,0.04235758632421493,Unknown,0.03609007224440574,Unknown,0.6590303778648376,NA,NA,NA,NA,NA,NA,NA,NA,NA
x39847_822_75508_16_151,822.75508,16.151,16:1,39847,Triacylglycerols,TAG(16:0/16:0/16:1) / TAG(16:0/14:0/18:1) [M+NH4]+,C47H95N7O4,[M + H]+,C47H95N7O4,Fatty acids,0.9883964657783508,Unknown,0.833619236946106,Unknown,0.8350656628608704,Fatty acid esters,0.973231554031372,NA,NA,NA,NA,NA,Glycerolipid,Triacylglycerols,Triacylglycerols,TAG(16:0/16:0/16:1) / TAG(16:0/14:0/18:1) [M+NH4]+
x39888_848_77057_16_173,848.77057,16.173,16:1,39888,Triacylglycerols,TAG(16:0/16:0/18:2) [M+NH4]+,C51H103NO6,[M + Na]+,C51H103NO6,Fatty acids,0.9996451139450072,Glycerolipids,0.9915878176689148,Triacylglycerols,0.9994412064552308,Triacylglycerols,0.9828203916549684,NA,NA,NA,NA,NA,Glycerolipid,Triacylglycerols,Triacylglycerols,TAG(16:0/16:0/18:2) [M+NH4]+
x39291_874_78344_15_911,874.78344,15.911,16:1,39291,Triacylglycerols,TAG(16:0/18:1/18:2) [M+NH4]+,C55H103NO6,[M + H]+,C55H103NO6,Fatty acids,0.9965554475784302,Glycerolipids,0.9911164045333862,Triacylglycerols,0.9998674392700196,Triacylglycerols,0.9778926968574524,NA,NA,NA,NA,NA,Glycerolipid,Triacylglycerols,Triacylglycerols,TAG(16:0/18:1/18:2) [M+NH4]+
x38869_820_73925_15_735,820.73925,15.735,16:1,38869,Triacylglycerols,TAG(14:0/16:1/18:1) / TAG(14:0/16:0/18:2) [M+NH4]+,C47H93N7O4,[M + H]+,C47H93N7O4,Fatty acids,0.9879109859466552,Unknown,0.6981591582298279,Unknown,0.45715561509132385,Unknown,0.5531683564186096,NA,NA,NA,NA,NA,Glycerolipid,Triacylglycerols,Triacylglycerols,TAG(14:0/16:1/18:1) / TAG(14:0/16:0/18:2) [M+NH4]+
x38830_794_72361_15_716,794.72361,15.716,16:1,38830,Triacylglycerols,TAG(14:0/16:0/16:1) / TAG(14:0/14:0/18:1) [M+NH4]+,C45H91N7O4,[M + H]+,C45H91N7O4,Fatty acids,0.9535006880760192,Unknown,0.43772438168525696,Unknown,0.08050201088190079,Unknown,0.5054032206535339,NA,NA,NA,NA,NA,Glycerolipid,Triacylglycerols,Triacylglycerols,TAG(14:0/16:0/16:1) / TAG(14:0/14:0/18:1) [M+NH4]+
x37213_842_72354_15_079,842.72354,15.079,16:1,37213,Triacylglycerols,TAG(16:0/16:1/18:4) / (16:0/16:2/18:3) / 18:1 18:2 20:4 [M+NH4]+,NA,NA,NA,Unknown,NA,Unknown,NA,Unknown,NA,Unknown,NA,NA,NA,NA,NA,NA,Glycerolipid,Triacylglycerols,Triacylglycerols,TAG(16:0/16:1/18:4) / (16:0/16:2/18:3) / 18:1 18:2 20:4 [M+NH4]+
x38894_846_75465_15_748,846.75465,15.748,16:1,38894,Triacylglycerols,NA,C51H101NO6,[M + Na]+,C51H101NO6,Fatty acids,0.999194085597992,Glycerolipids,0.9808329343795776,Triacylglycerols,0.9951687455177308,Unknown,0.80234527587890625,NA,NA,NA,NA,NA,NA,NA,NA,NA
x38023_822_75443_15_401,822.75443,15.401,16:1,38023,Triacylglycerols,TAG(16:0/16:0/16:1) / TAG(16:0/14:0/18:1) [M+NH4]+,C49H101NO6,[M + Na]+,C49H101NO6,Fatty acids,0.9999769926071168,Glycerolipids,0.9990373849868774,Triacylglycerols,0.9999691247940063,Triacylglycerols,0.9942704439163208,NA,NA,NA,NA,NA,Glycerolipid,Triacylglycerols,Triacylglycerols,TAG(16:0/16:0/16:1) / TAG(16:0/14:0/18:1) [M+NH4]+
x37726_792_70779_15_276,792.70779,15.276,16:1,37726,Triacylglycerols,TAG(14:0/16:1/16:1) / TAG(14:0/14:0/18:2) [M+NH4]+,C49H93NO6,[M + H]+,C49H93NO6,Fatty acids,0.9997172951698304,Glycerolipids,0.9960541725158693,Triacylglycerols,0.9998701810836792,Triacylglycerols,0.9991590976715088,NA,NA,NA,NA,NA,Glycerolipid,Triacylglycerols,Triacylglycerols,TAG(14:0/16:1/16:1) / TAG(14:0/14:0/18:2) [M+NH4]+
x37644_766_69228_15_242,766.69228,15.242,16:1,37644,Triacylglycerols,TAG(14:0/14:0/16:1) [M+NH4]+,NA,NA,NA,Unknown,NA,Unknown,NA,Unknown,NA,Unknown,NA,NA,NA,NA,NA,NA,Glycerolipid,Triacylglycerols,Triacylglycerols,TAG(14:0/14:0/16:1) [M+NH4]+
x3482_380_35229_3_091,380.35229,3.091,16:1,3482,Unknown,NA,C24H45NO2,[M + H]+,C24H45NO2,Fatty acids,0.9966304898262024,Fatty amides,0.984490931034088,Unknown,0.6176527142524719,N-acyl amines,0.9628949761390686,NA,NA,NA,NA,NA,NA,NA,NA,NA
x37493_794_72212_15_188,794.72212,15.188,16:1,37493,Triacylglycerols,TAG(14:0/16:0/16:1) / TAG(14:0/14:0/18:1) [M+NH4]+,C45H91N7O4,[M + H]+,C45H91N7O4,Fatty acids,0.9332886338233948,Unknown,0.18018610775470736,Unknown,0.05077216401696205,Unknown,0.7192853093147278,NA,NA,NA,NA,NA,Glycerolipid,Triacylglycerols,Triacylglycerols,TAG(14:0/16:0/16:1) / TAG(14:0/14:0/18:1) [M+NH4]+
x37174_820_73886_15_098,820.73886,15.098,16:1,37174,Triacylglycerols,TAG(14:0/16:1/18:1) / TAG(14:0/16:0/18:2) [M+NH4]+,C49H99NO6,[M + Na]+,C49H99NO6,Fatty acids,0.9996204376220704,Glycerolipids,0.9928144812583924,Triacylglycerols,0.9993056058883668,Triacylglycerols,0.9920797944068908,NA,NA,NA,NA,NA,Glycerolipid,Triacylglycerols,Triacylglycerols,TAG(14:0/16:1/18:1) / TAG(14:0/16:0/18:2) [M+NH4]+
x38012_848_7693_15_368,848.7693,15.368,16:1,38012,Triacylglycerols,TAG(16:0/16:0/18:2) [M+NH4]+,C51H103NO6,[M + Na]+,C51H103NO6,Fatty acids,0.9991113543510436,Glycerolipids,0.9857579469680786,Triacylglycerols,0.9990216493606568,Triacylglycerols,0.9281586408615112,NA,NA,NA,NA,NA,Glycerolipid,Triacylglycerols,Triacylglycerols,TAG(16:0/16:0/18:2) [M+NH4]+
x37742_818_72331_15_285,818.72331,15.285,16:1,37742,Triacylglycerols,TAG(14:0/16:1/18:2) [M+NH4]+,C46H89N11,[M + Na]+,C46H89N11,Alkaloids,0.9930106997489928,Unknown,0.30088362097740173,Unknown,0.2476552426815033,Heteroaromatic compounds,0.9922296404838562,NA,NA,NA,NA,NA,Glycerolipid,Triacylglycerols,Triacylglycerols,TAG(14:0/16:1/18:2) [M+NH4]+
x36387_764_67681_14_807,764.67681,14.807,16:1,36387,Triacylglycerols,TAG(14:0/14:0/16:2) / (12:0/16:0/16:2) [M+NH4]+,NA,NA,NA,Unknown,NA,Unknown,NA,Unknown,NA,Unknown,NA,NA,NA,NA,NA,NA,Glycerolipid,Triacylglycerols,Triacylglycerols,TAG(14:0/14:0/16:2) / (12:0/16:0/16:2) [M+NH4]+
x36195_738_66123_14_743,738.66123,14.743,16:1,36195,Triacylglycerols,TAG(12:0/14:0/16:1) / TAG(12:0/14:1/16:0) / TAG(10:0/16:0/16:1) [M+NH4]+,NA,NA,NA,Unknown,NA,Unknown,NA,Unknown,NA,Unknown,NA,NA,NA,NA,NA,NA,Glycerolipid,Triacylglycerols,Triacylglycerols,TAG(12:0/14:0/16:1) / TAG(12:0/14:1/16:0) / TAG(10:0/16:0/16:1) [M+NH4]+
x36153_766_69146_14_734,766.69146,14.734,16:1,36153,Triacylglycerols,TAG(14:0/14:0/16:1) [M+NH4]+,C43H87N7O4,[M + H]+,C43H87N7O4,Fatty acids,0.8722700476646423,Unknown,0.19883747398853305,Unknown,0.06746068596839905,Unknown,0.5412127375602722,NA,NA,NA,NA,NA,Glycerolipid,Triacylglycerols,Triacylglycerols,TAG(14:0/14:0/16:1) [M+NH4]+
x36292_792_70748_14_778,792.70748,14.778,16:1,36292,Triacylglycerols,TAG(14:0/16:1/16:1) / TAG(14:0/14:0/18:2) [M+NH4]+,C47H95NO6,[M + Na]+,C47H95NO6,Fatty acids,0.9997286200523376,Glycerolipids,0.988597333431244,Triacylglycerols,0.9967183470726012,Triacylglycerols,0.9772776365280152,NA,NA,NA,NA,NA,Glycerolipid,Triacylglycerols,Triacylglycerols,TAG(14:0/16:1/16:1) / TAG(14:0/14:0/18:2) [M+NH4]+
x36611_846_7523_14_855,846.7523,14.855,16:1,36611,Triacylglycerols,NA,C51H101NO6,[M + Na]+,C51H101NO6,Fatty acids,0.9994346499443054,Glycerolipids,0.991565465927124,Triacylglycerols,0.999283730983734,Triacylglycerols,0.96478867530822765,NA,NA,NA,NA,NA,NA,NA,NA,NA
x39368_808_73928_15_948,808.73928,15.948,16:1,39368,Triacylglycerols,TAG(15:0/16:0/16:1) / (14:0/16:0/17:1) [M+NH4]+,C50H97NO6,[M + H]+,C50H97NO6,Fatty acids,0.9993054866790771,Glycerolipids,0.9879611134529114,Triacylglycerols,0.999560296535492,Triacylglycerols,0.9914548397064208,NA,NA,NA,NA,NA,Glycerolipid,Triacylglycerols,Triacylglycerols,TAG(15:0/16:0/16:1) / (14:0/16:0/17:1) [M+NH4]+
x38953_834_79157_15_785,834.79157,15.785,16:1,38953,Unknown,NA,NA,NA,NA,Unknown,NA,Unknown,NA,Unknown,NA,Unknown,NA,NA,NA,NA,NA,NA,NA,NA,NA,NA
x34276_710_6297_14_209,710.6297,14.209,16:1,34276,Unknown,NA,NA,NA,NA,Unknown,NA,Unknown,NA,Unknown,NA,Unknown,NA,NA,NA,NA,NA,NA,NA,NA,NA,NA
x34047_788_67709_14_1,788.67709,14.1,16:1,34047,Unknown,NA,C49H89NO6,[M + H]+,C49H89NO6,Fatty acids,0.9973605275154114,Unknown,0.6342211961746216,Unknown,0.7647942900657654,N-acyl amines,0.9137929081916808,NA,NA,NA,NA,NA,NA,NA,NA,NA
x39029_808_77631_15_792,808.77631,15.792,16:1,39029,Triacylglycerols,NA,C51H98O5,[M + H3N + H]+,C51H101NO5,Fatty acids,0.9996849298477172,Glycerolipids,0.9994962215423584,Triacylglycerols,0.9994887113571168,Triacylglycerols,0.9720635414123536,NA,NA,NA,NA,NA,NA,NA,NA,NA
x38364_806_72335_15_531,806.72335,15.531,16:1,38364,Triacylglycerols,NA,C50H95NO6,[M + H]+,C50H95NO6,Fatty acids,0.9946927428245544,Glycerolipids,0.944750726222992,Triacylglycerols,0.9971362352371216,Triacylglycerols,0.9204850792884828,NA,NA,NA,NA,NA,NA,NA,NA,NA
x33589_786_66119_14_036,786.66119,14.036,16:1,33589,Unknown,NA,NA,NA,NA,Unknown,NA,Unknown,NA,Unknown,NA,Unknown,NA,NA,NA,NA,NA,NA,NA,NA,NA,NA
x22067_656_52413_10_426,656.52413,10.426,16:1,22067,Unknown,NA,NA,NA,NA,Unknown,NA,Unknown,NA,Unknown,NA,Unknown,NA,NA,NA,NA,NA,NA,NA,NA,NA,NA
x13719_468_34813_6_731,468.34813,6.731,16:1,13719,Unknown,NA,C30H45NO3,[M + H]+,C30H45NO3,Terpenoids,0.9774439930915833,Steroids,0.9182090163230896,Unknown,0.46653857827186584,Glycinated bile acids and derivatives,0.9383664131164552,NA,NA,NA,NA,NA,NA,NA,NA,NA
x38242_780_70833_15_476,780.70833,15.476,16:1,38242,Unknown,NA,C14H12I4N2O4,[M + H]+,C14H12I4N2O4,Unknown,0.6781889200210571,Small peptides,0.8578525185585022,Unknown,0.552890419960022,Unknown,0.7104223966598511,NA,NA,NA,NA,NA,NA,NA,NA,NA
x37377_854_76012_15_188,854.76012,15.188,16:1,37377,Unknown,NA,NA,NA,NA,Unknown,NA,Unknown,NA,Unknown,NA,Unknown,NA,NA,NA,NA,NA,NA,NA,NA,NA,NA
x12395_452_35157_6_187,452.35157,6.187,16:1,12395,Unknown,NA,C30H45NO2,[M + H]+,C30H45NO2,Unknown,0.5603600740432739,Unknown,0.34130504727363586,Unknown,0.4211167097091675,Unknown,0.7442737817764282,NA,NA,NA,NA,NA,NA,NA,NA,NA
x746_331_2273_1_217,331.2273,1.217,16:1,746,Unknown,NA,C21H30O3,[M + H]+,C21H30O3,Terpenoids,0.9973741769790648,Diterpenoids,0.9080772399902344,Unknown,0.2802240252494812,Unknown,0.561518669128418,NA,NA,NA,NA,NA,NA,NA,NA,NA
x34568_738_66107_14_276,738.66107,14.276,16:1,34568,Triacylglycerols,TAG(12:0/14:0/16:1) / TAG(12:0/14:1/16:0) / TAG(10:0/16:0/16:1) [M+NH4]+,NA,NA,NA,Unknown,NA,Unknown,NA,Unknown,NA,Unknown,NA,NA,NA,NA,NA,NA,Glycerolipid,Triacylglycerols,Triacylglycerols,TAG(12:0/14:0/16:1) / TAG(12:0/14:1/16:0) / TAG(10:0/16:0/16:1) [M+NH4]+
x36166_818_72209_14_77,818.72209,14.77,16:1,36166,Triacylglycerols,TAG(14:0/16:1/18:2) [M+NH4]+,C49H97NO6,[M + Na]+,C49H97NO6,Fatty acids,0.997866690158844,Unknown,0.6946008205413818,Unknown,0.8335201144218445,N-acyl amines,0.9392330646514891,NA,NA,NA,NA,NA,Glycerolipid,Triacylglycerols,Triacylglycerols,TAG(14:0/16:1/18:2) [M+NH4]+
x38832_808_73874_15_725,808.73874,15.725,16:1,38832,Triacylglycerols,TAG(15:0/16:0/16:1) / (14:0/16:0/17:1) [M+NH4]+,C50H97NO6,[M + H]+,C50H97NO6,Fatty acids,0.9996083378791808,Glycerolipids,0.9951386451721193,Triacylglycerols,0.9999185800552368,Triacylglycerols,0.997972309589386,NA,NA,NA,NA,NA,Glycerolipid,Triacylglycerols,Triacylglycerols,TAG(15:0/16:0/16:1) / (14:0/16:0/17:1) [M+NH4]+
x41657_1012_9262_17_416,1012.9262,17.416,16:1,41657,Unknown,NA,NA,NA,NA,Unknown,NA,Unknown,NA,Unknown,NA,Unknown,NA,NA,NA,NA,NA,NA,NA,NA,NA,NA
x1932_341_31657_1_963,341.31657,1.963,16:1,1932,Unknown,NA,C20H40N2O2,[M + H]+,C20H40N2O2,Unknown,0.6950088143348694,Fatty amides,0.9067991971969604,Unknown,0.7842346429824829,Secondary carboxylic acid amides,0.937686562538147,NA,NA,NA,NA,NA,NA,NA,NA,NA
x36407_816_70701_14_826,816.70701,14.826,16:1,36407,Triacylglycerols,TAG(14:0/16:1/18:3) [M+NH4]+,C49H95NO6,[M + Na]+,C49H95NO6,Fatty acids,0.9981085062026978,Glycerolipids,0.9820005297660828,Triacylglycerols,0.9974572062492372,Triacylglycerols,0.9324160814285278,NA,NA,NA,NA,NA,Glycerolipid,Triacylglycerols,Triacylglycerols,TAG(14:0/16:1/18:3) [M+NH4]+
x1163_422_32648_1_466,422.32648,1.466,16:1,1163,Unknown,NA,C25H43NO4,[M + H]+,C25H43NO4,Unknown,0.2968630790710449,Unknown,0.5447372198104858,Unknown,0.06074590608477592,Alpha amino acids and derivatives,0.9662444591522216,NA,NA,NA,NA,NA,NA,NA,NA,NA
x38266_806_75785_15_487,806.75785,15.487,16:1,38266,Triacylglycerols,NA,C51H96O5,[M + H3N + H]+,C51H99NO5,Fatty acids,0.9994063377380372,Glycerolipids,0.999222993850708,Triacylglycerols,0.9990440011024476,Triacylglycerols,0.9458059072494508,NA,NA,NA,NA,NA,NA,NA,NA,NA
x37617_808_7373_15_246,808.7373,15.246,16:1,37617,Triacylglycerols,TAG(15:0/16:0/16:1) / (14:0/16:0/17:1) [M+NH4]+,C48H99NO6,[M + Na]+,C48H99NO6,Fatty acids,0.9999490976333618,Glycerolipids,0.9980065226554872,Triacylglycerols,0.9998958110809326,Triacylglycerols,0.9838647842407228,NA,NA,NA,NA,NA,Glycerolipid,Triacylglycerols,Triacylglycerols,TAG(15:0/16:0/16:1) / (14:0/16:0/17:1) [M+NH4]+
x36721_847_75298_14_948,847.75298,14.948,16:1,36721,Unknown,NA,C52H98N2O6,[M + H]+,C52H98N2O6,Fatty acids,0.9543678164482116,Unknown,0.5537311434745789,Unknown,0.6221277713775635,Fatty Acyls,0.8614171743392944,NA,NA,NA,NA,NA,NA,NA,NA,NA
x37697_834_75304_15_278,834.75304,15.278,16:1,37697,Triacylglycerols,NA,C50H101NO6,[M + Na]+,C50H101NO6,Fatty acids,0.9992029070854188,Glycerolipids,0.9760593175888062,Triacylglycerols,0.9967129230499268,Unknown,0.7800022959709167,NA,NA,NA,NA,NA,NA,NA,NA,NA
x37413_874_78204_15_207,874.78204,15.207,16:1,37413,Triacylglycerols,TAG(16:0/18:1/18:2) [M+NH4]+,C55H103NO6,[M + H]+,C55H103NO6,Fatty acids,0.9983434677124025,Glycerolipids,0.9933613538742064,Triacylglycerols,0.9999121427536012,Triacylglycerols,0.9951900243759156,NA,NA,NA,NA,NA,Glycerolipid,Triacylglycerols,Triacylglycerols,TAG(16:0/18:1/18:2) [M+NH4]+
x8998_434_39937_4_917,434.39937,4.917,16:1,8998,Unknown,NA,NA,NA,NA,Unknown,NA,Unknown,NA,Unknown,NA,Unknown,NA,NA,NA,NA,NA,NA,NA,NA,NA,NA
x36840_794_72207_14_99,794.72207,14.99,16:1,36840,Triacylglycerols,TAG(14:0/16:0/16:1) / TAG(14:0/14:0/18:1) [M+NH4]+,NA,NA,NA,Unknown,NA,Unknown,NA,Unknown,NA,Unknown,NA,NA,NA,NA,NA,NA,Glycerolipid,Triacylglycerols,Triacylglycerols,TAG(14:0/16:0/16:1) / TAG(14:0/14:0/18:1) [M+NH4]+
x6519_328_32138_4_097,328.32138,4.097,16:1,6519,Unknown,NA,C20H41NO2,[M + H]+,C20H41NO2,Fatty acids,0.8814877867698669,Fatty amides,0.8692132830619812,Unknown,0.4760517477989197,N-acyl amines,0.9423084855079652,NA,NA,NA,NA,NA,NA,NA,NA,NA
x21858_606_50815_10_395,606.50815,10.395,16:1,21858,Diacylglycerols,DAG(18:3/16:1) [M+NH4]+,NA,NA,NA,Unknown,NA,Unknown,NA,Unknown,NA,Unknown,NA,NA,NA,NA,NA,NA,Glycerolipid,Diacylglycerols,Diacylglycerols,DAG(18:3/16:1) [M+NH4]+
x30601_792_67393_13_35,792.67393,13.35,16:1,30601,Unknown,NA,C48H89NO7,[M + H]+,C48H89NO7,Fatty acids,0.9959760308265686,Sphingolipids,0.97141265869140625,Unknown,0.8263164758682251,Sphingolipids,0.9118109941482544,NA,NA,NA,NA,NA,NA,NA,NA,NA
x19461_604_49146_9_162,604.49146,9.162,16:1,19461,Diacylglycerols,DAG(18:4/16:1) [M+NH4]+,NA,NA,NA,Unknown,NA,Unknown,NA,Unknown,NA,Unknown,NA,NA,NA,NA,NA,NA,Glycerolipid,Diacylglycerols,Diacylglycerols,DAG(18:4/16:1) [M+NH4]+
x37667_780_7068_15_271,780.7068,15.271,16:1,37667,Triacylglycerols,NA,C48H93NO6,[M + H]+,C48H93NO6,Fatty acids,0.9986966252326964,Unknown,0.8459813594818115,Triacylglycerols,0.9208430051803588,N-acyl amines,0.9260932207107544,NA,NA,NA,NA,NA,NA,NA,NA,NA
x26003_584_52252_12_217,584.52252,12.217,16:1,26003,Diacylglycerols,DAG(16:0/16:1) / (14:0/18:1) [M+NH4]+,NA,NA,NA,Unknown,NA,Unknown,NA,Unknown,NA,Unknown,NA,NA,NA,NA,NA,NA,Glycerolipid,Diacylglycerols,Diacylglycerols,DAG(16:0/16:1) / (14:0/18:1) [M+NH4]+
x2993_378_30117_2_842,378.30117,2.842,16:1,2993,Unknown,NA,C23H39NO3,[M + H]+,C23H39NO3,Fatty acids,0.910769820213318,Unknown,0.47955521941185,Unknown,0.21325628459453583,N-acyl amines,0.97284996509552,NA,NA,NA,NA,NA,NA,NA,NA,NA
x36754_780_70808_14_971,780.70808,14.971,16:1,36754,Unknown,NA,NA,NA,NA,Unknown,NA,Unknown,NA,Unknown,NA,Unknown,NA,NA,NA,NA,NA,NA,NA,NA,NA,NA
x36785_806_72251_14_98,806.72251000000006,14.98,16:1,36785,Unknown,NA,C46H91N7O4,[M + H]+,C46H91N7O4,Unknown,0.8266558647155762,Unknown,0.09904654324054718,Unknown,0.31538209319114685,N-acyl amines,0.935415744781494,NA,NA,NA,NA,NA,NA,NA,NA,NA
x4686_326_30551_3_539,326.30551,3.539,16:1,4686,Unknown,NA,C20H39NO2,[M + H]+,C20H39NO2,Fatty acids,0.8669196963310242,Unknown,0.6762512922286987,Unknown,0.5823794007301331,"1,2-aminoalcohols",0.8686177134513855,NA,NA,NA,NA,NA,NA,NA,NA,NA
x18132_546_48939_8_542,546.48939,8.542,16:1,18132,Unknown,NA,C35H63NO3,[M + H]+,C35H63NO3,Fatty acids,0.9812639951705932,Unknown,0.5303106904029846,Unknown,0.477419376373291,Unknown,0.5449008941650391,NA,NA,NA,NA,NA,NA,NA,NA,NA
x26420_642_58364_12_358,642.58364,12.358,16:1,26420,Unknown,NA,C42H75NO3,[M + H]+,C42H75NO3,Fatty acids,0.9981905817985536,Unknown,0.6888481378555298,Unknown,0.538344144821167,N-acyl amines,0.9888955354690552,NA,NA,NA,NA,NA,NA,NA,NA,NA
x5968_456_38482_3_914,456.38482,3.914,16:1,5968,Unknown,NA,C30H49NO2,[M + H]+,C30H49NO2,Terpenoids,0.9299365282058716,Unknown,0.8395252823829651,Unknown,0.8403705358505249,Unknown,0.7090803384780884,NA,NA,NA,NA,NA,NA,NA,NA,NA
x25225_660_55428_11_979,660.55428,11.979,16:1,25225,Unknown,NA,NA,NA,NA,Unknown,NA,Unknown,NA,Unknown,NA,Unknown,NA,NA,NA,NA,NA,NA,NA,NA,NA,NA
x2594_366_30023_2_55,366.30023,2.55,16:1,2594,Unknown,NA,C22H39NO3,[M + H]+,C22H39NO3,Unknown,0.7045652270317078,Unknown,0.8303161263465881,Unknown,0.5430635213851929,Unknown,0.5533105134963989,NA,NA,NA,NA,NA,NA,NA,NA,NA
x2297_450_32261_2_287,450.32261,2.287,16:1,2297,Unknown,NA,C26H43NO5,[M + H]+,C26H43NO5,Unknown,0.6911188364028931,Unknown,0.5386787056922913,Unknown,0.3554600179195404,Unknown,0.6060225367546082,NA,NA,NA,NA,NA,NA,NA,NA,NA
x4632_396_31137_3_507,396.31137,3.507,16:1,4632,Unknown,NA,C23H41NO4,[M + H]+,C23H41NO4,Unknown,0.5676473379135132,Unknown,0.10366222262382507,Unknown,0.0927463248372078,Unknown,0.7952316999435425,NA,NA,NA,NA,NA,NA,NA,NA,NA
x6348_406_3685_4_054,406.3685,4.054,16:1,6348,Unknown,NA,C26H47NO2,[M + H]+,C26H47NO2,Fatty acids,0.9893688559532166,Fatty amides,0.8804796934127808,Unknown,0.7236568331718445,N-acyl amines,0.9827197790145874,NA,NA,NA,NA,NA,NA,NA,NA,NA
x4082_326_30567_3_356,326.30567,3.356,16:1,4082,Unknown,NA,C20H39NO2,[M + H]+,C20H39NO2,Unknown,0.7999484539031982,Unknown,0.7729803323745728,Unknown,0.6649428009986877,Unknown,0.5554887056350708,NA,NA,NA,NA,NA,NA,NA,NA,NA
x20663_504_47716_9_759,504.47716,9.759,16:1,20663,Unknown,NA,C33H61NO2,[M + H]+,C33H61NO2,Fatty acids,0.950930655002594,Unknown,0.5011065602302551,Unknown,0.440608412027359,Unknown,0.7747024297714233,NA,NA,NA,NA,NA,NA,NA,NA,NA
x28231_636_55573_12_728,636.55573,12.728,16:1,28231,Unknown,NA,NA,NA,NA,Unknown,NA,Unknown,NA,Unknown,NA,Unknown,NA,NA,NA,NA,NA,NA,NA,NA,NA,NA
x17725_675_53497_8_45,675.53497,8.45,16:1,17725,Unknown,NA,C41H66N6O2,[M + H]+,C41H66N6O2,Alkaloids,0.8580498099327087,Unknown,0.23923105001449585,Unknown,0.25476041436195374,Unknown,0.6113843321800232,NA,NA,NA,NA,NA,NA,NA,NA,NA
x6761_340_32125_4_092,340.32125,4.092,16:1,6761,Unknown,NA,C21H41NO2,[M + H]+,C21H41NO2,Fatty acids,0.9132570028305054,Unknown,0.8077542781829834,Unknown,0.752895176410675,Unknown,0.681812584400177,NA,NA,NA,NA,NA,NA,NA,NA,NA
x7027_470_40051_4_269,470.40051,4.269,16:1,7027,Unknown,NA,C31H51NO2,[M + H]+,C31H51NO2,Unknown,0.6797220706939697,Unknown,0.803544819355011,Unknown,0.3688684105873108,Unknown,0.748701810836792,NA,NA,NA,NA,NA,NA,NA,NA,NA
x18595_723_53909_8_736,723.53909,8.736,16:1,18595,Unknown,NA,C50H66N4,[M + H]+,C50H66N4,Alkaloids,0.8784441947937012,Unknown,0.28469526767730713,Unknown,0.30258211493492126,Unknown,0.6354120373725891,NA,NA,NA,NA,NA,NA,NA,NA,NA
x13512_490_42611_6_664,490.42611,6.664,16:1,13512,Unknown,NA,C31H55NO3,[M + H]+,C31H55NO3,Unknown,0.2758467495441437,Unknown,0.5131339430809021,Unknown,0.34542831778526306,1-hydroxy-2-unsubstituted benzenoids,0.8987783193588257,NA,NA,NA,NA,NA,NA,NA,NA,NA
x6789_436_28584_4_175,436.28584,4.175,16:1,6789,Unknown,NA,C28H37NO3,[M + H]+,C28H37NO3,Unknown,0.4499339461326599,Unknown,0.0723709911108017,Unknown,0.02847920358180999,Unknown,0.6435089111328125,NA,NA,NA,NA,NA,NA,NA,NA,NA
x1238_340_28439_1_552,340.28439,1.552,16:1,1238,Unknown,NA,C20H37NO3,[M + H]+,C20H37NO3,Fatty acids,0.9042922258377076,Unknown,0.5257429480552673,Unknown,0.2571399211883545,Unknown,0.575635552406311,NA,NA,NA,NA,NA,NA,NA,NA,NA
x7986_488_4481_4_556,488.4481,4.556,16:1,7986,Unknown,NA,C32H57NO2,[M + H]+,C32H57NO2,Unknown,0.6574288606643677,Unknown,0.2708836793899536,Unknown,0.12026545405387878,Unknown,0.7837759256362915,NA,NA,NA,NA,NA,NA,NA,NA,NA
x7698_407_36701_4_428,407.36701,4.428,16:1,7698,Unknown,NA,C30H46,[M + H]+,C30H46,Terpenoids,0.9962169528007508,Unknown,0.6956942081451416,Unknown,0.11508136242628098,Unknown,0.5541766285896301,NA,NA,NA,NA,NA,NA,NA,NA,NA
x4000_380_35116_3_365,380.35116,3.365,16:1,4000,Unknown,NA,C24H45NO2,[M + H]+,C24H45NO2,Fatty acids,0.9946178793907166,Fatty amides,0.9793370962142944,Unknown,0.5797592401504517,N-acyl amines,0.9463707804679872,NA,NA,NA,NA,NA,NA,NA,NA,NA
x17584_836_55484_8_286,836.55484,8.286,16:1,17584,Unknown,NA,C46H77NO12,[M + H]+,C46H77NO12,Fatty acids,0.9987394213676452,Glycerolipids,0.9102746844291688,Unknown,0.7515867948532104,Unknown,0.6857576370239258,NA,NA,NA,NA,NA,NA,NA,NA,NA
x40169_806_75745_16_314,806.75745,16.314,16:1,40169,Triacylglycerols,NA,C51H96O5,[M + H3N + H]+,C51H99NO5,Fatty acids,0.9995711445808412,Glycerolipids,0.9990804195404052,Triacylglycerols,0.998665452003479,Triacylglycerols,0.9556053876876832,NA,NA,NA,NA,NA,NA,NA,NA,NA
x1428_346_2951_1_643,346.2951,1.643,16:1,1428,Unknown,NA,C19H39NO4,[M + H]+,C19H39NO4,Fatty acids,0.9904186129570008,Unknown,0.3236842453479767,Unknown,0.11057374626398088,Unknown,0.7558884620666504,NA,NA,NA,NA,NA,NA,NA,NA,NA
x10372_460_415_5_458,460.415,5.458,16:1,10372,Unknown,NA,C30H53NO2,[M + H]+,C30H53NO2,Unknown,0.742409348487854,Unknown,0.8430219292640686,Unknown,0.05724567547440529,Unknown,0.5420757532119751,NA,NA,NA,NA,NA,NA,NA,NA,NA
x19468_618_50973_9_178,618.50973,9.178,16:1,19468,Unknown,NA,C38H67NO5,[M + H]+,C38H67NO5,Unknown,0.8341991901397705,Unknown,0.08598356693983078,Unknown,0.20557668805122375,Amino acids and derivatives,0.8847160935401917,NA,NA,NA,NA,NA,NA,NA,NA,NA
x12964_442_33739_6_447,442.33739,6.447,16:1,12964,Unknown,NA,C27H43BO4,[M + H]+,C27H43BO4,Terpenoids,0.9927574396133424,Steroids,0.8652568459510803,Unknown,0.14361301064491272,Unknown,0.6598217487335205,NA,NA,NA,NA,NA,NA,NA,NA,NA
x26435_650_53495_12_308,650.53495,12.308,16:1,26435,Unknown,NA,C43H69BO2,[M + Na]+,C43H69BO2,Unknown,0.6571213006973267,Unknown,0.15883643925189972,Unknown,0.75720977783203125,Unknown,0.5136263966560364,NA,NA,NA,NA,NA,NA,NA,NA,NA
x26175_668_5446_12_231,668.5446,12.231,16:1,26175,Unknown,NA,C39H73NO7,[M + H]+,C39H73NO7,Fatty acids,0.9690075516700744,Unknown,0.35585668683052063,Unknown,0.0908472016453743,Unknown,0.5019872188568115,NA,NA,NA,NA,NA,NA,NA,NA,NA
x7451_458_39959_4_403,458.39959,4.403,16:1,7451,Unknown,NA,C30H51NO2,[M + H]+,C30H51NO2,Fatty acids,0.9912158250808716,Unknown,0.8094176650047302,Unknown,0.3029320240020752,Unknown,0.8031893372535706,NA,NA,NA,NA,NA,NA,NA,NA,NA
x18006_623_53799_8_487,623.53799,8.487,16:1,18006,Unknown,NA,C37H70N2O5,[M + H]+,C37H70N2O5,Unknown,0.2742604911327362,Unknown,0.3310043513774872,Unknown,0.3517681956291199,Proline and derivatives,0.906690776348114,NA,NA,NA,NA,NA,NA,NA,NA,NA
x8801_354_33714_4_738,354.33714,4.738,16:1,8801,Unknown,NA,C22H43NO2,[M + H]+,C22H43NO2,Fatty acids,0.8944385051727295,Unknown,0.7852526307106018,Unknown,0.576762318611145,Unknown,0.7976914644241333,NA,NA,NA,NA,NA,NA,NA,NA,NA
x26117_694_56194_12_236,694.56194,12.236,16:1,26117,Unknown,NA,C41H75NO7,[M + H]+,C41H75NO7,Fatty acids,0.9563863277435304,Unknown,0.23121322691440585,Unknown,0.14292748272418976,Unknown,0.7954989671707153,NA,NA,NA,NA,NA,NA,NA,NA,NA
x24217_662_53571_11_643,662.53571,11.643,16:1,24217,Unknown,NA,C40H71NO6,[M + H]+,C40H71NO6,Unknown,0.747845470905304,Unknown,0.27047592401504517,Unknown,0.05358580872416496,Unknown,0.5431206226348877,NA,NA,NA,NA,NA,NA,NA,NA,NA
x1952_378_29922_2_006,378.29922,2.006,16:1,1952,Unknown,NA,C23H39NO3,[M + H]+,C23H39NO3,Unknown,0.6931865215301514,Fatty amides,0.867438554763794,Unknown,0.7345489859580994,N-acyl amines,0.9704982042312622,NA,NA,NA,NA,NA,NA,NA,NA,NA
x15583_782_50867_7_523,782.50867,7.523,16:1,15583,Unknown,NA,C42H71NO12,[M + H]+,C42H71NO12,Fatty acids,0.9618666172027588,Unknown,0.3268706202507019,Unknown,0.16660290956497192,Unknown,0.5334596633911133,NA,NA,NA,NA,NA,NA,NA,NA,NA
x15185_647_50471_7_392,647.50471,7.392,16:1,15185,Unknown,NA,C31H64N10O3,[M + Na]+,C31H64N10O3,Unknown,0.3971953690052033,Unknown,0.6337751746177673,Unknown,0.5237132906913757,Unknown,0.5617803335189819,NA,NA,NA,NA,NA,NA,NA,NA,NA
x27331_626_5364_12_534,626.5364,12.534,16:1,27331,Unknown,NA,C37H71NO6,[M + H]+,C37H71NO6,Fatty acids,0.9947589039802552,Unknown,0.6321775317192078,Unknown,0.3282225728034973,Unknown,0.6729519963264465,NA,NA,NA,NA,NA,NA,NA,NA,NA
x2256_326_30529_2_361,326.30529,2.361,16:1,2256,Unknown,NA,C20H39NO2,[M + H]+,C20H39NO2,Fatty acids,0.9684605598449708,Fatty amides,0.9205020666122437,Unknown,0.7336453199386597,Unknown,0.6175275444984436,NA,NA,NA,NA,NA,NA,NA,NA,NA
x22640_1468_13098_10_733,1468.13098,10.733,16:1,22640,Unknown,NA,NA,NA,NA,Unknown,NA,Unknown,NA,Unknown,NA,Unknown,NA,NA,NA,NA,NA,NA,NA,NA,NA,NA
x11107_626_41012_5_647,626.41012,5.647,16:1,11107,Unknown,NA,C30H59NO12,[M + H]+,C30H59NO12,Unknown,0.3291318118572235,Unknown,0.29771366715431213,Unknown,0.6146729588508606,Unknown,0.8432824611663818,NA,NA,NA,NA,NA,NA,NA,NA,NA
x2974_424_3205_2_901,424.3205,2.901,16:1,2974,Unknown,NA,C28H41NO2,[M + H]+,C28H41NO2,Unknown,0.7260320782661438,Unknown,0.3946690261363983,Unknown,0.6159232258796692,Unknown,0.7523818612098694,NA,NA,NA,NA,NA,NA,NA,NA,NA
x3836_776_47677_3_257,776.47677,3.257,16:1,3836,Unknown,NA,C35H65N7O12,[M + H]+,C35H65N7O12,Unknown,0.6642526984214783,Oligopeptides,0.879917562007904,Unknown,0.5279025435447693,Unknown,0.5516310930252075,NA,NA,NA,NA,NA,NA,NA,NA,NA
x2691_406_28142_2_564,406.28142,2.564,16:1,2691,Unknown,NA,C21H35N5O3,[M + H]+,C21H35N5O3,Unknown,0.7827153205871582,Unknown,0.7362847328186035,Unknown,0.2236282229423523,Alpha amino acids and derivatives,0.8525980114936829,NA,NA,NA,NA,NA,NA,NA,NA,NA
x35407_1178_89391_14_498,1178.89391,14.498,16:1,35407,Unknown,NA,NA,NA,NA,Unknown,NA,Unknown,NA,Unknown,NA,Unknown,NA,NA,NA,NA,NA,NA,NA,NA,NA,NA
x39338_1162_95707_15_956,1162.95707,15.956,16:1,39338,Unknown,NA,C79H121N5,[M + Na]+,C79H121N5,Unknown,0.7443965077400208,Unknown,0.20650948584079745,Unknown,0.12990747392177582,Unknown,0.7503809928894043,NA,NA,NA,NA,NA,NA,NA,NA,NA
x26752_370_40375_12_425,370.40375,12.425,16:1,26752,Unknown,NA,C24H51NO,[M + H]+,C24H51NO,Fatty acids,0.8999698162078857,Unknown,0.29491886496543884,Unknown,0.0384807363152504,Unknown,0.7917124032974243,NA,NA,NA,NA,NA,NA,NA,NA,NA
x10615_440_31593_5_476,440.31593,5.476,16:2,10615,Unknown,NA,C28H41NO3,[M + H]+,C28H41NO3,Fatty acids,0.9166287779808044,Unknown,0.6869436502456665,Unknown,0.4749084413051605,N-acyl-alpha amino acids,0.8733140230178833,NA,NA,NA,NA,NA,NA,NA,NA,NA
x29224_658_57446_13_049,658.57446,13.049,16:2,29224,Unknown,NA,C36H73N7O2,[M + Na]+,C36H73N7O2,Unknown,0.03975987434387207,Unknown,0.02007537148892879,Unknown,0.1135874167084694,Unknown,0.5604151487350464,NA,NA,NA,NA,NA,NA,NA,NA,NA
x38881_544_47267_15_739,544.47267,15.739,16:2,38881,Unknown,NA,C35H61NO3,[M + H]+,C35H61NO3,Fatty acids,0.9445998668670654,Unknown,0.43080273270606995,Unknown,0.4349229633808136,Unknown,0.5019996762275696,NA,NA,NA,NA,NA,NA,NA,NA,NA
x4474_434_28939_3_466,434.28939,3.466,16:2,4474,Unknown,NA,C25H39NO5,[M + H]+,C25H39NO5,Alkaloids,0.9178507328033448,Unknown,0.6604104042053223,Unknown,0.02653628215193748,Unknown,0.5709002017974854,NA,NA,NA,NA,NA,NA,NA,NA,NA
x36887_837_63777_14_985,837.63777,14.985,16:2,36887,Unknown,NA,C52H80N6O3,[M + H]+,C52H80N6O3,Unknown,0.670780599117279,Unknown,0.5158087015151978,Unknown,0.4132831394672394,Unknown,0.592182457447052,NA,NA,NA,NA,NA,NA,NA,NA,NA
x7706_377_3207_4_435,377.3207,4.435,16:2,7706,Unknown,NA,C28H40,[M + H]+,C28H40,Terpenoids,0.9981268048286438,Unknown,0.10298336297273636,Unknown,0.02455445937812328,Prenol lipids,0.94966858625412,NA,NA,NA,NA,NA,NA,NA,NA,NA
x18516_544_47333_8_699,544.47333,8.699,16:2,18516,Unknown,NA,C35H61NO3,[M + H]+,C35H61NO3,Fatty acids,0.968939483165741,Unknown,0.481706976890564,Unknown,0.35613152384757996,Unknown,0.5684856176376343,NA,NA,NA,NA,NA,NA,NA,NA,NA
x39778_874_82559_16_095,874.82559,16.095,16:2,39778,Unknown,NA,C56H104O5,[M + H3N + H]+,C56H107NO5,Fatty acids,0.9999468326568604,Glycerolipids,0.99913954734802235,Unknown,0.6447125673294067,Unknown,0.5000765919685364,NA,NA,NA,NA,NA,NA,NA,NA,NA
x37065_856_7367_15_047,856.7367,15.047,16:2,37065,Triacylglycerols,NA,C54H97NO6,[M + H]+,C54H97NO6,Fatty acids,0.9999518394470216,Glycerolipids,0.999288022518158,Triacylglycerols,0.9999960660934448,Triacylglycerols,0.9997979998588562,NA,NA,NA,NA,NA,NA,NA,NA,NA
x1932_341_31657_1_963,341.31657,1.963,16:2,1932,Unknown,NA,C20H40N2O2,[M + H]+,C20H40N2O2,Unknown,0.6950088143348694,Fatty amides,0.9067991971969604,Unknown,0.7842346429824829,Secondary carboxylic acid amides,0.937686562538147,NA,NA,NA,NA,NA,NA,NA,NA,NA
x1728_368_28017_1_826,368.28017,1.826,16:2,1728,Unknown,NA,C27H33B,[M + H]+,C27H33B,Terpenoids,0.9880405068397522,Unknown,0.4291159212589264,Unknown,0.34652599692344666,Unknown,0.764001190662384,NA,NA,NA,NA,NA,NA,NA,NA,NA
x36407_816_70701_14_826,816.70701,14.826,16:2,36407,Triacylglycerols,TAG(14:0/16:1/18:3) [M+NH4]+,C49H95NO6,[M + Na]+,C49H95NO6,Fatty acids,0.9981085062026978,Glycerolipids,0.9820005297660828,Triacylglycerols,0.9974572062492372,Triacylglycerols,0.9324160814285278,NA,NA,NA,NA,NA,Glycerolipid,Triacylglycerols,Triacylglycerols,TAG(14:0/16:1/18:3) [M+NH4]+
x36395_544_47335_14_808,544.47335,14.808,16:2,36395,Unknown,NA,C35H61NO3,[M + H]+,C35H61NO3,Fatty acids,0.9824342131614684,Unknown,0.380678653717041,Unknown,0.16701531410217285,Unknown,0.5909149646759033,NA,NA,NA,NA,NA,NA,NA,NA,NA
x2682_396_31106_2_618,396.31106,2.618,16:2,2682,Unknown,NA,C23H41NO4,[M + H]+,C23H41NO4,Fatty acids,0.9732000827789308,Unknown,0.6584638357162476,Unknown,0.5530492067337036,Unknown,0.6722908616065979,NA,NA,NA,NA,NA,NA,NA,NA,NA
x9810_462_33807_5_167,462.33807,5.167,16:2,9810,Unknown,NA,C31H43NO2,[M + H]+,C31H43NO2,Unknown,0.3857828080654144,Unknown,0.24519650638103485,Unknown,0.26656731963157654,Unknown,0.574046790599823,NA,NA,NA,NA,NA,NA,NA,NA,NA
x12485_500_35304_6_224,500.35304,6.224,16:2,12485,Unknown,NA,C34H45NO2,[M + H]+,C34H45NO2,Unknown,0.4204660952091217,Unknown,0.23764123022556305,Unknown,0.25992581248283386,Unknown,0.6736465096473694,NA,NA,NA,NA,NA,NA,NA,NA,NA
x37773_544_47265_15_29,544.47265,15.29,16:2,37773,Unknown,NA,C35H61NO3,[M + H]+,C35H61NO3,Fatty acids,0.9220847487449646,Unknown,0.4658575654029846,Unknown,0.4824274182319641,Unknown,0.5415103435516357,NA,NA,NA,NA,NA,NA,NA,NA,NA
x3988_585_41289_3_306,585.41289,3.306,16:2,3988,Unknown,NA,C31H56N2O8,[M + H]+,C31H56N2O8,Unknown,0.817962110042572,Unknown,0.6181049942970276,Unknown,0.6769108176231384,Unknown,0.5034793615341187,NA,NA,NA,NA,NA,NA,NA,NA,NA
x33389_544_47329_13_965,544.47329,13.965,16:2,33389,Unknown,NA,C35H61NO3,[M + H]+,C35H61NO3,Fatty acids,0.9011247158050536,Unknown,0.6696783900260925,Unknown,0.4176316261291504,Unknown,0.8369881510734558,NA,NA,NA,NA,NA,NA,NA,NA,NA
x2569_392_31569_2_514,392.31569,2.514,16:2,2569,Unknown,NA,C24H41NO3,[M + H]+,C24H41NO3,Unknown,0.6591777801513672,Unknown,0.6572177410125732,Unknown,0.31018325686454773,Unknown,0.5303970575332642,NA,NA,NA,NA,NA,NA,NA,NA,NA
x36378_526_46373_14_809,526.46373,14.809,16:2,36378,Unknown,NA,C35H59NO2,[M + H]+,C35H59NO2,Fatty acids,0.9017698764801024,Unknown,0.24741992354393005,Unknown,0.35039055347442627,Unknown,0.7628412246704102,NA,NA,NA,NA,NA,NA,NA,NA,NA
x21290_392_79629_10_104,392.79629,10.104,16:2,21290,Unknown,NA,NA,NA,NA,Unknown,NA,Unknown,NA,Unknown,NA,Unknown,NA,NA,NA,NA,NA,NA,NA,NA,NA,NA
x9593_340_32113_5_107,340.32113,5.107,16:2,9593,Unknown,NA,C21H41NO2,[M + H]+,C21H41NO2,Unknown,0.8176848888397217,Unknown,0.15982742607593536,Unknown,0.06082070618867874,Alpha amino acids,0.9423535466194152,NA,NA,NA,NA,NA,NA,NA,NA,NA
x1305_412_30559_1_513,412.30559,1.513,16:2,1305,Unknown,NA,NA,NA,NA,Unknown,NA,Unknown,NA,Unknown,NA,Unknown,NA,NA,NA,NA,NA,NA,NA,NA,NA,NA
x2678_402_30069_2_609,402.30069,2.609,16:2,2678,Unknown,NA,C25H39NO3,[M + H]+,C25H39NO3,Unknown,0.8081864714622498,Unknown,0.42298272252082825,Unknown,0.43262359499931335,N-acyl amines,0.8951244950294495,NA,NA,NA,NA,NA,NA,NA,NA,NA
x2993_378_30117_2_842,378.30117,2.842,16:2,2993,Unknown,NA,C23H39NO3,[M + H]+,C23H39NO3,Fatty acids,0.910769820213318,Unknown,0.47955521941185,Unknown,0.21325628459453583,N-acyl amines,0.97284996509552,NA,NA,NA,NA,NA,NA,NA,NA,NA
x17966_606_50802_8_491,606.50802,8.491,16:2,17966,Unknown,NA,NA,NA,NA,Unknown,NA,Unknown,NA,Unknown,NA,Unknown,NA,NA,NA,NA,NA,NA,NA,NA,NA,NA
x1767_390_30081_1_849,390.30081,1.849,16:2,1767,Unknown,NA,C24H39NO3,[M + H]+,C24H39NO3,Unknown,0.811799168586731,Unknown,0.6549797058105469,Unknown,0.17619770765304563,Unknown,0.7025116086006165,NA,NA,NA,NA,NA,NA,NA,NA,NA
x9937_414_3002_5_209,414.3002,5.209,16:2,9937,Unknown,NA,C26H39NO3,[M + H]+,C26H39NO3,Terpenoids,0.96246600151062,Steroids,0.8725751042366028,Unknown,0.47258827090263367,Glycinated bile acids and derivatives,0.997363269329071,NA,NA,NA,NA,NA,NA,NA,NA,NA
x34831_544_47354_14_353,544.47354,14.353,16:2,34831,Unknown,NA,C35H61NO3,[M + H]+,C35H61NO3,Fatty acids,0.912835419178009,Unknown,0.6721088290214539,Unknown,0.5070586204528809,Unknown,0.5154377818107605,NA,NA,NA,NA,NA,NA,NA,NA,NA
x2143_376_28468_2_128,376.28468,2.128,16:2,2143,Unknown,NA,C23H37NO3,[M + H]+,C23H37NO3,Unknown,0.6804336905479431,Unknown,0.5509997606277466,Unknown,0.7536165714263916,Unknown,0.8240638971328735,NA,NA,NA,NA,NA,NA,NA,NA,NA
x2375_380_2819_2_322,380.2819,2.322,16:2,2375,Unknown,NA,C17H33BN6O3,[M + H]+,C17H33BN6O3,Unknown,0.16531667113304138,Unknown,0.13875249028205872,Unknown,0.0733504444360733,Unknown,0.5957496762275696,NA,NA,NA,NA,NA,NA,NA,NA,NA
x4686_326_30551_3_539,326.30551,3.539,16:2,4686,Unknown,NA,C20H39NO2,[M + H]+,C20H39NO2,Fatty acids,0.8669196963310242,Unknown,0.6762512922286987,Unknown,0.5823794007301331,"1,2-aminoalcohols",0.8686177134513855,NA,NA,NA,NA,NA,NA,NA,NA,NA
x2816_348_28902_2_72,348.28902,2.72,16:2,2816,Unknown,NA,C22H37NO2,[M + H]+,C22H37NO2,Fatty acids,0.9988368153572084,Fatty amides,0.9710503816604614,Unknown,0.48399269580841064,N-acyl amines,0.9274423122406006,NA,NA,NA,NA,NA,NA,NA,NA,NA
x5968_456_38482_3_914,456.38482,3.914,16:2,5968,Unknown,NA,C30H49NO2,[M + H]+,C30H49NO2,Terpenoids,0.9299365282058716,Unknown,0.8395252823829651,Unknown,0.8403705358505249,Unknown,0.7090803384780884,NA,NA,NA,NA,NA,NA,NA,NA,NA
x3616_380_31547_3_146,380.31547,3.146,16:2,3616,Unknown,NA,C23H41NO3,[M + H]+,C23H41NO3,Unknown,0.814144492149353,Unknown,0.8390036821365356,Unknown,0.6492674350738525,Unknown,0.8151791095733643,NA,NA,NA,NA,NA,NA,NA,NA,NA
x3884_336_28968_3_253,336.28968,3.253,16:2,3884,Unknown,NA,C21H37NO2,[M + H]+,C21H37NO2,Unknown,0.7727702260017395,Unknown,0.530264139175415,Unknown,0.15518182516098022,Unknown,0.7476646304130554,NA,NA,NA,NA,NA,NA,NA,NA,NA
x796_364_28429_1_264,364.28429,1.264,16:2,796,Unknown,NA,NA,NA,NA,Unknown,NA,Unknown,NA,Unknown,NA,Unknown,NA,NA,NA,NA,NA,NA,NA,NA,NA,NA
x7524_460_32276_4_393,460.32276,4.393,16:2,7524,Unknown,NA,C31H41NO2,[M + H]+,C31H41NO2,Unknown,0.5104775428771973,Unknown,0.4977656900882721,Unknown,0.12444545328617096,Unknown,0.6886383295059204,NA,NA,NA,NA,NA,NA,NA,NA,NA
x8940_542_42261_4_872,542.42261,4.872,16:2,8940,Unknown,NA,C34H55NO4,[M + H]+,C34H55NO4,Unknown,0.8437706828117371,Unknown,0.8306776285171509,Unknown,0.3171030879020691,Unknown,0.7901527285575867,NA,NA,NA,NA,NA,NA,NA,NA,NA
x4082_326_30567_3_356,326.30567,3.356,16:2,4082,Unknown,NA,C20H39NO2,[M + H]+,C20H39NO2,Unknown,0.7999484539031982,Unknown,0.7729803323745728,Unknown,0.6649428009986877,Unknown,0.5554887056350708,NA,NA,NA,NA,NA,NA,NA,NA,NA
x16843_512_44714_8_073,512.44714,8.073,16:2,16843,Unknown,NA,C34H57NO2,[M + H]+,C34H57NO2,Fatty acids,0.9979800581932068,Fatty amides,0.9360418915748596,Unknown,0.7188093662261963,N-acyl amines,0.9864017367362976,NA,NA,NA,NA,NA,NA,NA,NA,NA
x2540_364_28543_2_505,364.28543,2.505,16:2,2540,Unknown,NA,C22H37NO3,[M + H]+,C22H37NO3,Unknown,0.6930806040763855,Unknown,0.7548810839653015,Unknown,0.4574902057647705,Unknown,0.5774178504943848,NA,NA,NA,NA,NA,NA,NA,NA,NA
x4450_406_33146_3_48,406.33146,3.48,16:2,4450,Unknown,NA,C25H43NO3,[M + H]+,C25H43NO3,Unknown,0.7549445033073425,Unknown,0.32465869188308716,Unknown,0.28369078040122986,N-acyl amines,0.957654356956482,NA,NA,NA,NA,NA,NA,NA,NA,NA
x1758_364_28505_1_809,364.28505,1.809,16:2,1758,Unknown,NA,C22H37NO3,[M + H]+,C22H37NO3,Unknown,0.713521420955658,Unknown,0.6387182474136353,Unknown,0.07083267718553543,Unknown,0.8309544324874878,NA,NA,NA,NA,NA,NA,NA,NA,NA
x1491_336_28905_1_665,336.28905,1.665,16:2,1491,Unknown,NA,C21H37NO2,[M + H]+,C21H37NO2,Unknown,0.7587039470672607,Unknown,0.5406036972999573,Unknown,0.16323058307170868,Unknown,0.5873203873634338,NA,NA,NA,NA,NA,NA,NA,NA,NA
x3970_364_28474_3_278,364.28474,3.278,16:2,3970,Unknown,NA,C22H37NO3,[M + H]+,C22H37NO3,Unknown,0.6933693885803223,Unknown,0.5458899736404419,Unknown,0.33506816625595093,Unknown,0.5741718411445618,NA,NA,NA,NA,NA,NA,NA,NA,NA
x2226_364_28473_2_229,364.28473,2.229,16:2,2226,Unknown,NA,C19H40N3P,[M + Na]+,C19H40N3P,Unknown,0.6546995043754578,Unknown,0.21683520078659055,Unknown,0.12786123156547546,Unknown,0.5433290600776672,NA,NA,NA,NA,NA,NA,NA,NA,NA
x1238_340_28439_1_552,340.28439,1.552,16:2,1238,Unknown,NA,C20H37NO3,[M + H]+,C20H37NO3,Fatty acids,0.9042922258377076,Unknown,0.5257429480552673,Unknown,0.2571399211883545,Unknown,0.575635552406311,NA,NA,NA,NA,NA,NA,NA,NA,NA
x7698_407_36701_4_428,407.36701,4.428,16:2,7698,Unknown,NA,C30H46,[M + H]+,C30H46,Terpenoids,0.9962169528007508,Unknown,0.6956942081451416,Unknown,0.11508136242628098,Unknown,0.5541766285896301,NA,NA,NA,NA,NA,NA,NA,NA,NA
x30471_658_57607_13_27,658.57607,13.27,16:2,30471,Unknown,NA,C42H75NO4,[M + H]+,C42H75NO4,Fatty acids,0.9805244207382202,Unknown,0.22999931871891025,Unknown,0.503304660320282,Unknown,0.6127718687057495,NA,NA,NA,NA,NA,NA,NA,NA,NA
x16050_600_46533_7_69,600.46533,7.69,16:2,16050,Diacylglycerols,DAG(18:5/16:2) [M+NH4]+,C34H65NO5S,[M + H]+,C34H65NO5S,Fatty acids,0.9694550037384032,Steroids,0.909819722175598,Unknown,0.8359341025352478,Unknown,0.6116787791252136,NA,NA,NA,NA,NA,Glycerolipid,Diacylglycerols,Diacylglycerols,DAG(18:5/16:2) [M+NH4]+
x26455_628_52794_12_345,628.52794,12.345,16:2,26455,Unknown,NA,C40H69NO4,[M + H]+,C40H69NO4,Fatty acids,0.8865999579429626,Unknown,0.6443948745727539,Unknown,0.38873985409736633,Unknown,0.6071308255195618,NA,NA,NA,NA,NA,NA,NA,NA,NA
x25300_628_5292_11_973,628.5292,11.973,16:2,25300,Unknown,NA,C40H69NO4,[M + H]+,C40H69NO4,Fatty acids,0.8912945985794067,Unknown,0.34293049573898315,Unknown,0.20838545262813568,Unknown,0.5855811834335327,NA,NA,NA,NA,NA,NA,NA,NA,NA
x10372_460_415_5_458,460.415,5.458,16:2,10372,Unknown,NA,C30H53NO2,[M + H]+,C30H53NO2,Unknown,0.742409348487854,Unknown,0.8430219292640686,Unknown,0.05724567547440529,Unknown,0.5420757532119751,NA,NA,NA,NA,NA,NA,NA,NA,NA
x2752_364_28499_2_691,364.28499,2.691,16:2,2752,Unknown,NA,C22H37NO3,[M + H]+,C22H37NO3,Unknown,0.6310932636260986,Unknown,0.736059308052063,Unknown,0.5443608164787292,Alpha amino acids and derivatives,0.962252676486969,NA,NA,NA,NA,NA,NA,NA,NA,NA
x23652_576_50031_11_458,576.50031,11.458,16:2,23652,Unknown,NA,C36H65NO4,[M + H]+,C36H65NO4,Fatty acids,0.9856106638908386,Unknown,0.5867940187454224,Unknown,0.5259855389595032,N-acyl-alpha amino acids,0.984683096408844,NA,NA,NA,NA,NA,NA,NA,NA,NA
x17517_350_30007_8_31,350.30007,8.31,16:2,17517,Unknown,NA,NA,NA,NA,Unknown,NA,Unknown,NA,Unknown,NA,Unknown,NA,NA,NA,NA,NA,NA,NA,NA,NA,NA
x5446_521_40218_3_808,521.40218,3.808,16:2,5446,Unknown,NA,C32H53FO4,[M + H]+,C32H53FO4,Terpenoids,0.9944341778755188,Triterpenoids,0.9542270302772522,Unknown,0.31662672758102417,Unknown,0.6866496801376343,NA,NA,NA,NA,NA,NA,NA,NA,NA
x28482_632_55908_12_843,632.55908,12.843,16:2,28482,Unknown,NA,C40H73NO4,[M + H]+,C40H73NO4,Fatty acids,0.9970839619636536,Unknown,0.7522149682044983,Unknown,0.7342334985733032,N-acyl-alpha amino acids,0.8863692879676819,NA,NA,NA,NA,NA,NA,NA,NA,NA
x4908_344_28012_3_516,344.28012,3.516,16:2,4908,Unknown,NA,C19H37NO4,[M + H]+,C19H37NO4,Unknown,0.4591388404369354,Unknown,0.5303346514701843,Unknown,0.6068201661109924,Unknown,0.6247641444206238,NA,NA,NA,NA,NA,NA,NA,NA,NA
x19633_654_50741_9_191,654.50741,9.191,16:2,19633,Diacylglycerols,DAG(38:8) [M+NH4]+,NA,NA,NA,Unknown,NA,Unknown,NA,Unknown,NA,Unknown,NA,NA,NA,NA,NA,NA,Glycerolipid,Diacylglycerols,Diacylglycerols,DAG(38:8) [M+NH4]+
x1427_434_29156_1_616,434.29156,1.616,16:2,1427,Unknown,NA,C25H39NO5,[M + H]+,C25H39NO5,Unknown,0.7339684367179871,Unknown,0.28952404856681824,Unknown,0.3552442789077759,Unknown,0.7273536920547485,NA,NA,NA,NA,NA,NA,NA,NA,NA
x20623_548_46837_9_822,548.46837,9.822,16:2,20623,Unknown,NA,C34H61NO4,[M + H]+,C34H61NO4,Fatty acids,0.9365426898002625,Unknown,0.5334792137145996,Unknown,0.3150516152381897,Unknown,0.5255020260810852,NA,NA,NA,NA,NA,NA,NA,NA,NA
x21378_606_50817_10_213,606.50817,10.213,16:2,21378,Unknown,NA,NA,NA,NA,Unknown,NA,Unknown,NA,Unknown,NA,Unknown,NA,NA,NA,NA,NA,NA,NA,NA,NA,NA
x8228_336_29027_4_618,336.29027,4.618,16:2,8228,Unknown,NA,C21H37NO2,[M + H]+,C21H37NO2,Fatty acids,0.9875255823135376,Unknown,0.758506178855896,Unknown,0.5140277147293091,Unknown,0.8048707246780396,NA,NA,NA,NA,NA,NA,NA,NA,NA
x3710_376_28614_3_171,376.28614,3.171,16:2,3710,Unknown,NA,C23H37NO3,[M + H]+,C23H37NO3,Fatty acids,0.9602731466293336,Unknown,0.7906264066696167,Unknown,0.316042423248291,Unknown,0.8419117331504822,NA,NA,NA,NA,NA,NA,NA,NA,NA
x25128_350_29938_11_955,350.29938,11.955,16:2,25128,Unknown,NA,NA,NA,NA,Unknown,NA,Unknown,NA,Unknown,NA,Unknown,NA,NA,NA,NA,NA,NA,NA,NA,NA,NA
x2188_352_31986_2_208,352.31986,2.208,16:2,2188,Unknown,NA,C22H41NO2,[M + H]+,C22H41NO2,Fatty acids,0.8823201060295105,Unknown,0.7165505290031433,Unknown,0.20309585332870483,Unknown,0.538963794708252,NA,NA,NA,NA,NA,NA,NA,NA,NA
x2256_326_30529_2_361,326.30529,2.361,16:2,2256,Unknown,NA,C20H39NO2,[M + H]+,C20H39NO2,Fatty acids,0.9684605598449708,Fatty amides,0.9205020666122437,Unknown,0.7336453199386597,Unknown,0.6175275444984436,NA,NA,NA,NA,NA,NA,NA,NA,NA
x2974_424_3205_2_901,424.3205,2.901,16:2,2974,Unknown,NA,C28H41NO2,[M + H]+,C28H41NO2,Unknown,0.7260320782661438,Unknown,0.3946690261363983,Unknown,0.6159232258796692,Unknown,0.7523818612098694,NA,NA,NA,NA,NA,NA,NA,NA,NA
x5590_468_38576_3_799,468.38576,3.799,16:2,5590,Unknown,NA,C31H49NO2,[M + H]+,C31H49NO2,Terpenoids,0.9734041094779968,Unknown,0.7130728363990784,Unknown,0.2687760591506958,Unknown,0.5187395215034485,NA,NA,NA,NA,NA,NA,NA,NA,NA
x3236_386_3044_3_003,386.3044,3.003,16:2,3236,Unknown,NA,C25H39NO2,[M + H]+,C25H39NO2,Unknown,0.6784989237785339,Unknown,0.6558026075363159,Unknown,0.3489156663417816,Unknown,0.518062949180603,NA,NA,NA,NA,NA,NA,NA,NA,NA
x2691_406_28142_2_564,406.28142,2.564,16:2,2691,Unknown,NA,C21H35N5O3,[M + H]+,C21H35N5O3,Unknown,0.7827153205871582,Unknown,0.7362847328186035,Unknown,0.2236282229423523,Alpha amino acids and derivatives,0.8525980114936829,NA,NA,NA,NA,NA,NA,NA,NA,NA
x3799_384_29177_3_24,384.29177,3.24,16:2,3799,Unknown,NA,C22H38FNO3,[M + H]+,C22H38FNO3,Unknown,0.6941186189651489,Unknown,0.7333600521087646,Unknown,0.3424397110939026,Unknown,0.6174956560134888,NA,NA,NA,NA,NA,NA,NA,NA,NA
x7992_359_27386_4_535,359.27386,4.535,16:3,7992,Unknown,NA,C27H34,[M + H]+,C27H34,Terpenoids,0.992356777191162,Unknown,0.32116997241973877,Unknown,0.24589523673057556,Unknown,0.5747641921043396,NA,NA,NA,NA,NA,NA,NA,NA,NA
x8572_438_30122_4_741,438.30122,4.741,16:3,8572,Unknown,NA,C28H39NO3,[M + H]+,C28H39NO3,Unknown,0.5626351237297058,Unknown,0.1397990733385086,Unknown,0.0762590616941452,N-acyl-alpha amino acids,0.9058346152305604,NA,NA,NA,NA,NA,NA,NA,NA,NA
x3477_424_31823_3_083,424.31823,3.083,16:3,3477,Unknown,dopamine-C20:3,C21H38FN7O,[M + H]+,C21H38FN7O,Alkaloids,0.9993125200271606,Unknown,0.46155139803886414,Unknown,0.18947207927703855,Unknown,0.6289271712303162,0.852216,4.24335,dopamine-C20:3,Phenols,Benzenediols,NA,NA,NA,NA
x9899_452_31711_5_22,452.31711,5.22,16:3,9899,Unknown,NA,C29H41NO3,[M + H]+,C29H41NO3,Unknown,0.5065090656280518,Unknown,0.5234166383743286,Unknown,0.31225499510765076,Unknown,0.5427265763282776,NA,NA,NA,NA,NA,NA,NA,NA,NA
x1728_368_28017_1_826,368.28017,1.826,16:3,1728,Unknown,NA,C27H33B,[M + H]+,C27H33B,Terpenoids,0.9880405068397522,Unknown,0.4291159212589264,Unknown,0.34652599692344666,Unknown,0.764001190662384,NA,NA,NA,NA,NA,NA,NA,NA,NA
x5543_432_28992_3_764,432.28992,3.764,16:3,5543,Unknown,NA,C29H37NO2,[M + H]+,C29H37NO2,Unknown,0.7721260190010071,Unknown,0.5410210490226746,Unknown,0.17474797368049622,Unknown,0.6161807179450989,NA,NA,NA,NA,NA,NA,NA,NA,NA
x7955_412_28501_4_526,412.28501,4.526,16:3,7955,Unknown,NA,C26H37NO3,[M + H]+,C26H37NO3,Fatty acids,0.8949893116950989,Fatty amides,0.8507189750671387,Unknown,0.7777108550071716,N-acyl-alpha amino acids,0.9973394274711608,NA,NA,NA,NA,NA,NA,NA,NA,NA
x808_380_28032_1_241,380.28032,1.241,16:3,808,Unknown,NA,C22H37NO4,[M + H]+,C22H37NO4,Fatty acids,0.9955716133117676,Unknown,0.772854208946228,Unknown,0.26138609647750854,Unknown,0.8228915929794312,NA,NA,NA,NA,NA,NA,NA,NA,NA
x2569_392_31569_2_514,392.31569,2.514,16:3,2569,Unknown,NA,C24H41NO3,[M + H]+,C24H41NO3,Unknown,0.6591777801513672,Unknown,0.6572177410125732,Unknown,0.31018325686454773,Unknown,0.5303970575332642,NA,NA,NA,NA,NA,NA,NA,NA,NA
x2678_402_30069_2_609,402.30069,2.609,16:3,2678,Unknown,NA,C25H39NO3,[M + H]+,C25H39NO3,Unknown,0.8081864714622498,Unknown,0.42298272252082825,Unknown,0.43262359499931335,N-acyl amines,0.8951244950294495,NA,NA,NA,NA,NA,NA,NA,NA,NA
x2993_378_30117_2_842,378.30117,2.842,16:3,2993,Unknown,NA,C23H39NO3,[M + H]+,C23H39NO3,Fatty acids,0.910769820213318,Unknown,0.47955521941185,Unknown,0.21325628459453583,N-acyl amines,0.97284996509552,NA,NA,NA,NA,NA,NA,NA,NA,NA
x34031_762_66149_14_199,762.66149,14.199,16:3,34031,Triacylglycerols,TAG(12:0/14:0/18:3) / TAG(14:0/14:0/16:3) [M+NH4]+,C47H87NO6,[M + H]+,C47H87NO6,Fatty acids,0.9971922039985656,Unknown,0.5304113626480103,Unknown,0.5366241335868835,N-acyl amines,0.9398900270462036,NA,NA,NA,NA,NA,Glycerolipid,Triacylglycerols,Triacylglycerols,TAG(12:0/14:0/18:3) / TAG(14:0/14:0/16:3) [M+NH4]+
x1767_390_30081_1_849,390.30081,1.849,16:3,1767,Unknown,NA,C24H39NO3,[M + H]+,C24H39NO3,Unknown,0.811799168586731,Unknown,0.6549797058105469,Unknown,0.17619770765304563,Unknown,0.7025116086006165,NA,NA,NA,NA,NA,NA,NA,NA,NA
x1089_343_22657_1_439,343.22657,1.439,16:3,1089,Unknown,NA,C20H28N3O2,[M + H]+,C20H28N3O2,Unknown,0.8086509704589844,Unknown,0.4240244925022125,Unknown,0.272309809923172,Unknown,0.6160476803779602,NA,NA,NA,NA,NA,NA,NA,NA,NA
x17915_602_47697_8_484,602.47697,8.484,16:3,17915,Diacylglycerols,DAG(18:4/16:2) / (18:3/16:3) [M+NH4]+,NA,NA,NA,Unknown,NA,Unknown,NA,Unknown,NA,Unknown,NA,NA,NA,NA,NA,NA,Glycerolipid,Diacylglycerols,Diacylglycerols,DAG(18:4/16:2) / (18:3/16:3) [M+NH4]+
x1091_320_25648_1_424,320.25648,1.424,16:3,1091,Unknown,NA,NA,NA,NA,Unknown,NA,Unknown,NA,Unknown,NA,Unknown,NA,NA,NA,NA,NA,NA,NA,NA,NA,NA
x2143_376_28468_2_128,376.28468,2.128,16:3,2143,Unknown,NA,C23H37NO3,[M + H]+,C23H37NO3,Unknown,0.6804336905479431,Unknown,0.5509997606277466,Unknown,0.7536165714263916,Unknown,0.8240638971328735,NA,NA,NA,NA,NA,NA,NA,NA,NA
x22413_729_5913_10_699,729.5913,10.699,16:3,22413,Unknown,Spectral Match to N-Oleoyl-D-erythro-sphingosylphosphorylcholine from NIST14,C43H76N4O5,[M + H]+,C43H76N4O5,Unknown,0.7072184681892395,Unknown,0.7264322638511658,Unknown,0.4123842120170593,Unknown,0.5999101996421814,0.911557,1.75679,Spectral Match to N-Oleoyl-D-erythro-sphingosylphosphorylcholine from NIST14,Sphingolipids,Phosphosphingolipids,NA,NA,NA,NA
x1696_350_2696_1_778,350.2696,1.778,16:3,1696,Unknown,NA,C21H35NO3,[M + H]+,C21H35NO3,Unknown,0.7794899940490723,Unknown,0.535966157913208,Unknown,0.27623021602630615,Unknown,0.6200225949287415,NA,NA,NA,NA,NA,NA,NA,NA,NA
x2375_380_2819_2_322,380.2819,2.322,16:3,2375,Unknown,NA,C17H33BN6O3,[M + H]+,C17H33BN6O3,Unknown,0.16531667113304138,Unknown,0.13875249028205872,Unknown,0.0733504444360733,Unknown,0.5957496762275696,NA,NA,NA,NA,NA,NA,NA,NA,NA
x955_362_26961_1_331,362.26961,1.331,16:3,955,Unknown,NA,C22H35NO3,[M + H]+,C22H35NO3,Terpenoids,0.9216632843017578,Diterpenoids,0.9242899417877196,Unknown,0.2966621220111847,Diterpenoids,0.8520505428314209,NA,NA,NA,NA,NA,NA,NA,NA,NA
x25452_528_37596_12_049,528.37596,12.049,16:3,25452,Unknown,NA,C26H49N5O6,[M + H]+,C26H49N5O6,Unknown,0.3448251485824585,Unknown,0.09138784557580948,Unknown,0.16251569986343384,N-acyl-alpha amino acids and derivatives,0.9435080885887146,NA,NA,NA,NA,NA,NA,NA,NA,NA
x2816_348_28902_2_72,348.28902,2.72,16:3,2816,Unknown,NA,C22H37NO2,[M + H]+,C22H37NO2,Fatty acids,0.9988368153572084,Fatty amides,0.9710503816604614,Unknown,0.48399269580841064,N-acyl amines,0.9274423122406006,NA,NA,NA,NA,NA,NA,NA,NA,NA
x20296_604_4917_9_582,604.4917,9.582,16:3,20296,Unknown,NA,NA,NA,NA,Unknown,NA,Unknown,NA,Unknown,NA,Unknown,NA,NA,NA,NA,NA,NA,NA,NA,NA,NA
x1245_346_27417_1_54,346.27417,1.54,16:3,1245,Unknown,NA,C22H35NO2,[M + H]+,C22H35NO2,Unknown,0.6740701794624329,Unknown,0.3958533704280853,Unknown,0.370305448770523,Unknown,0.5008319020271301,NA,NA,NA,NA,NA,NA,NA,NA,NA
x2573_384_293_2_421,384.293,2.421,16:3,2573,Unknown,NA,C22H41NO2S,[M + H]+,C22H41NO2S,Fatty acids,0.9307458996772766,Fatty amides,0.8567605018615723,Unknown,0.5334857702255249,N-acyl amines,0.9204307794570924,NA,NA,NA,NA,NA,NA,NA,NA,NA
x36273_776_67822_14_753,776.67822,14.753,16:3,36273,Triacylglycerols,NA,C48H89NO6,[M + H]+,C48H89NO6,Fatty acids,0.9986186027526855,Unknown,0.8482400178909302,Triacylglycerols,0.985918402671814,Unknown,0.7283844351768494,NA,NA,NA,NA,NA,NA,NA,NA,NA
x2594_366_30023_2_55,366.30023,2.55,16:3,2594,Unknown,NA,C22H39NO3,[M + H]+,C22H39NO3,Unknown,0.7045652270317078,Unknown,0.8303161263465881,Unknown,0.5430635213851929,Unknown,0.5533105134963989,NA,NA,NA,NA,NA,NA,NA,NA,NA
x1824_376_28447_1_902,376.28447,1.902,16:3,1824,Unknown,NA,C23H37NO3,[M + H]+,C23H37NO3,Terpenoids,0.876277506351471,Unknown,0.6145771145820618,Unknown,0.27181851863861084,Unknown,0.566011905670166,NA,NA,NA,NA,NA,NA,NA,NA,NA
x3884_336_28968_3_253,336.28968,3.253,16:3,3884,Unknown,NA,C21H37NO2,[M + H]+,C21H37NO2,Unknown,0.7727702260017395,Unknown,0.530264139175415,Unknown,0.15518182516098022,Unknown,0.7476646304130554,NA,NA,NA,NA,NA,NA,NA,NA,NA
x7524_460_32276_4_393,460.32276,4.393,16:3,7524,Unknown,NA,C31H41NO2,[M + H]+,C31H41NO2,Unknown,0.5104775428771973,Unknown,0.4977656900882721,Unknown,0.12444545328617096,Unknown,0.6886383295059204,NA,NA,NA,NA,NA,NA,NA,NA,NA
x3056_404_31672_2_909,404.31672,2.909,16:3,3056,Unknown,NA,C25H41NO3,[M + H]+,C25H41NO3,Fatty acids,0.8919581770896912,Unknown,0.6397170424461365,Unknown,0.8354068994522095,Amino acids and derivatives,0.8553803563117981,NA,NA,NA,NA,NA,NA,NA,NA,NA
x2540_364_28543_2_505,364.28543,2.505,16:3,2540,Unknown,NA,C22H37NO3,[M + H]+,C22H37NO3,Unknown,0.6930806040763855,Unknown,0.7548810839653015,Unknown,0.4574902057647705,Unknown,0.5774178504943848,NA,NA,NA,NA,NA,NA,NA,NA,NA
x4450_406_33146_3_48,406.33146,3.48,16:3,4450,Unknown,NA,C25H43NO3,[M + H]+,C25H43NO3,Unknown,0.7549445033073425,Unknown,0.32465869188308716,Unknown,0.28369078040122986,N-acyl amines,0.957654356956482,NA,NA,NA,NA,NA,NA,NA,NA,NA
x1079_366_2661_1_368,366.2661,1.368,16:3,1079,Unknown,NA,C19H32FN5O,[M + H]+,C19H32FN5O,Unknown,0.5103363394737244,Unknown,0.26201486587524414,Unknown,0.0301401074975729,Unknown,0.6772653460502625,NA,NA,NA,NA,NA,NA,NA,NA,NA
x748_336_25308_1_197,336.25308,1.197,16:3,748,Unknown,NA,C20H33NO3,[M + H]+,C20H33NO3,Unknown,0.3657311499118805,Unknown,0.6634821891784668,Unknown,0.6331419944763184,Unknown,0.715279757976532,NA,NA,NA,NA,NA,NA,NA,NA,NA
x1345_380_28199_1_55,380.28199,1.55,16:3,1345,Unknown,NA,C20H34FN5O,[M + H]+,C20H34FN5O,Unknown,0.5257185697555542,Unknown,0.6186971068382263,Unknown,0.15905584394931793,Unknown,0.5894575119018555,NA,NA,NA,NA,NA,NA,NA,NA,NA
x1758_364_28505_1_809,364.28505,1.809,16:3,1758,Unknown,NA,C22H37NO3,[M + H]+,C22H37NO3,Unknown,0.713521420955658,Unknown,0.6387182474136353,Unknown,0.07083267718553543,Unknown,0.8309544324874878,NA,NA,NA,NA,NA,NA,NA,NA,NA
x562_396_27431_1_042,396.27431,1.042,16:3,562,Unknown,NA,C21H43NS2,[M + Na]+,C21H43NS2,Terpenoids,0.9794278144836426,Unknown,0.4012110829353333,Unknown,0.01899192668497562,Unknown,0.7997661232948303,NA,NA,NA,NA,NA,NA,NA,NA,NA
x29382_858_65698_13_103,858.65698,13.103,16:3,29382,Triacylglycerols,NA,C53H89NO6,[M + Na]+,C53H89NO6,Fatty acids,0.9981389045715332,Unknown,0.8203771114349365,Triacylglycerols,0.8545853495597839,Unknown,0.781162440776825,NA,NA,NA,NA,NA,NA,NA,NA,NA
x1491_336_28905_1_665,336.28905,1.665,16:3,1491,Unknown,NA,C21H37NO2,[M + H]+,C21H37NO2,Unknown,0.7587039470672607,Unknown,0.5406036972999573,Unknown,0.16323058307170868,Unknown,0.5873203873634338,NA,NA,NA,NA,NA,NA,NA,NA,NA
x3970_364_28474_3_278,364.28474,3.278,16:3,3970,Unknown,NA,C22H37NO3,[M + H]+,C22H37NO3,Unknown,0.6933693885803223,Unknown,0.5458899736404419,Unknown,0.33506816625595093,Unknown,0.5741718411445618,NA,NA,NA,NA,NA,NA,NA,NA,NA
x2226_364_28473_2_229,364.28473,2.229,16:3,2226,Unknown,NA,C19H40N3P,[M + Na]+,C19H40N3P,Unknown,0.6546995043754578,Unknown,0.21683520078659055,Unknown,0.12786123156547546,Unknown,0.5433290600776672,NA,NA,NA,NA,NA,NA,NA,NA,NA
x1924_346_27378_1_997,346.27378,1.997,16:3,1924,Unknown,NA,C17H36ClN5,[M + H]+,C17H36ClN5,Alkaloids,0.9519401788711548,Unknown,0.5289373397827148,Unknown,0.476833701133728,"1,3,5-triazines",0.9334590435028076,NA,NA,NA,NA,NA,NA,NA,NA,NA
x2218_336_25345_2_22,336.25345,2.22,16:3,2218,Unknown,NA,C20H33NO3,[M + H]+,C20H33NO3,Unknown,0.357317179441452,Unknown,0.44916120171546936,Unknown,0.5239289999008179,Unknown,0.5739383101463318,NA,NA,NA,NA,NA,NA,NA,NA,NA
x1380_420_27651_1_574,420.27651,1.574,16:3,1380,Unknown,NA,C24H37NO5,[M + H]+,C24H37NO5,Unknown,0.2624095678329468,Unknown,0.2205885350704193,Unknown,0.14941394329071045,Unknown,0.56280916929245,NA,NA,NA,NA,NA,NA,NA,NA,NA
x5787_544_39971_3_837,544.39971,3.837,16:3,5787,Unknown,NA,C31H55NO5,[M + Na]+,C31H55NO5,Unknown,0.8283329606056213,Unknown,0.472881942987442,Unknown,0.6900709271430969,N-acyl amines,0.9957746863365172,NA,NA,NA,NA,NA,NA,NA,NA,NA
x5109_458_32702_3_676,458.32702,3.676,16:3,5109,Unknown,NA,C28H43NO4,[M + H]+,C28H43NO4,Unknown,0.7528122067451477,Unknown,0.3925192654132843,Unknown,0.21207040548324585,Unknown,0.6797698736190796,NA,NA,NA,NA,NA,NA,NA,NA,NA
x2752_364_28499_2_691,364.28499,2.691,16:3,2752,Unknown,NA,C22H37NO3,[M + H]+,C22H37NO3,Unknown,0.6310932636260986,Unknown,0.736059308052063,Unknown,0.5443608164787292,Alpha amino acids and derivatives,0.962252676486969,NA,NA,NA,NA,NA,NA,NA,NA,NA
x4094_392_31507_3_351,392.31507,3.351,16:3,4094,Unknown,NA,C24H41NO3,[M + H]+,C24H41NO3,Unknown,0.4723208546638489,Unknown,0.5014069080352783,Unknown,0.5676162242889404,Unknown,0.7872410416603088,NA,NA,NA,NA,NA,NA,NA,NA,NA
x19037_628_49403_8_922,628.49403,8.922,16:3,19037,Unknown,NA,NA,NA,NA,Unknown,NA,Unknown,NA,Unknown,NA,Unknown,NA,NA,NA,NA,NA,NA,NA,NA,NA,NA
x17517_350_30007_8_31,350.30007,8.31,16:3,17517,Unknown,NA,NA,NA,NA,Unknown,NA,Unknown,NA,Unknown,NA,Unknown,NA,NA,NA,NA,NA,NA,NA,NA,NA,NA
x16910_652_49265_8_091,652.49265,8.091,16:3,16910,Diacylglycerols,DAG(18:4/20:5) [M+NH4]+,NA,NA,NA,Unknown,NA,Unknown,NA,Unknown,NA,Unknown,NA,NA,NA,NA,NA,NA,Glycerolipid,Diacylglycerols,Diacylglycerols,DAG(18:4/20:5) [M+NH4]+
x14340_600_46432_6_992,600.46432,6.992,16:3,14340,Diacylglycerols,DAG(18:5/16:2) [M+NH4]+,C37H58O5,[M + H3N + H]+,C37H61NO5,Fatty acids,0.9917325973510742,Glycerolipids,0.9933510422706604,Diacylglycerols,0.9767974019050598,"1,2-diacylglycerols",0.9358169436454772,NA,NA,NA,NA,NA,Glycerolipid,Diacylglycerols,Diacylglycerols,DAG(18:5/16:2) [M+NH4]+
x2904_394_33048_2_845,394.33048,2.845,16:3,2904,Unknown,NA,C24H43NO3,[M + H]+,C24H43NO3,Unknown,0.7822975516319275,Unknown,0.7931321263313293,Unknown,0.5584231019020081,Unknown,0.7930291891098022,NA,NA,NA,NA,NA,NA,NA,NA,NA
x2940_370_27309_2_755,370.27309,2.755,16:3,2940,Unknown,NA,C24H35NO2,[M + H]+,C24H35NO2,Unknown,0.1889330893754959,Unknown,0.3117891550064087,Unknown,0.292229026556015,Unknown,0.5939581990242004,NA,NA,NA,NA,NA,NA,NA,NA,NA
x8228_336_29027_4_618,336.29027,4.618,16:3,8228,Unknown,NA,C21H37NO2,[M + H]+,C21H37NO2,Fatty acids,0.9875255823135376,Unknown,0.758506178855896,Unknown,0.5140277147293091,Unknown,0.8048707246780396,NA,NA,NA,NA,NA,NA,NA,NA,NA
x16790_602_47768_8_034,602.47768,8.034,16:3,16790,Diacylglycerols,DAG(18:4/16:2) / (18:3/16:3) [M+NH4]+,NA,NA,NA,Unknown,NA,Unknown,NA,Unknown,NA,Unknown,NA,NA,NA,NA,NA,NA,Glycerolipid,Diacylglycerols,Diacylglycerols,DAG(18:4/16:2) / (18:3/16:3) [M+NH4]+
x9035_436_32357_4_999,436.32357,4.999,16:3,9035,Unknown,NA,C26H42FNO3,[M + H]+,C26H42FNO3,Unknown,0.3284767270088196,Steroids,0.8946939706802368,Unknown,0.4409255981445313,Unknown,0.8202610611915588,NA,NA,NA,NA,NA,NA,NA,NA,NA
x12707_602_47754_6_302,602.47754,6.302,16:3,12707,Diacylglycerols,DAG(18:4/16:2) / (18:3/16:3) [M+NH4]+,NA,NA,NA,Unknown,NA,Unknown,NA,Unknown,NA,Unknown,NA,NA,NA,NA,NA,NA,Glycerolipid,Diacylglycerols,Diacylglycerols,DAG(18:4/16:2) / (18:3/16:3) [M+NH4]+
x1090_334_27398_1_45,334.27398,1.45,16:3,1090,Unknown,NA,C21H35NO2,[M + H]+,C21H35NO2,Unknown,0.8069276809692383,Unknown,0.6461229920387268,Unknown,0.293880432844162,Unknown,0.6253222823143005,NA,NA,NA,NA,NA,NA,NA,NA,NA
x8073_422_30802_4_503,422.30802,4.503,16:3,8073,Unknown,NA,C22H39BN2O5,[M + H]+,C22H39BN2O5,Unknown,0.6917559504508972,Unknown,0.8285729885101318,Unknown,0.4945313036441803,Alpha amino acids and derivatives,0.8960644006729126,NA,NA,NA,NA,NA,NA,NA,NA,NA
x3710_376_28614_3_171,376.28614,3.171,16:3,3710,Unknown,NA,C23H37NO3,[M + H]+,C23H37NO3,Fatty acids,0.9602731466293336,Unknown,0.7906264066696167,Unknown,0.316042423248291,Unknown,0.8419117331504822,NA,NA,NA,NA,NA,NA,NA,NA,NA
x3218_322_27338_2_994,322.27338,2.994,16:3,3218,Unknown,NA,C20H35NO2,[M + H]+,C20H35NO2,Fatty acids,0.9676217436790466,Unknown,0.5585718154907227,Unknown,0.6062847375869751,Unknown,0.5273629426956177,NA,NA,NA,NA,NA,NA,NA,NA,NA
x10634_359_27482_5_511,359.27482,5.511,16:3,10634,Unknown,NA,C27H34,[M + H]+,C27H34,Terpenoids,0.9943162798881532,Unknown,0.6571029424667358,Unknown,0.6590132713317871,Unknown,0.6762775778770447,NA,NA,NA,NA,NA,NA,NA,NA,NA
x3452_452_31375_3_039,452.31375,3.039,16:3,3452,Unknown,NA,C29H41NO3,[M + H]+,C29H41NO3,Unknown,0.7621687054634094,Unknown,0.107945054769516,Unknown,0.12590402364730835,Unknown,0.514056384563446,NA,NA,NA,NA,NA,NA,NA,NA,NA
x2807_422_30783_2_705,422.30783,2.705,16:3,2807,Unknown,NA,C22H39BN2O5,[M + H]+,C22H39BN2O5,Unknown,0.5771089792251587,Unknown,0.07165250182151794,Unknown,0.05699675902724266,Unknown,0.6889857053756714,NA,NA,NA,NA,NA,NA,NA,NA,NA
x462_335_27658_1_069,335.27658,1.069,16:3,462,Unknown,NA,NA,NA,NA,Unknown,NA,Unknown,NA,Unknown,NA,Unknown,NA,NA,NA,NA,NA,NA,NA,NA,NA,NA
x2974_424_3205_2_901,424.3205,2.901,16:3,2974,Unknown,NA,C28H41NO2,[M + H]+,C28H41NO2,Unknown,0.7260320782661438,Unknown,0.3946690261363983,Unknown,0.6159232258796692,Unknown,0.7523818612098694,NA,NA,NA,NA,NA,NA,NA,NA,NA
x3236_386_3044_3_003,386.3044,3.003,16:3,3236,Unknown,NA,C25H39NO2,[M + H]+,C25H39NO2,Unknown,0.6784989237785339,Unknown,0.6558026075363159,Unknown,0.3489156663417816,Unknown,0.518062949180603,NA,NA,NA,NA,NA,NA,NA,NA,NA
x3799_384_29177_3_24,384.29177,3.24,16:3,3799,Unknown,NA,C22H38FNO3,[M + H]+,C22H38FNO3,Unknown,0.6941186189651489,Unknown,0.7333600521087646,Unknown,0.3424397110939026,Unknown,0.6174956560134888,NA,NA,NA,NA,NA,NA,NA,NA,NA
x3314_346_27402_3_039,346.27402,3.039,16:3,3314,Unknown,NA,C22H35NO2,[M + H]+,C22H35NO2,Fatty acids,0.9652214050292968,Fatty amides,0.8877138495445251,Unknown,0.5285753607749939,Unknown,0.7325794100761414,NA,NA,NA,NA,NA,NA,NA,NA,NA
x3107_384_29185_2_898,384.29185,2.898,16:3,3107,Unknown,NA,C22H38FNO3,[M + H]+,C22H38FNO3,Unknown,0.6506547331809998,Unknown,0.53538578748703,Unknown,0.23424983024597168,Lipids and lipid-like molecules,0.8807406425476074,NA,NA,NA,NA,NA,NA,NA,NA,NA
x2956_318_24298_2_837,318.24298,2.837,16:4,2956,Unknown,NA,C20H31NO2,[M + H]+,C20H31NO2,Unknown,0.7335614562034607,Unknown,0.6094428896903992,Unknown,0.446836918592453,N-acyl amines,0.8612574338912964,NA,NA,NA,NA,NA,NA,NA,NA,NA
x3477_424_31823_3_083,424.31823,3.083,16:4,3477,Unknown,dopamine-C20:3,C21H38FN7O,[M + H]+,C21H38FN7O,Alkaloids,0.9993125200271606,Unknown,0.46155139803886414,Unknown,0.18947207927703855,Unknown,0.6289271712303162,0.852216,4.24335,dopamine-C20:3,Phenols,Benzenediols,NA,NA,NA,NA
x2954_468_34807_2_833,468.34807,2.833,16:4,2954,Unknown,NA,C30H45NO3,[M + H]+,C30H45NO3,Unknown,0.4667978882789612,Unknown,0.4245238304138184,Unknown,0.49213117361068726,Unknown,0.7445566058158875,NA,NA,NA,NA,NA,NA,NA,NA,NA
x5543_432_28992_3_764,432.28992,3.764,16:4,5543,Unknown,NA,C29H37NO2,[M + H]+,C29H37NO2,Unknown,0.7721260190010071,Unknown,0.5410210490226746,Unknown,0.17474797368049622,Unknown,0.6161807179450989,NA,NA,NA,NA,NA,NA,NA,NA,NA
x7791_428_3168_4_461,428.3168,4.461,16:4,7791,Unknown,NA,C27H41NO3,[M + H]+,C27H41NO3,Unknown,0.6647774577140808,Unknown,0.6201071739196777,Unknown,0.419002503156662,Unknown,0.6883512139320374,NA,NA,NA,NA,NA,NA,NA,NA,NA
x10165_450_33819_5_34,450.33819,5.34,16:4,10165,Unknown,NA,C30H43NO2,[M + H]+,C30H43NO2,Unknown,0.43936887383461,Unknown,0.17340689897537231,Unknown,0.18296808004379272,Unknown,0.8098655343055725,NA,NA,NA,NA,NA,NA,NA,NA,NA
x679_378_26457_1_172,378.26457,1.172,16:4,679,Unknown,NA,C22H35NO4,[M + H]+,C22H35NO4,Fatty acids,0.9930311441421508,Fatty amides,0.8628830313682556,Unknown,0.5672001838684082,Unknown,0.597436249256134,NA,NA,NA,NA,NA,NA,NA,NA,NA
x2678_402_30069_2_609,402.30069,2.609,16:4,2678,Unknown,NA,C25H39NO3,[M + H]+,C25H39NO3,Unknown,0.8081864714622498,Unknown,0.42298272252082825,Unknown,0.43262359499931335,N-acyl amines,0.8951244950294495,NA,NA,NA,NA,NA,NA,NA,NA,NA
x17915_602_47697_8_484,602.47697,8.484,16:4,17915,Diacylglycerols,DAG(18:4/16:2) / (18:3/16:3) [M+NH4]+,NA,NA,NA,Unknown,NA,Unknown,NA,Unknown,NA,Unknown,NA,NA,NA,NA,NA,NA,Glycerolipid,Diacylglycerols,Diacylglycerols,DAG(18:4/16:2) / (18:3/16:3) [M+NH4]+
x1091_320_25648_1_424,320.25648,1.424,16:4,1091,Unknown,NA,NA,NA,NA,Unknown,NA,Unknown,NA,Unknown,NA,Unknown,NA,NA,NA,NA,NA,NA,NA,NA,NA,NA
x2143_376_28468_2_128,376.28468,2.128,16:4,2143,Unknown,NA,C23H37NO3,[M + H]+,C23H37NO3,Unknown,0.6804336905479431,Unknown,0.5509997606277466,Unknown,0.7536165714263916,Unknown,0.8240638971328735,NA,NA,NA,NA,NA,NA,NA,NA,NA
x2375_380_2819_2_322,380.2819,2.322,16:4,2375,Unknown,NA,C17H33BN6O3,[M + H]+,C17H33BN6O3,Unknown,0.16531667113304138,Unknown,0.13875249028205872,Unknown,0.0733504444360733,Unknown,0.5957496762275696,NA,NA,NA,NA,NA,NA,NA,NA,NA
x955_362_26961_1_331,362.26961,1.331,16:4,955,Unknown,NA,C22H35NO3,[M + H]+,C22H35NO3,Terpenoids,0.9216632843017578,Diterpenoids,0.9242899417877196,Unknown,0.2966621220111847,Diterpenoids,0.8520505428314209,NA,NA,NA,NA,NA,NA,NA,NA,NA
x25452_528_37596_12_049,528.37596,12.049,16:4,25452,Unknown,NA,C26H49N5O6,[M + H]+,C26H49N5O6,Unknown,0.3448251485824585,Unknown,0.09138784557580948,Unknown,0.16251569986343384,N-acyl-alpha amino acids and derivatives,0.9435080885887146,NA,NA,NA,NA,NA,NA,NA,NA,NA
x2816_348_28902_2_72,348.28902,2.72,16:4,2816,Unknown,NA,C22H37NO2,[M + H]+,C22H37NO2,Fatty acids,0.9988368153572084,Fatty amides,0.9710503816604614,Unknown,0.48399269580841064,N-acyl amines,0.9274423122406006,NA,NA,NA,NA,NA,NA,NA,NA,NA
x1245_346_27417_1_54,346.27417,1.54,16:4,1245,Unknown,NA,C22H35NO2,[M + H]+,C22H35NO2,Unknown,0.6740701794624329,Unknown,0.3958533704280853,Unknown,0.370305448770523,Unknown,0.5008319020271301,NA,NA,NA,NA,NA,NA,NA,NA,NA
x2573_384_293_2_421,384.293,2.421,16:4,2573,Unknown,NA,C22H41NO2S,[M + H]+,C22H41NO2S,Fatty acids,0.9307458996772766,Fatty amides,0.8567605018615723,Unknown,0.5334857702255249,N-acyl amines,0.9204307794570924,NA,NA,NA,NA,NA,NA,NA,NA,NA
x1504_336_25345_1_642,336.25345,1.642,16:4,1504,Unknown,NA,C20H33NO3,[M + H]+,C20H33NO3,Fatty acids,0.9685054421424866,Fatty amides,0.8561183214187622,Unknown,0.6831648349761963,Unknown,0.5706115365028381,NA,NA,NA,NA,NA,NA,NA,NA,NA
x7261_542_38577_4_352,542.38577,4.352,16:4,7261,Unknown,NA,NA,NA,NA,Unknown,NA,Unknown,NA,Unknown,NA,Unknown,NA,NA,NA,NA,NA,NA,NA,NA,NA,NA
x847_334_23871_1_25,334.23871,1.25,16:4,847,Unknown,NA,C20H31NO3,[M + H]+,C20H31NO3,Unknown,0.36617282032966614,Unknown,0.4795830547809601,Unknown,0.2096168547868729,Unknown,0.84462571144104,NA,NA,NA,NA,NA,NA,NA,NA,NA
x2357_396_31085_2_36,396.31085,2.36,16:4,2357,Unknown,NA,C23H41NO4,[M + H]+,C23H41NO4,Unknown,0.23437045514583588,Unknown,0.2706155776977539,Unknown,0.23486469686031344,Lipids and lipid-like molecules,0.92131906747818,NA,NA,NA,NA,NA,NA,NA,NA,NA
x7524_460_32276_4_393,460.32276,4.393,16:4,7524,Unknown,NA,C31H41NO2,[M + H]+,C31H41NO2,Unknown,0.5104775428771973,Unknown,0.4977656900882721,Unknown,0.12444545328617096,Unknown,0.6886383295059204,NA,NA,NA,NA,NA,NA,NA,NA,NA
x2540_364_28543_2_505,364.28543,2.505,16:4,2540,Unknown,NA,C22H37NO3,[M + H]+,C22H37NO3,Unknown,0.6930806040763855,Unknown,0.7548810839653015,Unknown,0.4574902057647705,Unknown,0.5774178504943848,NA,NA,NA,NA,NA,NA,NA,NA,NA
x1079_366_2661_1_368,366.2661,1.368,16:4,1079,Unknown,NA,C19H32FN5O,[M + H]+,C19H32FN5O,Unknown,0.5103363394737244,Unknown,0.26201486587524414,Unknown,0.0301401074975729,Unknown,0.6772653460502625,NA,NA,NA,NA,NA,NA,NA,NA,NA
x4619_374_2685_3_504,374.2685,3.504,16:4,4619,Unknown,NA,C23H35NO3,[M + H]+,C23H35NO3,Unknown,0.4111515283584595,Unknown,0.45707252621650696,Unknown,0.6879231929779053,N-acyl amines,0.9189878106117249,NA,NA,NA,NA,NA,NA,NA,NA,NA
x748_336_25308_1_197,336.25308,1.197,16:4,748,Unknown,NA,C20H33NO3,[M + H]+,C20H33NO3,Unknown,0.3657311499118805,Unknown,0.6634821891784668,Unknown,0.6331419944763184,Unknown,0.715279757976532,NA,NA,NA,NA,NA,NA,NA,NA,NA
x1345_380_28199_1_55,380.28199,1.55,16:4,1345,Unknown,NA,C20H34FN5O,[M + H]+,C20H34FN5O,Unknown,0.5257185697555542,Unknown,0.6186971068382263,Unknown,0.15905584394931793,Unknown,0.5894575119018555,NA,NA,NA,NA,NA,NA,NA,NA,NA
x1301_374_23659_1_587,374.23659,1.587,16:4,1301,Unknown,NA,C19H35NO4S,[M + H]+,C19H35NO4S,Unknown,0.7214647531509399,Unknown,0.17330366373062134,Unknown,0.08308648318052292,Unknown,0.7560662031173706,NA,NA,NA,NA,NA,NA,NA,NA,NA
x7943_542_3854_4_506,542.3854,4.506,16:4,7943,Unknown,NA,NA,NA,NA,Unknown,NA,Unknown,NA,Unknown,NA,Unknown,NA,NA,NA,NA,NA,NA,NA,NA,NA,NA
x6135_586_40985_3_959,586.40985,3.959,16:4,6135,Unknown,NA,C33H57NO6,[M + Na]+,C33H57NO6,Fatty acids,0.8902519941329956,Unknown,0.612505316734314,Unknown,0.5197620987892151,Prostaglandins and related compounds,0.8797224760055542,NA,NA,NA,NA,NA,NA,NA,NA,NA
x1924_346_27378_1_997,346.27378,1.997,16:4,1924,Unknown,NA,C17H36ClN5,[M + H]+,C17H36ClN5,Alkaloids,0.9519401788711548,Unknown,0.5289373397827148,Unknown,0.476833701133728,"1,3,5-triazines",0.9334590435028076,NA,NA,NA,NA,NA,NA,NA,NA,NA
x2218_336_25345_2_22,336.25345,2.22,16:4,2218,Unknown,NA,C20H33NO3,[M + H]+,C20H33NO3,Unknown,0.357317179441452,Unknown,0.44916120171546936,Unknown,0.5239289999008179,Unknown,0.5739383101463318,NA,NA,NA,NA,NA,NA,NA,NA,NA
x5875_542_38514_3_882,542.38514,3.882,16:4,5875,Unknown,NA,NA,NA,NA,Unknown,NA,Unknown,NA,Unknown,NA,Unknown,NA,NA,NA,NA,NA,NA,NA,NA,NA,NA
x1247_360_2899_1_547,360.2899,1.547,16:4,1247,Unknown,NA,C20H38FNO3,[M + H]+,C20H38FNO3,Unknown,0.4075988531112671,Unknown,0.5752967596054077,Unknown,0.2183516025543213,Unknown,0.7745788097381592,NA,NA,NA,NA,NA,NA,NA,NA,NA
x17517_350_30007_8_31,350.30007,8.31,16:4,17517,Unknown,NA,NA,NA,NA,Unknown,NA,Unknown,NA,Unknown,NA,Unknown,NA,NA,NA,NA,NA,NA,NA,NA,NA,NA
x6118_410_27083_3_964,410.27083,3.964,16:4,6118,Unknown,NA,C26H35NO3,[M + H]+,C26H35NO3,Fatty acids,0.9304919242858888,Unknown,0.21345697343349457,Unknown,0.1427026242017746,N-acyl-alpha amino acids,0.9919392466545104,NA,NA,NA,NA,NA,NA,NA,NA,NA
x6587_542_38546_4_137,542.38546,4.137,16:4,6587,Unknown,NA,NA,NA,NA,Unknown,NA,Unknown,NA,Unknown,NA,Unknown,NA,NA,NA,NA,NA,NA,NA,NA,NA,NA
x31003_1100_80487_13_381,1100.80487,13.381,16:4,31003,Unknown,NA,C61H114NO13P,[M + H]+,C61H114NO13P,Fatty acids,0.9998781681060792,Glycerophospholipids,0.9998644590377808,Unknown,0.7954916954040527,Phosphatidylcholines,0.9855148792266846,NA,NA,NA,NA,NA,NA,NA,NA,NA
x2940_370_27309_2_755,370.27309,2.755,16:4,2940,Unknown,NA,C24H35NO2,[M + H]+,C24H35NO2,Unknown,0.1889330893754959,Unknown,0.3117891550064087,Unknown,0.292229026556015,Unknown,0.5939581990242004,NA,NA,NA,NA,NA,NA,NA,NA,NA
x15576_656_49015_7_486,656.49015,7.486,16:4,15576,Unknown,NA,C40H65NO6,[M + H]+,C40H65NO6,Terpenoids,0.9634656310081482,Unknown,0.3888878524303436,Unknown,0.2004102319478989,Triterpenoids,0.9515913724899292,NA,NA,NA,NA,NA,NA,NA,NA,NA
x9035_436_32357_4_999,436.32357,4.999,16:4,9035,Unknown,NA,C26H42FNO3,[M + H]+,C26H42FNO3,Unknown,0.3284767270088196,Steroids,0.8946939706802368,Unknown,0.4409255981445313,Unknown,0.8202610611915588,NA,NA,NA,NA,NA,NA,NA,NA,NA
x1090_334_27398_1_45,334.27398,1.45,16:4,1090,Unknown,NA,C21H35NO2,[M + H]+,C21H35NO2,Unknown,0.8069276809692383,Unknown,0.6461229920387268,Unknown,0.293880432844162,Unknown,0.6253222823143005,NA,NA,NA,NA,NA,NA,NA,NA,NA
x8073_422_30802_4_503,422.30802,4.503,16:4,8073,Unknown,NA,C22H39BN2O5,[M + H]+,C22H39BN2O5,Unknown,0.6917559504508972,Unknown,0.8285729885101318,Unknown,0.4945313036441803,Alpha amino acids and derivatives,0.8960644006729126,NA,NA,NA,NA,NA,NA,NA,NA,NA
x19485_598_48614_9_193,598.48614,9.193,16:4,19485,Unknown,NA,C35H67NO4S,[M + H]+,C35H67NO4S,Fatty acids,0.9771775603294371,Unknown,0.6326026320457458,Unknown,0.5737069249153137,Unknown,0.6443973183631897,NA,NA,NA,NA,NA,NA,NA,NA,NA
x15301_600_46447_7_467,600.46447,7.467,16:4,15301,Diacylglycerols,NA,C37H58O5,[M + H3N + H]+,C37H61NO5,Fatty acids,0.9869649410247804,Glycerolipids,0.9590041637420654,Diacylglycerols,0.9819570779800416,Unknown,0.7647959589958191,NA,NA,NA,NA,NA,NA,NA,NA,NA
x5209_542_38605_3_661,542.38605,3.661,16:4,5209,Unknown,NA,NA,NA,NA,Unknown,NA,Unknown,NA,Unknown,NA,Unknown,NA,NA,NA,NA,NA,NA,NA,NA,NA,NA
x22754_626_51563_10_883,626.51563,10.883,16:4,22754,Unknown,NA,C40H67NO4,[M + H]+,C40H67NO4,Unknown,0.7629566788673401,Unknown,0.4304123818874359,Unknown,0.18997758626937863,Unknown,0.6688490509986877,NA,NA,NA,NA,NA,NA,NA,NA,NA
x3218_322_27338_2_994,322.27338,2.994,16:4,3218,Unknown,NA,C20H35NO2,[M + H]+,C20H35NO2,Fatty acids,0.9676217436790466,Unknown,0.5585718154907227,Unknown,0.6062847375869751,Unknown,0.5273629426956177,NA,NA,NA,NA,NA,NA,NA,NA,NA
x25128_350_29938_11_955,350.29938,11.955,16:4,25128,Unknown,NA,NA,NA,NA,Unknown,NA,Unknown,NA,Unknown,NA,Unknown,NA,NA,NA,NA,NA,NA,NA,NA,NA,NA
x537_410_25385_1_058,410.25385,1.058,16:4,537,Unknown,NA,C21H33N5O2,[M + Na]+,C21H33N5O2,Unknown,0.3765977621078491,Unknown,0.16315899789333344,Unknown,0.2575603723526001,6-aminopurines,0.9450488686561584,NA,NA,NA,NA,NA,NA,NA,NA,NA
x3072_436_28482_2_829,436.28482,2.829,16:4,3072,Unknown,NA,C28H37NO3,[M + H]+,C28H37NO3,Unknown,0.6208049058914185,Unknown,0.17855745553970337,Unknown,0.06233713775873184,Unknown,0.7151835560798645,NA,NA,NA,NA,NA,NA,NA,NA,NA
x2807_422_30783_2_705,422.30783,2.705,16:4,2807,Unknown,NA,C22H39BN2O5,[M + H]+,C22H39BN2O5,Unknown,0.5771089792251587,Unknown,0.07165250182151794,Unknown,0.05699675902724266,Unknown,0.6889857053756714,NA,NA,NA,NA,NA,NA,NA,NA,NA
x14877_600_46292_7_24,600.46292,7.24,16:4,14877,Diacylglycerols,DAG(18:5/16:2) [M+NH4]+,NA,NA,NA,Unknown,NA,Unknown,NA,Unknown,NA,Unknown,NA,NA,NA,NA,NA,NA,Glycerolipid,Diacylglycerols,Diacylglycerols,DAG(18:5/16:2) [M+NH4]+
x2974_424_3205_2_901,424.3205,2.901,16:4,2974,Unknown,NA,C28H41NO2,[M + H]+,C28H41NO2,Unknown,0.7260320782661438,Unknown,0.3946690261363983,Unknown,0.6159232258796692,Unknown,0.7523818612098694,NA,NA,NA,NA,NA,NA,NA,NA,NA
x3236_386_3044_3_003,386.3044,3.003,16:4,3236,Unknown,NA,C25H39NO2,[M + H]+,C25H39NO2,Unknown,0.6784989237785339,Unknown,0.6558026075363159,Unknown,0.3489156663417816,Unknown,0.518062949180603,NA,NA,NA,NA,NA,NA,NA,NA,NA
x3799_384_29177_3_24,384.29177,3.24,16:4,3799,Unknown,NA,C22H38FNO3,[M + H]+,C22H38FNO3,Unknown,0.6941186189651489,Unknown,0.7333600521087646,Unknown,0.3424397110939026,Unknown,0.6174956560134888,NA,NA,NA,NA,NA,NA,NA,NA,NA
x3314_346_27402_3_039,346.27402,3.039,16:4,3314,Unknown,NA,C22H35NO2,[M + H]+,C22H35NO2,Fatty acids,0.9652214050292968,Fatty amides,0.8877138495445251,Unknown,0.5285753607749939,Unknown,0.7325794100761414,NA,NA,NA,NA,NA,NA,NA,NA,NA
x3107_384_29185_2_898,384.29185,2.898,16:4,3107,Unknown,NA,C22H38FNO3,[M + H]+,C22H38FNO3,Unknown,0.6506547331809998,Unknown,0.53538578748703,Unknown,0.23424983024597168,Lipids and lipid-like molecules,0.8807406425476074,NA,NA,NA,NA,NA,NA,NA,NA,NA
x3436_356_25782_3_038,356.25782,3.038,16:4,3436,Unknown,NA,C23H33NO2,[M + H]+,C23H33NO2,Unknown,0.07814282178878784,Unknown,0.7624818086624146,Unknown,0.29629725217819214,Lipids and lipid-like molecules,0.8878340721130371,NA,NA,NA,NA,NA,NA,NA,NA,NA
x13112_516_44185_6_489,516.44185,6.489,15:1,13112,Unknown,NA,C33H57NO3,[M + H]+,C33H57NO3,Unknown,0.3789614140987396,Steroids,0.8831247687339783,Unknown,0.6203693151473999,Unknown,0.7046634554862976,NA,NA,NA,NA,NA,NA,NA,NA,NA
x13719_468_34813_6_731,468.34813,6.731,15:1,13719,Unknown,NA,C30H45NO3,[M + H]+,C30H45NO3,Terpenoids,0.9774439930915833,Steroids,0.9182090163230896,Unknown,0.46653857827186584,Glycinated bile acids and derivatives,0.9383664131164552,NA,NA,NA,NA,NA,NA,NA,NA,NA
x1728_368_28017_1_826,368.28017,1.826,15:1,1728,Unknown,NA,C27H33B,[M + H]+,C27H33B,Terpenoids,0.9880405068397522,Unknown,0.4291159212589264,Unknown,0.34652599692344666,Unknown,0.764001190662384,NA,NA,NA,NA,NA,NA,NA,NA,NA
x1718_456_36834_1_824,456.36834,1.824,15:1,1718,Unknown,NA,NA,NA,NA,Unknown,NA,Unknown,NA,Unknown,NA,Unknown,NA,NA,NA,NA,NA,NA,NA,NA,NA,NA
x4098_314_30554_3_347,314.30554,3.347,15:1,4098,Unknown,NA,C19H39NO2,[M + H]+,C19H39NO2,Unknown,0.8497189283370972,Unknown,0.5298484563827515,Unknown,0.15725135803222656,Unknown,0.619819700717926,NA,NA,NA,NA,NA,NA,NA,NA,NA
x3655_469_39998_3_16,469.39998,3.16,15:1,3655,Unknown,NA,C27H52N2O4,[M + H]+,C27H52N2O4,Fatty acids,0.9016714096069336,Unknown,0.8486257791519165,Unknown,0.7708438634872437,Unknown,0.8075675368309021,NA,NA,NA,NA,NA,NA,NA,NA,NA
x6519_328_32138_4_097,328.32138,4.097,15:1,6519,Unknown,NA,C20H41NO2,[M + H]+,C20H41NO2,Fatty acids,0.8814877867698669,Fatty amides,0.8692132830619812,Unknown,0.4760517477989197,N-acyl amines,0.9423084855079652,NA,NA,NA,NA,NA,NA,NA,NA,NA
x2678_402_30069_2_609,402.30069,2.609,15:1,2678,Unknown,NA,C25H39NO3,[M + H]+,C25H39NO3,Unknown,0.8081864714622498,Unknown,0.42298272252082825,Unknown,0.43262359499931335,N-acyl amines,0.8951244950294495,NA,NA,NA,NA,NA,NA,NA,NA,NA
x2993_378_30117_2_842,378.30117,2.842,15:1,2993,Unknown,NA,C23H39NO3,[M + H]+,C23H39NO3,Fatty acids,0.910769820213318,Unknown,0.47955521941185,Unknown,0.21325628459453583,N-acyl amines,0.97284996509552,NA,NA,NA,NA,NA,NA,NA,NA,NA
x4686_326_30551_3_539,326.30551,3.539,15:1,4686,Unknown,NA,C20H39NO2,[M + H]+,C20H39NO2,Fatty acids,0.8669196963310242,Unknown,0.6762512922286987,Unknown,0.5823794007301331,"1,2-aminoalcohols",0.8686177134513855,NA,NA,NA,NA,NA,NA,NA,NA,NA
x856_332_27997_1_269,332.27997,1.269,15:1,856,Unknown,NA,C18H37NO4,[M + H]+,C18H37NO4,Unknown,0.6823824644088745,Unknown,0.5607754588127136,Unknown,0.17663930356502533,Unknown,0.6141436696052551,NA,NA,NA,NA,NA,NA,NA,NA,NA
x2196_392_31513_2_191,392.31513,2.191,15:1,2196,Unknown,NA,C24H41NO3,[M + H]+,C24H41NO3,Unknown,0.6803524494171143,Steroids,0.8510234355926514,Unknown,0.33318668603897095,Unknown,0.5496496558189392,NA,NA,NA,NA,NA,NA,NA,NA,NA
x4713_314_3052_3_499,314.3052,3.499,15:1,4713,Unknown,NA,C19H39NO2,[M + H]+,C19H39NO2,Unknown,0.7510433793067932,Unknown,0.8434604406356812,Unknown,0.4478428065776825,N-acyl amines,0.9226366877555848,NA,NA,NA,NA,NA,NA,NA,NA,NA
x2816_348_28902_2_72,348.28902,2.72,15:1,2816,Unknown,NA,C22H37NO2,[M + H]+,C22H37NO2,Fatty acids,0.9988368153572084,Fatty amides,0.9710503816604614,Unknown,0.48399269580841064,N-acyl amines,0.9274423122406006,NA,NA,NA,NA,NA,NA,NA,NA,NA
x5968_456_38482_3_914,456.38482,3.914,15:1,5968,Unknown,NA,C30H49NO2,[M + H]+,C30H49NO2,Terpenoids,0.9299365282058716,Unknown,0.8395252823829651,Unknown,0.8403705358505249,Unknown,0.7090803384780884,NA,NA,NA,NA,NA,NA,NA,NA,NA
x3616_380_31547_3_146,380.31547,3.146,15:1,3616,Unknown,NA,C23H41NO3,[M + H]+,C23H41NO3,Unknown,0.814144492149353,Unknown,0.8390036821365356,Unknown,0.6492674350738525,Unknown,0.8151791095733643,NA,NA,NA,NA,NA,NA,NA,NA,NA
x3884_336_28968_3_253,336.28968,3.253,15:1,3884,Unknown,NA,C21H37NO2,[M + H]+,C21H37NO2,Unknown,0.7727702260017395,Unknown,0.530264139175415,Unknown,0.15518182516098022,Unknown,0.7476646304130554,NA,NA,NA,NA,NA,NA,NA,NA,NA
x7575_314_30543_4_5,314.30543,4.5,15:1,7575,Unknown,NA,C19H39NO2,[M + H]+,C19H39NO2,Fatty acids,0.8640233278274536,Unknown,0.7589439749717712,Unknown,0.15643355250358582,Alpha amino acids,0.9304813146591188,NA,NA,NA,NA,NA,NA,NA,NA,NA
x6348_406_3685_4_054,406.3685,4.054,15:1,6348,Unknown,NA,C26H47NO2,[M + H]+,C26H47NO2,Fatty acids,0.9893688559532166,Fatty amides,0.8804796934127808,Unknown,0.7236568331718445,N-acyl amines,0.9827197790145874,NA,NA,NA,NA,NA,NA,NA,NA,NA
x4082_326_30567_3_356,326.30567,3.356,15:1,4082,Unknown,NA,C20H39NO2,[M + H]+,C20H39NO2,Unknown,0.7999484539031982,Unknown,0.7729803323745728,Unknown,0.6649428009986877,Unknown,0.5554887056350708,NA,NA,NA,NA,NA,NA,NA,NA,NA
x6761_340_32125_4_092,340.32125,4.092,15:1,6761,Unknown,NA,C21H41NO2,[M + H]+,C21H41NO2,Fatty acids,0.9132570028305054,Unknown,0.8077542781829834,Unknown,0.752895176410675,Unknown,0.681812584400177,NA,NA,NA,NA,NA,NA,NA,NA,NA
x7027_470_40051_4_269,470.40051,4.269,15:1,7027,Unknown,NA,C31H51NO2,[M + H]+,C31H51NO2,Unknown,0.6797220706939697,Unknown,0.803544819355011,Unknown,0.3688684105873108,Unknown,0.748701810836792,NA,NA,NA,NA,NA,NA,NA,NA,NA
x583_402_32136_1_151,402.32136,1.151,15:1,583,Unknown,NA,NA,NA,NA,Unknown,NA,Unknown,NA,Unknown,NA,Unknown,NA,NA,NA,NA,NA,NA,NA,NA,NA,NA
x1491_336_28905_1_665,336.28905,1.665,15:1,1491,Unknown,NA,C21H37NO2,[M + H]+,C21H37NO2,Unknown,0.7587039470672607,Unknown,0.5406036972999573,Unknown,0.16323058307170868,Unknown,0.5873203873634338,NA,NA,NA,NA,NA,NA,NA,NA,NA
x1238_340_28439_1_552,340.28439,1.552,15:1,1238,Unknown,NA,C20H37NO3,[M + H]+,C20H37NO3,Fatty acids,0.9042922258377076,Unknown,0.5257429480552673,Unknown,0.2571399211883545,Unknown,0.575635552406311,NA,NA,NA,NA,NA,NA,NA,NA,NA
x7986_488_4481_4_556,488.4481,4.556,15:1,7986,Unknown,NA,C32H57NO2,[M + H]+,C32H57NO2,Unknown,0.6574288606643677,Unknown,0.2708836793899536,Unknown,0.12026545405387878,Unknown,0.7837759256362915,NA,NA,NA,NA,NA,NA,NA,NA,NA
x7698_407_36701_4_428,407.36701,4.428,15:1,7698,Unknown,NA,C30H46,[M + H]+,C30H46,Terpenoids,0.9962169528007508,Unknown,0.6956942081451416,Unknown,0.11508136242628098,Unknown,0.5541766285896301,NA,NA,NA,NA,NA,NA,NA,NA,NA
x23837_598_52011_11_54,598.52011,11.54,15:1,23837,Unknown,NA,C39H67NO3,[M + H]+,C39H67NO3,Fatty acids,0.9827437400817872,Unknown,0.4793907105922699,Unknown,0.5887254476547241,N-acyl amines,0.9481565952301024,NA,NA,NA,NA,NA,NA,NA,NA,NA
x10372_460_415_5_458,460.415,5.458,15:1,10372,Unknown,NA,C30H53NO2,[M + H]+,C30H53NO2,Unknown,0.742409348487854,Unknown,0.8430219292640686,Unknown,0.05724567547440529,Unknown,0.5420757532119751,NA,NA,NA,NA,NA,NA,NA,NA,NA
x12964_442_33739_6_447,442.33739,6.447,15:1,12964,Unknown,NA,C27H43BO4,[M + H]+,C27H43BO4,Terpenoids,0.9927574396133424,Steroids,0.8652568459510803,Unknown,0.14361301064491272,Unknown,0.6598217487335205,NA,NA,NA,NA,NA,NA,NA,NA,NA
x8196_534_41563_4_525,534.41563,4.525,15:1,8196,Unknown,NA,NA,NA,NA,Unknown,NA,Unknown,NA,Unknown,NA,Unknown,NA,NA,NA,NA,NA,NA,NA,NA,NA,NA
x8801_354_33714_4_738,354.33714,4.738,15:1,8801,Unknown,NA,C22H43NO2,[M + H]+,C22H43NO2,Fatty acids,0.8944385051727295,Unknown,0.7852526307106018,Unknown,0.576762318611145,Unknown,0.7976914644241333,NA,NA,NA,NA,NA,NA,NA,NA,NA
x8228_336_29027_4_618,336.29027,4.618,15:1,8228,Unknown,NA,C21H37NO2,[M + H]+,C21H37NO2,Fatty acids,0.9875255823135376,Unknown,0.758506178855896,Unknown,0.5140277147293091,Unknown,0.8048707246780396,NA,NA,NA,NA,NA,NA,NA,NA,NA
x2366_423_32407_2_379,423.32407,2.379,15:1,2366,Unknown,NA,NA,NA,NA,Unknown,NA,Unknown,NA,Unknown,NA,Unknown,NA,NA,NA,NA,NA,NA,NA,NA,NA,NA
x1090_334_27398_1_45,334.27398,1.45,15:1,1090,Unknown,NA,C21H35NO2,[M + H]+,C21H35NO2,Unknown,0.8069276809692383,Unknown,0.6461229920387268,Unknown,0.293880432844162,Unknown,0.6253222823143005,NA,NA,NA,NA,NA,NA,NA,NA,NA
x26038_640_52837_12_221,640.52837,12.221,15:1,26038,Unknown,NA,C39H71NO4,[M + Na]+,C39H71NO4,Unknown,0.8214198350906372,Unknown,0.7388664484024048,Unknown,0.6226933002471924,Unknown,0.662689208984375,NA,NA,NA,NA,NA,NA,NA,NA,NA
x12097_593_44539_6_062,593.44539,6.062,15:1,12097,Unknown,NA,C28H58N8O4,[M + Na]+,C28H58N8O4,Unknown,0.2335391342639923,Unknown,0.1750481128692627,Unknown,0.3020398020744324,Unknown,0.7365333437919617,NA,NA,NA,NA,NA,NA,NA,NA,NA
x1952_378_29922_2_006,378.29922,2.006,15:1,1952,Unknown,NA,C23H39NO3,[M + H]+,C23H39NO3,Unknown,0.6931865215301514,Fatty amides,0.867438554763794,Unknown,0.7345489859580994,N-acyl amines,0.9704982042312622,NA,NA,NA,NA,NA,NA,NA,NA,NA
x19082_878_6253_8_966,878.6253,8.966,15:1,19082,Unknown,NA,C44H87N5O10S,[M + H]+,C44H87N5O10S,Fatty acids,0.9933517575263976,Unknown,0.6752434372901917,Unknown,0.29979535937309265,Sphingolipids,0.8506395816802979,NA,NA,NA,NA,NA,NA,NA,NA,NA
x2256_326_30529_2_361,326.30529,2.361,15:1,2256,Unknown,NA,C20H39NO2,[M + H]+,C20H39NO2,Fatty acids,0.9684605598449708,Fatty amides,0.9205020666122437,Unknown,0.7336453199386597,Unknown,0.6175275444984436,NA,NA,NA,NA,NA,NA,NA,NA,NA
x2974_424_3205_2_901,424.3205,2.901,15:1,2974,Unknown,NA,C28H41NO2,[M + H]+,C28H41NO2,Unknown,0.7260320782661438,Unknown,0.3946690261363983,Unknown,0.6159232258796692,Unknown,0.7523818612098694,NA,NA,NA,NA,NA,NA,NA,NA,NA
x6689_344_35256_4_145,344.35256,4.145,15:0,6689,Unknown,NA,C21H45NO2,[M + H]+,C21H45NO2,Fatty acids,0.992244303226471,Unknown,0.5275548100471497,Unknown,0.16160088777542114,Unknown,0.6177677512168884,NA,NA,NA,NA,NA,NA,NA,NA,NA
x2245_330_33669_2_258,330.33669,2.258,15:0,2245,Unknown,NA,C20H43NO2,[M + H]+,C20H43NO2,Fatty acids,0.9526098370552064,Unknown,0.7555260062217712,Unknown,0.7018051743507385,"1,2-aminoalcohols",0.9942970871925354,NA,NA,NA,NA,NA,NA,NA,NA,NA
x3824_316_32132_3_236,316.32132,3.236,15:0,3824,Unknown,NA,C19H41NO2,[M + H]+,C19H41NO2,Fatty acids,0.991554081439972,Unknown,0.7408674955368042,Unknown,0.6618567705154419,"1,2-aminoalcohols",0.8537805080413818,NA,NA,NA,NA,NA,NA,NA,NA,NA
x39368_808_73928_15_948,808.73928,15.948,15:0,39368,Triacylglycerols,TAG(15:0/16:0/16:1) / (14:0/16:0/17:1) [M+NH4]+,C50H97NO6,[M + H]+,C50H97NO6,Fatty acids,0.9993054866790771,Glycerolipids,0.9879611134529114,Triacylglycerols,0.999560296535492,Triacylglycerols,0.9914548397064208,NA,NA,NA,NA,NA,Glycerolipid,Triacylglycerols,Triacylglycerols,TAG(15:0/16:0/16:1) / (14:0/16:0/17:1) [M+NH4]+
x6773_399_32585_4_17,399.32585,4.17,15:0,6773,Unknown,NA,C27H42O2,[M + H]+,C27H42O2,Terpenoids,0.9997370839118958,Steroids,0.9646399021148682,Unknown,0.4968512654304504,Unknown,0.7020830512046814,NA,NA,NA,NA,NA,NA,NA,NA,NA
x1775_454_31703_1_881,454.31703,1.881,15:0,1775,Unknown,NA,C25H43NO6,[M + H]+,C25H43NO6,Unknown,0.6278402209281921,Unknown,0.318148672580719,Unknown,0.21859031915664673,Unknown,0.5512365102767944,NA,NA,NA,NA,NA,NA,NA,NA,NA
x38242_780_70833_15_476,780.70833,15.476,15:0,38242,Unknown,NA,C14H12I4N2O4,[M + H]+,C14H12I4N2O4,Unknown,0.6781889200210571,Small peptides,0.8578525185585022,Unknown,0.552890419960022,Unknown,0.7104223966598511,NA,NA,NA,NA,NA,NA,NA,NA,NA
x12395_452_35157_6_187,452.35157,6.187,15:0,12395,Unknown,NA,C30H45NO2,[M + H]+,C30H45NO2,Unknown,0.5603600740432739,Unknown,0.34130504727363586,Unknown,0.4211167097091675,Unknown,0.7442737817764282,NA,NA,NA,NA,NA,NA,NA,NA,NA
x38832_808_73874_15_725,808.73874,15.725,15:0,38832,Triacylglycerols,TAG(15:0/16:0/16:1) / (14:0/16:0/17:1) [M+NH4]+,C50H97NO6,[M + H]+,C50H97NO6,Fatty acids,0.9996083378791808,Glycerolipids,0.9951386451721193,Triacylglycerols,0.9999185800552368,Triacylglycerols,0.997972309589386,NA,NA,NA,NA,NA,Glycerolipid,Triacylglycerols,Triacylglycerols,TAG(15:0/16:0/16:1) / (14:0/16:0/17:1) [M+NH4]+
x5208_330_33679_3_691,330.33679,3.691,15:0,5208,Unknown,NA,C20H43NO2,[M + H]+,C20H43NO2,Fatty acids,0.9988064765930176,Unknown,0.8222464323043823,Unknown,0.20492351055145264,Unknown,0.6272478103637695,NA,NA,NA,NA,NA,NA,NA,NA,NA
x36830_832_73806_14_959,832.73806,14.959,15:0,36830,Unknown,NA,C52H97NO6,[M + H]+,C52H97NO6,Fatty acids,0.9975546002388,Unknown,0.733665943145752,Unknown,0.8072701692581177,N-acyl amines,0.9472602605819702,NA,NA,NA,NA,NA,NA,NA,NA,NA
x4098_314_30554_3_347,314.30554,3.347,15:0,4098,Unknown,NA,C19H39NO2,[M + H]+,C19H39NO2,Unknown,0.8497189283370972,Unknown,0.5298484563827515,Unknown,0.15725135803222656,Unknown,0.619819700717926,NA,NA,NA,NA,NA,NA,NA,NA,NA
x37617_808_7373_15_246,808.7373,15.246,15:0,37617,Triacylglycerols,TAG(15:0/16:0/16:1) / (14:0/16:0/17:1) [M+NH4]+,C48H99NO6,[M + Na]+,C48H99NO6,Fatty acids,0.9999490976333618,Glycerolipids,0.9980065226554872,Triacylglycerols,0.9998958110809326,Triacylglycerols,0.9838647842407228,NA,NA,NA,NA,NA,Glycerolipid,Triacylglycerols,Triacylglycerols,TAG(15:0/16:0/16:1) / (14:0/16:0/17:1) [M+NH4]+
x37746_782_72212_15_293,782.72212,15.293,15:0,37746,Unknown,NA,C44H91N7O4,[M + H]+,C44H91N7O4,Fatty acids,0.9140575528144836,Unknown,0.1356346160173416,Unknown,0.20695751905441284,Unknown,0.6959962248802185,NA,NA,NA,NA,NA,NA,NA,NA,NA
x38121_754_69326_15_437,754.69326,15.437,15:0,38121,Triacylglycerols,NA,C46H91NO6,[M + H]+,C46H91NO6,Fatty acids,0.9997716546058656,Glycerolipids,0.998277187347412,Triacylglycerols,0.999832272529602,Triacylglycerols,0.9992701411247252,NA,NA,NA,NA,NA,NA,NA,NA,NA
x8998_434_39937_4_917,434.39937,4.917,15:0,8998,Unknown,NA,NA,NA,NA,Unknown,NA,Unknown,NA,Unknown,NA,Unknown,NA,NA,NA,NA,NA,NA,NA,NA,NA,NA
x6519_328_32138_4_097,328.32138,4.097,15:0,6519,Unknown,NA,C20H41NO2,[M + H]+,C20H41NO2,Fatty acids,0.8814877867698669,Fatty amides,0.8692132830619812,Unknown,0.4760517477989197,N-acyl amines,0.9423084855079652,NA,NA,NA,NA,NA,NA,NA,NA,NA
x37667_780_7068_15_271,780.7068,15.271,15:0,37667,Triacylglycerols,NA,C48H93NO6,[M + H]+,C48H93NO6,Fatty acids,0.9986966252326964,Unknown,0.8459813594818115,Triacylglycerols,0.9208430051803588,N-acyl amines,0.9260932207107544,NA,NA,NA,NA,NA,NA,NA,NA,NA
x36754_780_70808_14_971,780.70808,14.971,15:0,36754,Unknown,NA,NA,NA,NA,Unknown,NA,Unknown,NA,Unknown,NA,Unknown,NA,NA,NA,NA,NA,NA,NA,NA,NA,NA
x36785_806_72251_14_98,806.72251000000006,14.98,15:0,36785,Unknown,NA,C46H91N7O4,[M + H]+,C46H91N7O4,Unknown,0.8266558647155762,Unknown,0.09904654324054718,Unknown,0.31538209319114685,N-acyl amines,0.935415744781494,NA,NA,NA,NA,NA,NA,NA,NA,NA
x4686_326_30551_3_539,326.30551,3.539,15:0,4686,Unknown,NA,C20H39NO2,[M + H]+,C20H39NO2,Fatty acids,0.8669196963310242,Unknown,0.6762512922286987,Unknown,0.5823794007301331,"1,2-aminoalcohols",0.8686177134513855,NA,NA,NA,NA,NA,NA,NA,NA,NA
x4713_314_3052_3_499,314.3052,3.499,15:0,4713,Unknown,NA,C19H39NO2,[M + H]+,C19H39NO2,Unknown,0.7510433793067932,Unknown,0.8434604406356812,Unknown,0.4478428065776825,N-acyl amines,0.9226366877555848,NA,NA,NA,NA,NA,NA,NA,NA,NA
x5968_456_38482_3_914,456.38482,3.914,15:0,5968,Unknown,NA,C30H49NO2,[M + H]+,C30H49NO2,Terpenoids,0.9299365282058716,Unknown,0.8395252823829651,Unknown,0.8403705358505249,Unknown,0.7090803384780884,NA,NA,NA,NA,NA,NA,NA,NA,NA
x4632_396_31137_3_507,396.31137,3.507,15:0,4632,Unknown,NA,C23H41NO4,[M + H]+,C23H41NO4,Unknown,0.5676473379135132,Unknown,0.10366222262382507,Unknown,0.0927463248372078,Unknown,0.7952316999435425,NA,NA,NA,NA,NA,NA,NA,NA,NA
x36683_754_69205_14_946,754.69205,14.946,15:0,36683,Triacylglycerols,NA,C46H91NO6,[M + H]+,C46H91NO6,Fatty acids,0.9997811913490297,Glycerolipids,0.9976418018341064,Triacylglycerols,0.9998237490653992,Triacylglycerols,0.9967027306556702,NA,NA,NA,NA,NA,NA,NA,NA,NA
x37124_808_73898_15_069,808.73898,15.069,15:0,37124,Triacylglycerols,NA,C50H97NO6,[M + H]+,C50H97NO6,Fatty acids,0.9980194568634032,Glycerolipids,0.9915992021560668,Triacylglycerols,0.999874234199524,Triacylglycerols,0.9951582551002502,NA,NA,NA,NA,NA,NA,NA,NA,NA
x7575_314_30543_4_5,314.30543,4.5,15:0,7575,Unknown,NA,C19H39NO2,[M + H]+,C19H39NO2,Fatty acids,0.8640233278274536,Unknown,0.7589439749717712,Unknown,0.15643355250358582,Alpha amino acids,0.9304813146591188,NA,NA,NA,NA,NA,NA,NA,NA,NA
x1095_361_23711_1_365,361.23711,1.365,15:0,1095,Unknown,NA,C20H32BNO2S,[M + H]+,C20H32BNO2S,Terpenoids,0.990136742591858,Unknown,0.666962742805481,Unknown,0.1850798577070236,Unknown,0.7446607947349548,NA,NA,NA,NA,NA,NA,NA,NA,NA
x6348_406_3685_4_054,406.3685,4.054,15:0,6348,Unknown,NA,C26H47NO2,[M + H]+,C26H47NO2,Fatty acids,0.9893688559532166,Fatty amides,0.8804796934127808,Unknown,0.7236568331718445,N-acyl amines,0.9827197790145874,NA,NA,NA,NA,NA,NA,NA,NA,NA
x4082_326_30567_3_356,326.30567,3.356,15:0,4082,Unknown,NA,C20H39NO2,[M + H]+,C20H39NO2,Unknown,0.7999484539031982,Unknown,0.7729803323745728,Unknown,0.6649428009986877,Unknown,0.5554887056350708,NA,NA,NA,NA,NA,NA,NA,NA,NA
x4450_406_33146_3_48,406.33146,3.48,15:0,4450,Unknown,NA,C25H43NO3,[M + H]+,C25H43NO3,Unknown,0.7549445033073425,Unknown,0.32465869188308716,Unknown,0.28369078040122986,N-acyl amines,0.957654356956482,NA,NA,NA,NA,NA,NA,NA,NA,NA
x17725_675_53497_8_45,675.53497,8.45,15:0,17725,Unknown,NA,C41H66N6O2,[M + H]+,C41H66N6O2,Alkaloids,0.8580498099327087,Unknown,0.23923105001449585,Unknown,0.25476041436195374,Unknown,0.6113843321800232,NA,NA,NA,NA,NA,NA,NA,NA,NA
x6761_340_32125_4_092,340.32125,4.092,15:0,6761,Unknown,NA,C21H41NO2,[M + H]+,C21H41NO2,Fatty acids,0.9132570028305054,Unknown,0.8077542781829834,Unknown,0.752895176410675,Unknown,0.681812584400177,NA,NA,NA,NA,NA,NA,NA,NA,NA
x37625_796_73702_15_282,796.73702,15.282,15:0,37625,Unknown,NA,C49H97NO6,[M + H]+,C49H97NO6,Fatty acids,0.9935027956962584,Sphingolipids,0.8514155149459839,Unknown,0.8375237584114075,N-acyl amines,0.9591938853263856,NA,NA,NA,NA,NA,NA,NA,NA,NA
x7622_354_33714_4_444,354.33714,4.444,15:0,7622,Unknown,NA,C22H43NO2,[M + H]+,C22H43NO2,Fatty acids,0.9679059982299804,Unknown,0.6783571839332581,Unknown,0.5269014239311218,"1,2-aminoalcohols",0.8556857109069824,NA,NA,NA,NA,NA,NA,NA,NA,NA
x7027_470_40051_4_269,470.40051,4.269,15:0,7027,Unknown,NA,C31H51NO2,[M + H]+,C31H51NO2,Unknown,0.6797220706939697,Unknown,0.803544819355011,Unknown,0.3688684105873108,Unknown,0.748701810836792,NA,NA,NA,NA,NA,NA,NA,NA,NA
x1013_339_19444_1_324,339.19444,1.324,15:0,1013,Unknown,NA,C22H26O3,[M + H]+,C22H26O3,Terpenoids,0.9530717730522156,Unknown,0.6631306409835815,Unknown,0.03890848904848099,Unknown,0.7045443058013916,NA,NA,NA,NA,NA,NA,NA,NA,NA
x20192_677_54968_9_509,677.54968,9.509,15:0,20192,Unknown,NA,C41H68N6O2,[M + H]+,C41H68N6O2,Unknown,0.8369513154029846,Unknown,0.16406187415122986,Unknown,0.1987113207578659,Unknown,0.5427939891815186,NA,NA,NA,NA,NA,NA,NA,NA,NA
x7986_488_4481_4_556,488.4481,4.556,15:0,7986,Unknown,NA,C32H57NO2,[M + H]+,C32H57NO2,Unknown,0.6574288606643677,Unknown,0.2708836793899536,Unknown,0.12026545405387878,Unknown,0.7837759256362915,NA,NA,NA,NA,NA,NA,NA,NA,NA
x7698_407_36701_4_428,407.36701,4.428,15:0,7698,Unknown,NA,C30H46,[M + H]+,C30H46,Terpenoids,0.9962169528007508,Unknown,0.6956942081451416,Unknown,0.11508136242628098,Unknown,0.5541766285896301,NA,NA,NA,NA,NA,NA,NA,NA,NA
x9481_536_43268_5_106,536.43268,5.106,15:0,9481,Unknown,NA,C32H54O5,[M + H3N + H]+,C32H57NO5,Unknown,0.7751970887184143,Unknown,0.1206490695476532,Unknown,0.4581309258937836,Unknown,0.6343175768852234,NA,NA,NA,NA,NA,NA,NA,NA,NA
x7947_415_35264_4_469,415.35264,4.469,15:0,7947,Unknown,NA,C26H48O2,[M + Na]+,C26H48O2,Terpenoids,0.95721834897995,Unknown,0.7510017156600952,Unknown,0.7845188975334167,Unknown,0.509818971157074,NA,NA,NA,NA,NA,NA,NA,NA,NA
x10372_460_415_5_458,460.415,5.458,15:0,10372,Unknown,NA,C30H53NO2,[M + H]+,C30H53NO2,Unknown,0.742409348487854,Unknown,0.8430219292640686,Unknown,0.05724567547440529,Unknown,0.5420757532119751,NA,NA,NA,NA,NA,NA,NA,NA,NA
x25252_600_53655_11_976,600.53655,11.976,15:0,25252,Unknown,NA,C39H69NO3,[M + H]+,C39H69NO3,Fatty acids,0.9993358254432678,Fatty amides,0.8938996195793152,Unknown,0.6262077689170837,N-acyl amines,0.9929969906806946,NA,NA,NA,NA,NA,NA,NA,NA,NA
x26182_808_66953_12_295,808.66953,12.295,15:0,26182,Unknown,NA,C48H89NO8,[M + H]+,C48H89NO8,Fatty acids,0.9998949766159058,Glycerophospholipids,0.9756170511245728,Unknown,0.5722907781600952,Phosphocholines,0.986890435218811,NA,NA,NA,NA,NA,NA,NA,NA,NA
x8801_354_33714_4_738,354.33714,4.738,15:0,8801,Unknown,NA,C22H43NO2,[M + H]+,C22H43NO2,Fatty acids,0.8944385051727295,Unknown,0.7852526307106018,Unknown,0.576762318611145,Unknown,0.7976914644241333,NA,NA,NA,NA,NA,NA,NA,NA,NA
x14605_635_50512_7_166,635.50512,7.166,15:0,14605,Unknown,NA,C34H68N4O5,[M + Na]+,C34H68N4O5,Unknown,0.32413750886917114,Unknown,0.07330126315355301,Unknown,0.06969479471445084,Unknown,0.8112687468528748,NA,NA,NA,NA,NA,NA,NA,NA,NA
x15028_635_50471_7_323,635.50471,7.323,15:0,15028,Unknown,NA,NA,NA,NA,Unknown,NA,Unknown,NA,Unknown,NA,Unknown,NA,NA,NA,NA,NA,NA,NA,NA,NA,NA
x2256_326_30529_2_361,326.30529,2.361,15:0,2256,Unknown,NA,C20H39NO2,[M + H]+,C20H39NO2,Fatty acids,0.9684605598449708,Fatty amides,0.9205020666122437,Unknown,0.7336453199386597,Unknown,0.6175275444984436,NA,NA,NA,NA,NA,NA,NA,NA,NA
x16456_649_5195_7_926,649.5195,7.926,15:0,16456,Unknown,NA,C39H64N6O2,[M + H]+,C39H64N6O2,Alkaloids,0.9869101643562316,Unknown,0.14719457924365997,Unknown,0.34700244665145874,Unknown,0.6733379364013672,NA,NA,NA,NA,NA,NA,NA,NA,NA
x2974_424_3205_2_901,424.3205,2.901,15:0,2974,Unknown,NA,C28H41NO2,[M + H]+,C28H41NO2,Unknown,0.7260320782661438,Unknown,0.3946690261363983,Unknown,0.6159232258796692,Unknown,0.7523818612098694,NA,NA,NA,NA,NA,NA,NA,NA,NA
x3482_380_35229_3_091,380.35229,3.091,17:1,3482,Unknown,NA,C24H45NO2,[M + H]+,C24H45NO2,Fatty acids,0.9966304898262024,Fatty amides,0.984490931034088,Unknown,0.6176527142524719,N-acyl amines,0.9628949761390686,NA,NA,NA,NA,NA,NA,NA,NA,NA
x40352_836_77129_16_392,836.77129,16.392,17:1,40352,Triacylglycerols,TAG(15:0/16:0/18:1) / (16:0/16:1/17:0) [M+NH4]+,NA,NA,NA,Unknown,NA,Unknown,NA,Unknown,NA,Unknown,NA,NA,NA,NA,NA,NA,Glycerolipid,Triacylglycerols,Triacylglycerols,TAG(15:0/16:0/18:1) / (16:0/16:1/17:0) [M+NH4]+
x40317_862_78831_16_373,862.78831,16.373,17:1,40317,Triacylglycerols,TAG(16:1/17:0/18:1) / (14:0/17:0/20:2) [M+NH4]+,NA,NA,NA,Unknown,NA,Unknown,NA,Unknown,NA,Unknown,NA,NA,NA,NA,NA,NA,Glycerolipid,Triacylglycerols,Triacylglycerols,TAG(16:1/17:0/18:1) / (14:0/17:0/20:2) [M+NH4]+
x37875_868_77626_15_334,868.77626,15.334,17:1,37875,Unknown,NA,NA,NA,NA,Unknown,NA,Unknown,NA,Unknown,NA,Unknown,NA,NA,NA,NA,NA,NA,NA,NA,NA,NA
x40960_864_80366_16_755,864.80366,16.755,17:1,40960,Unknown,NA,NA,NA,NA,Unknown,NA,Unknown,NA,Unknown,NA,Unknown,NA,NA,NA,NA,NA,NA,NA,NA,NA,NA
x39879_876_8406_16_153,876.8406,16.153,17:1,39879,Unknown,NA,NA,NA,NA,Unknown,NA,Unknown,NA,Unknown,NA,Unknown,NA,NA,NA,NA,NA,NA,NA,NA,NA,NA
x13719_468_34813_6_731,468.34813,6.731,17:1,13719,Unknown,NA,C30H45NO3,[M + H]+,C30H45NO3,Terpenoids,0.9774439930915833,Steroids,0.9182090163230896,Unknown,0.46653857827186584,Glycinated bile acids and derivatives,0.9383664131164552,NA,NA,NA,NA,NA,NA,NA,NA,NA
x39923_850_82507_16_185,850.82507,16.185,17:1,39923,Triacylglycerols,NA,C54H104O5,[M + H3N + H]+,C54H107NO5,Fatty acids,0.9997219443321228,Glycerolipids,0.9985985159873962,Triacylglycerols,0.9997335076332092,Triacylglycerols,0.9462357759475708,NA,NA,NA,NA,NA,NA,NA,NA,NA
x38486_836_76856_15_633,836.76856,15.633,17:1,38486,Triacylglycerols,TAG(15:0/16:0/18:1) / (16:0/16:1/17:0) [M+NH4]+,NA,NA,NA,Unknown,NA,Unknown,NA,Unknown,NA,Unknown,NA,NA,NA,NA,NA,NA,Glycerolipid,Triacylglycerols,Triacylglycerols,TAG(15:0/16:0/18:1) / (16:0/16:1/17:0) [M+NH4]+
x16564_470_36389_7_936,470.36389,7.936,17:1,16564,Unknown,NA,C30H47NO3,[M + H]+,C30H47NO3,Terpenoids,0.9990718364715576,Steroids,0.998789131641388,Unknown,0.7873362302780151,Glycinated bile acids and derivatives,0.9980748891830444,NA,NA,NA,NA,NA,NA,NA,NA,NA
x16802_356_35226_8_049,356.35226,8.049,17:1,16802,Unknown,NA,C22H45NO2,[M + H]+,C22H45NO2,Unknown,0.7277104258537292,Unknown,0.44460755586624146,Unknown,0.11199548840522766,Unknown,0.564515233039856,NA,NA,NA,NA,NA,NA,NA,NA,NA
x37617_808_7373_15_246,808.7373,15.246,17:1,37617,Triacylglycerols,TAG(15:0/16:0/16:1) / (14:0/16:0/17:1) [M+NH4]+,C48H99NO6,[M + Na]+,C48H99NO6,Fatty acids,0.9999490976333618,Glycerolipids,0.9980065226554872,Triacylglycerols,0.9998958110809326,Triacylglycerols,0.9838647842407228,NA,NA,NA,NA,NA,Glycerolipid,Triacylglycerols,Triacylglycerols,TAG(15:0/16:0/16:1) / (14:0/16:0/17:1) [M+NH4]+
x38493_862_78466_15_631,862.78466,15.631,17:1,38493,Triacylglycerols,TAG(16:1/17:0/18:1) / (14:0/17:0/20:2) [M+NH4]+,NA,NA,NA,Unknown,NA,Unknown,NA,Unknown,NA,Unknown,NA,NA,NA,NA,NA,NA,Glycerolipid,Triacylglycerols,Triacylglycerols,TAG(16:1/17:0/18:1) / (14:0/17:0/20:2) [M+NH4]+
x37697_834_75304_15_278,834.75304,15.278,17:1,37697,Triacylglycerols,NA,C50H101NO6,[M + Na]+,C50H101NO6,Fatty acids,0.9992029070854188,Glycerolipids,0.9760593175888062,Triacylglycerols,0.9967129230499268,Unknown,0.7800022959709167,NA,NA,NA,NA,NA,NA,NA,NA,NA
x12485_500_35304_6_224,500.35304,6.224,17:1,12485,Unknown,NA,C34H45NO2,[M + H]+,C34H45NO2,Unknown,0.4204660952091217,Unknown,0.23764123022556305,Unknown,0.25992581248283386,Unknown,0.6736465096473694,NA,NA,NA,NA,NA,NA,NA,NA,NA
x40408_878_8572_16_404,878.8572,16.404,17:1,40408,Unknown,NA,NA,NA,NA,Unknown,NA,Unknown,NA,Unknown,NA,Unknown,NA,NA,NA,NA,NA,NA,NA,NA,NA,NA
x37185_834_75324_15_096,834.75324,15.096,17:1,37185,Unknown,NA,C52H99NO6,[M + H]+,C52H99NO6,Fatty acids,0.908139169216156,Unknown,0.7361268401145935,Unknown,0.7509441375732422,Unknown,0.7344988584518433,NA,NA,NA,NA,NA,NA,NA,NA,NA
x8998_434_39937_4_917,434.39937,4.917,17:1,8998,Unknown,NA,NA,NA,NA,Unknown,NA,Unknown,NA,Unknown,NA,Unknown,NA,NA,NA,NA,NA,NA,NA,NA,NA,NA
x36754_780_70808_14_971,780.70808,14.971,17:1,36754,Unknown,NA,NA,NA,NA,Unknown,NA,Unknown,NA,Unknown,NA,Unknown,NA,NA,NA,NA,NA,NA,NA,NA,NA,NA
x8202_484_41591_4_603,484.41591,4.603,17:1,8202,Unknown,NA,C32H53NO2,[M + H]+,C32H53NO2,Unknown,0.7650749087333679,Unknown,0.8009911179542542,Unknown,0.39199844002723694,Unknown,0.6999388933181763,NA,NA,NA,NA,NA,NA,NA,NA,NA
x36785_806_72251_14_98,806.72251000000006,14.98,17:1,36785,Unknown,NA,C46H91N7O4,[M + H]+,C46H91N7O4,Unknown,0.8266558647155762,Unknown,0.09904654324054718,Unknown,0.31538209319114685,N-acyl amines,0.935415744781494,NA,NA,NA,NA,NA,NA,NA,NA,NA
x37947_964_83442_15_366,964.83442,15.366,17:1,37947,Triacylglycerols,NA,C60H111NO6,[M + Na]+,C60H111NO6,Fatty acids,0.9996832609176636,Glycerolipids,0.930138349533081,Triacylglycerols,0.9961344003677368,N-acyl amines,0.9542213082313538,NA,NA,NA,NA,NA,NA,NA,NA,NA
x16052_515_41063_7_717,515.41063,7.717,17:1,16052,Unknown,NA,C33H54O4,[M + H]+,C33H54O4,Terpenoids,0.9940956830978394,Steroids,0.951789915561676,Unknown,0.8313691020011902,Unknown,0.5980736017227173,NA,NA,NA,NA,NA,NA,NA,NA,NA
x5968_456_38482_3_914,456.38482,3.914,17:1,5968,Unknown,NA,C30H49NO2,[M + H]+,C30H49NO2,Terpenoids,0.9299365282058716,Unknown,0.8395252823829651,Unknown,0.8403705358505249,Unknown,0.7090803384780884,NA,NA,NA,NA,NA,NA,NA,NA,NA
x3773_420_29648_3_19,420.29648,3.19,17:1,3773,Unknown,NA,C22H37N5O3,[M + H]+,C22H37N5O3,Alkaloids,0.8704851865768433,Unknown,0.6901589035987854,Unknown,0.4696475565433502,Alpha amino acids and derivatives,0.9021112322807312,NA,NA,NA,NA,NA,NA,NA,NA,NA
x8739_367_33676_4_803,367.33676,4.803,17:1,8739,Unknown,NA,C27H42,[M + H]+,C27H42,Terpenoids,0.9942960143089294,Unknown,0.5144411325454712,Unknown,0.33158594369888306,Unknown,0.5290819406509399,NA,NA,NA,NA,NA,NA,NA,NA,NA
x2297_450_32261_2_287,450.32261,2.287,17:1,2297,Unknown,NA,C26H43NO5,[M + H]+,C26H43NO5,Unknown,0.6911188364028931,Unknown,0.5386787056922913,Unknown,0.3554600179195404,Unknown,0.6060225367546082,NA,NA,NA,NA,NA,NA,NA,NA,NA
x37124_808_73898_15_069,808.73898,15.069,17:1,37124,Triacylglycerols,NA,C50H97NO6,[M + H]+,C50H97NO6,Fatty acids,0.9980194568634032,Glycerolipids,0.9915992021560668,Triacylglycerols,0.999874234199524,Triacylglycerols,0.9951582551002502,NA,NA,NA,NA,NA,NA,NA,NA,NA
x38024_888_8006_15_428,888.8006,15.428,17:1,38024,Triacylglycerols,TAG(16:1/17:0/20:2) [M+NH4]+,NA,NA,NA,Unknown,NA,Unknown,NA,Unknown,NA,Unknown,NA,NA,NA,NA,NA,NA,Glycerolipid,Triacylglycerols,Triacylglycerols,TAG(16:1/17:0/20:2) [M+NH4]+
x6348_406_3685_4_054,406.3685,4.054,17:1,6348,Unknown,NA,C26H47NO2,[M + H]+,C26H47NO2,Fatty acids,0.9893688559532166,Fatty amides,0.8804796934127808,Unknown,0.7236568331718445,N-acyl amines,0.9827197790145874,NA,NA,NA,NA,NA,NA,NA,NA,NA
x6761_340_32125_4_092,340.32125,4.092,17:1,6761,Unknown,NA,C21H41NO2,[M + H]+,C21H41NO2,Fatty acids,0.9132570028305054,Unknown,0.8077542781829834,Unknown,0.752895176410675,Unknown,0.681812584400177,NA,NA,NA,NA,NA,NA,NA,NA,NA
x7622_354_33714_4_444,354.33714,4.444,17:1,7622,Unknown,NA,C22H43NO2,[M + H]+,C22H43NO2,Fatty acids,0.9679059982299804,Unknown,0.6783571839332581,Unknown,0.5269014239311218,"1,2-aminoalcohols",0.8556857109069824,NA,NA,NA,NA,NA,NA,NA,NA,NA
x7027_470_40051_4_269,470.40051,4.269,17:1,7027,Unknown,NA,C31H51NO2,[M + H]+,C31H51NO2,Unknown,0.6797220706939697,Unknown,0.803544819355011,Unknown,0.3688684105873108,Unknown,0.748701810836792,NA,NA,NA,NA,NA,NA,NA,NA,NA
x7301_378_33721_4_362,378.33721,4.362,17:1,7301,Unknown,NA,C24H43NO2,[M + H]+,C24H43NO2,Fatty acids,0.9229674339294434,Unknown,0.23623913526535031,Unknown,0.5573474764823914,Unknown,0.6281902194023132,NA,NA,NA,NA,NA,NA,NA,NA,NA
x1238_340_28439_1_552,340.28439,1.552,17:1,1238,Unknown,NA,C20H37NO3,[M + H]+,C20H37NO3,Fatty acids,0.9042922258377076,Unknown,0.5257429480552673,Unknown,0.2571399211883545,Unknown,0.575635552406311,NA,NA,NA,NA,NA,NA,NA,NA,NA
x13360_633_48905_6_626,633.48905,6.626,17:1,13360,Unknown,NA,C30H62N10O3,[M + Na]+,C30H62N10O3,Unknown,0.21229983866214752,Unknown,0.5641883015632629,Unknown,0.4769958257675171,N-acyl amines,0.8798220753669739,NA,NA,NA,NA,NA,NA,NA,NA,NA
x7986_488_4481_4_556,488.4481,4.556,17:1,7986,Unknown,NA,C32H57NO2,[M + H]+,C32H57NO2,Unknown,0.6574288606643677,Unknown,0.2708836793899536,Unknown,0.12026545405387878,Unknown,0.7837759256362915,NA,NA,NA,NA,NA,NA,NA,NA,NA
x7698_407_36701_4_428,407.36701,4.428,17:1,7698,Unknown,NA,C30H46,[M + H]+,C30H46,Terpenoids,0.9962169528007508,Unknown,0.6956942081451416,Unknown,0.11508136242628098,Unknown,0.5541766285896301,NA,NA,NA,NA,NA,NA,NA,NA,NA
x4000_380_35116_3_365,380.35116,3.365,17:1,4000,Unknown,NA,C24H45NO2,[M + H]+,C24H45NO2,Fatty acids,0.9946178793907166,Fatty amides,0.9793370962142944,Unknown,0.5797592401504517,N-acyl amines,0.9463707804679872,NA,NA,NA,NA,NA,NA,NA,NA,NA
x10372_460_415_5_458,460.415,5.458,17:1,10372,Unknown,NA,C30H53NO2,[M + H]+,C30H53NO2,Unknown,0.742409348487854,Unknown,0.8430219292640686,Unknown,0.05724567547440529,Unknown,0.5420757532119751,NA,NA,NA,NA,NA,NA,NA,NA,NA
x23994_632_55861_11_617,632.55861,11.617,17:1,23994,Unknown,NA,C40H73NO4,[M + H]+,C40H73NO4,Unknown,0.5604260563850403,Unknown,0.4226487874984741,Unknown,0.7122581601142883,Unknown,0.5952548384666443,NA,NA,NA,NA,NA,NA,NA,NA,NA
x7451_458_39959_4_403,458.39959,4.403,17:1,7451,Unknown,NA,C30H51NO2,[M + H]+,C30H51NO2,Fatty acids,0.9912158250808716,Unknown,0.8094176650047302,Unknown,0.3029320240020752,Unknown,0.8031893372535706,NA,NA,NA,NA,NA,NA,NA,NA,NA
x14844_376_3527_7_244,376.3527,7.244,17:1,14844,Unknown,NA,NA,NA,NA,Unknown,NA,Unknown,NA,Unknown,NA,Unknown,NA,NA,NA,NA,NA,NA,NA,NA,NA,NA
x8801_354_33714_4_738,354.33714,4.738,17:1,8801,Unknown,NA,C22H43NO2,[M + H]+,C22H43NO2,Fatty acids,0.8944385051727295,Unknown,0.7852526307106018,Unknown,0.576762318611145,Unknown,0.7976914644241333,NA,NA,NA,NA,NA,NA,NA,NA,NA
x4075_420_29607_3_349,420.29607,3.349,17:1,4075,Unknown,NA,C22H37N5O3,[M + H]+,C22H37N5O3,Unknown,0.7767550349235535,Unknown,0.6438718438148499,Unknown,0.6167056560516357,Unknown,0.6126961708068848,NA,NA,NA,NA,NA,NA,NA,NA,NA
x18041_498_45259_8_482,498.45259,8.482,17:1,18041,Unknown,NA,C30H59NO4,[M + H]+,C30H59NO4,Unknown,0.8418139815330505,Unknown,0.8246924877166748,Unknown,0.1711464822292328,N-acyl amines,0.8554839491844177,NA,NA,NA,NA,NA,NA,NA,NA,NA
x4101_382_36747_3_406,382.36747,3.406,17:1,4101,Unknown,NA,C24H47NO2,[M + H]+,C24H47NO2,Fatty acids,0.989903450012207,Fatty amides,0.8746904134750366,Unknown,0.522138237953186,N-acyl amines,0.9614543914794922,NA,NA,NA,NA,NA,NA,NA,NA,NA
x11107_626_41012_5_647,626.41012,5.647,17:1,11107,Unknown,NA,C30H59NO12,[M + H]+,C30H59NO12,Unknown,0.3291318118572235,Unknown,0.29771366715431213,Unknown,0.6146729588508606,Unknown,0.8432824611663818,NA,NA,NA,NA,NA,NA,NA,NA,NA
x5590_468_38576_3_799,468.38576,3.799,17:1,5590,Unknown,NA,C31H49NO2,[M + H]+,C31H49NO2,Terpenoids,0.9734041094779968,Unknown,0.7130728363990784,Unknown,0.2687760591506958,Unknown,0.5187395215034485,NA,NA,NA,NA,NA,NA,NA,NA,NA
x41747_878_85364_17_591,878.85364,17.591,17:1,41747,Unknown,NA,NA,NA,NA,Unknown,NA,Unknown,NA,Unknown,NA,Unknown,NA,NA,NA,NA,NA,NA,NA,NA,NA,NA
x18027_637_55217_8_497,637.55217,8.497,17:1,18027,Unknown,NA,C38H72N2O5,[M + H]+,C38H72N2O5,Fatty acids,0.960219144821167,Fatty amides,0.9084835052490234,Unknown,0.8184636235237122,Unknown,0.5137023329734802,NA,NA,NA,NA,NA,NA,NA,NA,NA
x6689_344_35256_4_145,344.35256,4.145,17:0,6689,Unknown,NA,C21H45NO2,[M + H]+,C21H45NO2,Fatty acids,0.992244303226471,Unknown,0.5275548100471497,Unknown,0.16160088777542114,Unknown,0.6177677512168884,NA,NA,NA,NA,NA,NA,NA,NA,NA
x2475_554_3473_2_439,554.3473,2.439,17:0,2475,Unknown,NA,C33H47NO6,[M + H]+,C33H47NO6,Terpenoids,0.9335896968841552,Unknown,0.5398684740066528,Unknown,0.4212763607501984,Unknown,0.6059765219688416,NA,NA,NA,NA,NA,NA,NA,NA,NA
x4214_358_368_3_384,358.368,3.384,17:0,4214,Unknown,Stearyldiethanolamine,C22H47NO2,[M + H]+,C22H47NO2,Fatty acids,0.978854775428772,Fatty acyls,0.9010708332061768,Unknown,0.8465197086334229,"1,2-aminoalcohols",0.9570761919021606,0.938563,0,Stearyldiethanolamine,Organonitrogen compounds,Amines,NA,NA,NA,NA
x9817_372_38384_5_193,372.38384,5.193,17:0,9817,Unknown,NA,C23H49NO2,[M + H]+,C23H49NO2,Fatty acids,0.998917818069458,Unknown,0.7848001718521118,Unknown,0.4307093024253845,N-acyl amines,0.8954482674598694,NA,NA,NA,NA,NA,NA,NA,NA,NA
x38602_870_79257_15_615,870.79257,15.615,17:0,38602,Unknown,NA,NA,NA,NA,Unknown,NA,Unknown,NA,Unknown,NA,Unknown,NA,NA,NA,NA,NA,NA,NA,NA,NA,NA
x8286_358_36825_4_637,358.36825,4.637,17:0,8286,Unknown,NA,C22H47NO2,[M + H]+,C22H47NO2,Fatty acids,0.9993481040000916,Unknown,0.8437461853027344,Unknown,0.09281844645738602,Unknown,0.8092440366744995,NA,NA,NA,NA,NA,NA,NA,NA,NA
x40960_864_80366_16_755,864.80366,16.755,17:0,40960,Unknown,NA,NA,NA,NA,Unknown,NA,Unknown,NA,Unknown,NA,Unknown,NA,NA,NA,NA,NA,NA,NA,NA,NA,NA
x7531_344_35246_4_372,344.35246,4.372,17:0,7531,Unknown,NA,C21H45NO2,[M + H]+,C21H45NO2,Fatty acids,0.9946765899658204,Unknown,0.672977089881897,Unknown,0.2377159595489502,Unknown,0.5297909379005432,NA,NA,NA,NA,NA,NA,NA,NA,NA
x39923_850_82507_16_185,850.82507,16.185,17:0,39923,Triacylglycerols,NA,C54H104O5,[M + H3N + H]+,C54H107NO5,Fatty acids,0.9997219443321228,Glycerolipids,0.9985985159873962,Triacylglycerols,0.9997335076332092,Triacylglycerols,0.9462357759475708,NA,NA,NA,NA,NA,NA,NA,NA,NA
x38486_836_76856_15_633,836.76856,15.633,17:0,38486,Triacylglycerols,TAG(15:0/16:0/18:1) / (16:0/16:1/17:0) [M+NH4]+,NA,NA,NA,Unknown,NA,Unknown,NA,Unknown,NA,Unknown,NA,NA,NA,NA,NA,NA,Glycerolipid,Triacylglycerols,Triacylglycerols,TAG(15:0/16:0/18:1) / (16:0/16:1/17:0) [M+NH4]+
x38252_810_75471_15_538,810.75471,15.538,17:0,38252,Triacylglycerols,NA,C50H99NO6,[M + H]+,C50H99NO6,Fatty acids,0.999036431312561,Glycerolipids,0.9472678303718568,Triacylglycerols,0.995267927646637,Unknown,0.547029972076416,NA,NA,NA,NA,NA,NA,NA,NA,NA
x16802_356_35226_8_049,356.35226,8.049,17:0,16802,Unknown,NA,C22H45NO2,[M + H]+,C22H45NO2,Unknown,0.7277104258537292,Unknown,0.44460755586624146,Unknown,0.11199548840522766,Unknown,0.564515233039856,NA,NA,NA,NA,NA,NA,NA,NA,NA
x9014_481_40087_4_894,481.40087,4.894,17:0,9014,Unknown,NA,C28H52N2O4,[M + H]+,C28H52N2O4,Unknown,0.4806147813796997,Unknown,0.22530630230903623,Unknown,0.07247721403837204,Unknown,0.8162722587585449,NA,NA,NA,NA,NA,NA,NA,NA,NA
x8998_434_39937_4_917,434.39937,4.917,17:0,8998,Unknown,NA,NA,NA,NA,Unknown,NA,Unknown,NA,Unknown,NA,Unknown,NA,NA,NA,NA,NA,NA,NA,NA,NA,NA
x39076_838_78446_15_797,838.78446,15.797,17:0,39076,Triacylglycerols,NA,C52H103NO6,[M + H]+,C52H103NO6,Fatty acids,0.9994863271713256,Glycerolipids,0.9968083500862122,Triacylglycerols,0.999911904335022,Triacylglycerols,0.9963573813438416,NA,NA,NA,NA,NA,NA,NA,NA,NA
x9241_388_34234_4_983,388.34234,4.983,17:0,9241,Unknown,NA,C22H45NO4,[M + H]+,C22H45NO4,Fatty acids,0.9844228625297546,Fatty esters,0.9429202675819396,Unknown,0.7561839818954468,Amino acids and derivatives,0.9948008060455322,NA,NA,NA,NA,NA,NA,NA,NA,NA
x8202_484_41591_4_603,484.41591,4.603,17:0,8202,Unknown,NA,C32H53NO2,[M + H]+,C32H53NO2,Unknown,0.7650749087333679,Unknown,0.8009911179542542,Unknown,0.39199844002723694,Unknown,0.6999388933181763,NA,NA,NA,NA,NA,NA,NA,NA,NA
x8596_469_40105_4_748,469.40105,4.748,17:0,8596,Unknown,NA,C27H52N2O4,[M + H]+,C27H52N2O4,Unknown,0.7390289306640625,Unknown,0.6483784914016724,Unknown,0.2202834784984589,Unknown,0.6007336974143982,NA,NA,NA,NA,NA,NA,NA,NA,NA
x2056_470_28704_2_064,470.28704,2.064,17:0,2056,Unknown,NA,C21H44NO8P,[M + H]+,C21H44NO8P,Fatty acids,0.9997240900993348,Glycerophospholipids,0.999930739402771,Unknown,0.3260008990764618,Unknown,0.5963764786720276,NA,NA,NA,NA,NA,NA,NA,NA,NA
x5968_456_38482_3_914,456.38482,3.914,17:0,5968,Unknown,NA,C30H49NO2,[M + H]+,C30H49NO2,Terpenoids,0.9299365282058716,Unknown,0.8395252823829651,Unknown,0.8403705358505249,Unknown,0.7090803384780884,NA,NA,NA,NA,NA,NA,NA,NA,NA
x10172_448_41503_5_335,448.41503,5.335,17:0,10172,Unknown,NA,C29H53NO2,[M + H]+,C29H53NO2,Fatty acids,0.986244022846222,Fatty amides,0.870543897151947,Unknown,0.3481387197971344,N-acyl amines,0.9767451882362366,NA,NA,NA,NA,NA,NA,NA,NA,NA
x16411_677_55371_7_837,677.55371,7.837,17:0,16411,Unknown,NA,C37H74N4O5,[M + Na]+,C37H74N4O5,Unknown,0.7564484477043152,Unknown,0.1940053254365921,Unknown,0.179354727268219,Alpha amino acids and derivatives,0.9055050611495972,NA,NA,NA,NA,NA,NA,NA,NA,NA
x17858_663_53992_8_419,663.53992,8.419,17:0,17858,Unknown,NA,C37H68N8O,[M + Na]+,C37H68N8O,Alkaloids,0.9731428623199464,Unknown,0.7698737978935242,Unknown,0.3119540512561798,Unknown,0.5555417537689209,NA,NA,NA,NA,NA,NA,NA,NA,NA
x9678_486_37972_5_135,486.37972,5.135,17:0,9678,Unknown,NA,C27H51NO6,[M + H]+,C27H51NO6,Unknown,0.7572267651557922,Fatty esters,0.8830950260162354,Unknown,0.6129264235496521,Unknown,0.602735698223114,NA,NA,NA,NA,NA,NA,NA,NA,NA
x6348_406_3685_4_054,406.3685,4.054,17:0,6348,Unknown,NA,C26H47NO2,[M + H]+,C26H47NO2,Fatty acids,0.9893688559532166,Fatty amides,0.8804796934127808,Unknown,0.7236568331718445,N-acyl amines,0.9827197790145874,NA,NA,NA,NA,NA,NA,NA,NA,NA
x18423_691_56665_8_638,691.56665,8.638,17:0,18423,Unknown,NA,C42H70N6O2,[M + H]+,C42H70N6O2,Alkaloids,0.9309265613555908,Unknown,0.09283521771430968,Unknown,0.4211892783641815,Amino acids and derivatives,0.8861452341079712,NA,NA,NA,NA,NA,NA,NA,NA,NA
x28768_676_58663_12_96,676.58663,12.96,17:0,28768,Unknown,NA,NA,NA,NA,Unknown,NA,Unknown,NA,Unknown,NA,Unknown,NA,NA,NA,NA,NA,NA,NA,NA,NA,NA
x7622_354_33714_4_444,354.33714,4.444,17:0,7622,Unknown,NA,C22H43NO2,[M + H]+,C22H43NO2,Fatty acids,0.9679059982299804,Unknown,0.6783571839332581,Unknown,0.5269014239311218,"1,2-aminoalcohols",0.8556857109069824,NA,NA,NA,NA,NA,NA,NA,NA,NA
x27370_674_57077_12_534,674.57077,12.534,17:0,27370,Unknown,NA,NA,NA,NA,Unknown,NA,Unknown,NA,Unknown,NA,Unknown,NA,NA,NA,NA,NA,NA,NA,NA,NA,NA
x7027_470_40051_4_269,470.40051,4.269,17:0,7027,Unknown,NA,C31H51NO2,[M + H]+,C31H51NO2,Unknown,0.6797220706939697,Unknown,0.803544819355011,Unknown,0.3688684105873108,Unknown,0.748701810836792,NA,NA,NA,NA,NA,NA,NA,NA,NA
x18079_488_43079_8_519,488.43079,8.519,17:0,18079,Unknown,NA,NA,NA,NA,Unknown,NA,Unknown,NA,Unknown,NA,Unknown,NA,NA,NA,NA,NA,NA,NA,NA,NA,NA
x16770_540_46334_8_043,540.46334,8.043,17:0,16770,Unknown,NA,NA,NA,NA,Unknown,NA,Unknown,NA,Unknown,NA,Unknown,NA,NA,NA,NA,NA,NA,NA,NA,NA,NA
x20192_677_54968_9_509,677.54968,9.509,17:0,20192,Unknown,NA,C41H68N6O2,[M + H]+,C41H68N6O2,Unknown,0.8369513154029846,Unknown,0.16406187415122986,Unknown,0.1987113207578659,Unknown,0.5427939891815186,NA,NA,NA,NA,NA,NA,NA,NA,NA
x7986_488_4481_4_556,488.4481,4.556,17:0,7986,Unknown,NA,C32H57NO2,[M + H]+,C32H57NO2,Unknown,0.6574288606643677,Unknown,0.2708836793899536,Unknown,0.12026545405387878,Unknown,0.7837759256362915,NA,NA,NA,NA,NA,NA,NA,NA,NA
x7698_407_36701_4_428,407.36701,4.428,17:0,7698,Unknown,NA,C30H46,[M + H]+,C30H46,Terpenoids,0.9962169528007508,Unknown,0.6956942081451416,Unknown,0.11508136242628098,Unknown,0.5541766285896301,NA,NA,NA,NA,NA,NA,NA,NA,NA
x15330_638_49958_7_458,638.49958,7.458,17:0,15330,Unknown,NA,C37H67NO7,[M + H]+,C37H67NO7,Unknown,0.537213921546936,Unknown,0.37313419580459595,Unknown,0.07118339836597443,Unknown,0.5396118760108948,NA,NA,NA,NA,NA,NA,NA,NA,NA
x18828_691_5666_8_822,691.5666,8.822,17:0,18828,Unknown,NA,C42H70N6O2,[M + H]+,C42H70N6O2,Alkaloids,0.8636904358863831,Unknown,0.14474880695343018,Unknown,0.2288197726011276,Unknown,0.6723635792732239,NA,NA,NA,NA,NA,NA,NA,NA,NA
x6693_446_40154_4_111,446.40154,4.111,17:0,6693,Unknown,NA,C26H52FNO3,[M + H]+,C26H52FNO3,Unknown,0.4065517783164978,Steroids,0.9183545708656312,Unknown,0.05820522457361221,3-hydroxysteroids,0.9925717711448668,NA,NA,NA,NA,NA,NA,NA,NA,NA
x11775_635_50621_5_917,635.50621,5.917,17:0,11775,Unknown,NA,C34H68N4O5,[M + Na]+,C34H68N4O5,Unknown,0.2013045698404312,Unknown,0.27467209100723267,Unknown,0.10984715074300766,Unknown,0.6711174249649048,NA,NA,NA,NA,NA,NA,NA,NA,NA
x10372_460_415_5_458,460.415,5.458,17:0,10372,Unknown,NA,C30H53NO2,[M + H]+,C30H53NO2,Unknown,0.742409348487854,Unknown,0.8430219292640686,Unknown,0.05724567547440529,Unknown,0.5420757532119751,NA,NA,NA,NA,NA,NA,NA,NA,NA
x12955_840_57247_6_423,840.57247,6.423,17:0,12955,Unknown,NA,C44H84NO10P,[M + Na]+,C44H84NO10P,Fatty acids,0.999962329864502,Glycerophospholipids,0.9999488592147828,Unknown,0.808712899684906,Phosphatidylcholines,0.9865416288375854,NA,NA,NA,NA,NA,NA,NA,NA,NA
x9679_1025_5809_5_156,1025.5809,5.156,17:0,9679,Unknown,NA,C50H72N16O8,[M + H]+,C50H72N16O8,Amino acids and Peptides,0.9754922389984132,Unknown,0.7755934596061707,Unknown,0.5586192011833191,Unknown,0.7031811475753784,NA,NA,NA,NA,NA,NA,NA,NA,NA
x15501_564_4645_7_482,564.4645,7.482,17:0,15501,Unknown,NA,C34H58O5,[M + H3N + H]+,C34H61NO5,Unknown,0.7639375925064087,Unknown,0.2709505558013916,Unknown,0.37847843766212463,Unknown,0.5260568857192993,NA,NA,NA,NA,NA,NA,NA,NA,NA
x7451_458_39959_4_403,458.39959,4.403,17:0,7451,Unknown,NA,C30H51NO2,[M + H]+,C30H51NO2,Fatty acids,0.9912158250808716,Unknown,0.8094176650047302,Unknown,0.3029320240020752,Unknown,0.8031893372535706,NA,NA,NA,NA,NA,NA,NA,NA,NA
x8801_354_33714_4_738,354.33714,4.738,17:0,8801,Unknown,NA,C22H43NO2,[M + H]+,C22H43NO2,Fatty acids,0.8944385051727295,Unknown,0.7852526307106018,Unknown,0.576762318611145,Unknown,0.7976914644241333,NA,NA,NA,NA,NA,NA,NA,NA,NA
x7535_852_53535_4_445,852.53535,4.445,17:0,7535,Unknown,NA,C44H69N9O8,[M + H]+,C44H69N9O8,Amino acids and Peptides,0.9915158748626708,Oligopeptides,0.8848206996917725,Unknown,0.6840933561325073,Unknown,0.7861724495887756,NA,NA,NA,NA,NA,NA,NA,NA,NA
x21933_691_56673_10_392,691.56673,10.392,17:0,21933,Unknown,NA,C42H70N6O2,[M + H]+,C42H70N6O2,Unknown,0.7245989441871643,Unknown,0.22203250229358673,Unknown,0.23911474645137787,Unknown,0.7869459986686707,NA,NA,NA,NA,NA,NA,NA,NA,NA
x14605_635_50512_7_166,635.50512,7.166,17:0,14605,Unknown,NA,C34H68N4O5,[M + Na]+,C34H68N4O5,Unknown,0.32413750886917114,Unknown,0.07330126315355301,Unknown,0.06969479471445084,Unknown,0.8112687468528748,NA,NA,NA,NA,NA,NA,NA,NA,NA
x15028_635_50471_7_323,635.50471,7.323,17:0,15028,Unknown,NA,NA,NA,NA,Unknown,NA,Unknown,NA,Unknown,NA,Unknown,NA,NA,NA,NA,NA,NA,NA,NA,NA,NA
x10879_660_41008_5_589,660.41008,5.589,17:0,10879,Unknown,NA,C37H57NO9,[M + H]+,C37H57NO9,Unknown,0.7062928080558777,Unknown,0.35228756070137024,Unknown,0.4581518769264221,Unknown,0.5092167854309082,NA,NA,NA,NA,NA,NA,NA,NA,NA
x4101_382_36747_3_406,382.36747,3.406,17:0,4101,Unknown,NA,C24H47NO2,[M + H]+,C24H47NO2,Fatty acids,0.989903450012207,Fatty amides,0.8746904134750366,Unknown,0.522138237953186,N-acyl amines,0.9614543914794922,NA,NA,NA,NA,NA,NA,NA,NA,NA
x12428_626_41211_6_205,626.41211,6.205,17:0,12428,Unknown,NA,C34H57N3O6,[M + Na]+,C34H57N3O6,Unknown,0.6789460182189941,Unknown,0.6526169776916504,Unknown,0.4929787814617157,Unknown,0.6120792627334595,NA,NA,NA,NA,NA,NA,NA,NA,NA
x22473_691_5681_10_686,691.5681,10.686,17:0,22473,Unknown,NA,C35H74N6O7,[M + H]+,C35H74N6O7,Unknown,0.2675378620624542,Unknown,0.2686825692653656,Unknown,0.1354069709777832,Unknown,0.5808468461036682,NA,NA,NA,NA,NA,NA,NA,NA,NA
x5590_468_38576_3_799,468.38576,3.799,17:0,5590,Unknown,NA,C31H49NO2,[M + H]+,C31H49NO2,Terpenoids,0.9734041094779968,Unknown,0.7130728363990784,Unknown,0.2687760591506958,Unknown,0.5187395215034485,NA,NA,NA,NA,NA,NA,NA,NA,NA
x10929_644_41546_5_636,644.41546,5.636,17:0,10929,Unknown,NA,C37H57NO8,[M + H]+,C37H57NO8,Unknown,0.6701377034187317,Unknown,0.3282053470611572,Unknown,0.08405613899230957,Unknown,0.7293227314949036,NA,NA,NA,NA,NA,NA,NA,NA,NA
x9817_372_38384_5_193,372.38384,5.193,19:0,9817,Unknown,NA,C23H49NO2,[M + H]+,C23H49NO2,Fatty acids,0.998917818069458,Unknown,0.7848001718521118,Unknown,0.4307093024253845,N-acyl amines,0.8954482674598694,NA,NA,NA,NA,NA,NA,NA,NA,NA
x28209_620_56006_12_784,620.56006,12.784,19:0,28209,Unknown,NA,C39H73NO4,[M + H]+,C39H73NO4,Fatty acids,0.982925534248352,Glycerolipids,0.8859283328056335,Unknown,0.3708755671977997,Unknown,0.5071915984153748,NA,NA,NA,NA,NA,NA,NA,NA,NA
x37175_638_64468_15_089,638.64468,15.089,19:0,37175,Unknown,NA,C41H83NO3,[M + H]+,C41H83NO3,Fatty acids,0.9887414574623108,Unknown,0.8414044380187988,Unknown,0.7955030798912048,Unknown,0.7900850772857666,NA,NA,NA,NA,NA,NA,NA,NA,NA
x2601_401_34489_2_466,401.34489,2.466,19:0,2601,Unknown,NA,C24H48O2S,[M + H]+,C24H48O2S,Unknown,0.8114309310913086,Unknown,0.3569827079772949,Unknown,0.20602896809577945,Lipids and lipid-like molecules,0.8834866881370544,NA,NA,NA,NA,NA,NA,NA,NA,NA
x26229_618_54515_12_277,618.54515,12.277,19:0,26229,Unknown,NA,C39H71NO4,[M + H]+,C39H71NO4,Fatty acids,0.993515133857727,Glycerolipids,0.9206406474113464,Unknown,0.5473377704620361,Unknown,0.5115222930908203,NA,NA,NA,NA,NA,NA,NA,NA,NA
x27254_644_56106_12_538,644.56106,12.538,19:0,27254,Diacylglycerols,NA,C41H73NO4,[M + H]+,C41H73NO4,Fatty acids,0.9994750618934632,Glycerolipids,0.9982006549835204,Diacylglycerols,0.9939815402030944,Amino acids and derivatives,0.9199796319007874,NA,NA,NA,NA,NA,NA,NA,NA,NA
x13131_400_41481_6_499,400.41481,6.499,19:0,13131,Unknown,NA,C25H53NO2,[M + H]+,C25H53NO2,Fatty acids,0.9966692328453064,Unknown,0.6269502639770508,Unknown,0.25153055787086487,Unknown,0.6337081789970398,NA,NA,NA,NA,NA,NA,NA,NA,NA
x13151_568_53082_6_473,568.53082,6.473,19:0,13151,Unknown,NA,C35H69NO4,[M + H]+,C35H69NO4,Unknown,0.773150622844696,Unknown,0.5223913192749023,Unknown,0.5551047325134277,Unknown,0.5139557719230652,NA,NA,NA,NA,NA,NA,NA,NA,NA
x31622_704_61782_13_598,704.61782,13.598,19:0,31622,Diacylglycerols,DAG(22:4/19:0) [M+NH4]+,NA,NA,NA,Unknown,NA,Unknown,NA,Unknown,NA,Unknown,NA,NA,NA,NA,NA,NA,Glycerolipid,Diacylglycerols,Diacylglycerols,DAG(22:4/19:0) [M+NH4]+
x11459_386_39885_5_793,386.39885,5.793,19:0,11459,Unknown,NA,C24H51NO2,[M + H]+,C24H51NO2,Fatty acids,0.9989848732948304,Unknown,0.7739361524581909,Unknown,0.567651093006134,N-acyl amines,0.9348374009132384,NA,NA,NA,NA,NA,NA,NA,NA,NA
x3865_498_32032_3_262,498.32032,3.262,19:0,3865,Unknown,NA,C23H48NO8P,[M + H]+,C23H48NO8P,Fatty acids,0.9994296431541444,Glycerophospholipids,0.9999719858169556,Unknown,0.47019699215888977,Glycerophosphocholines,0.9495945572853088,NA,NA,NA,NA,NA,NA,NA,NA,NA
x3948_520_30233_3_296,520.30233,3.296,19:0,3948,Unknown,NA,C23H48NO8P,[M + Na]+,C23H48NO8P,Fatty acids,0.9986522793769836,Glycerophospholipids,0.999931812286377,Unknown,0.651740312576294,Unknown,0.5500329732894897,NA,NA,NA,NA,NA,NA,NA,NA,NA
x21379_564_4993_10_169,564.4993,10.169,19:0,21379,Unknown,NA,C35H65NO4,[M + H]+,C35H65NO4,Fatty acids,0.953337013721466,Unknown,0.4305099248886109,Unknown,0.28639575839042664,Unknown,0.8498712182044983,NA,NA,NA,NA,NA,NA,NA,NA,NA
x2869_414_29852_2_749,414.29852,2.749,19:0,2869,Unknown,NA,C24H41NO3,[M + Na]+,C24H41NO3,Fatty acids,0.8919660449028015,Unknown,0.23224061727523804,Unknown,0.07715635746717453,Unknown,0.7967069745063782,NA,NA,NA,NA,NA,NA,NA,NA,NA
x40408_878_8572_16_404,878.8572,16.404,19:0,40408,Unknown,NA,NA,NA,NA,Unknown,NA,Unknown,NA,Unknown,NA,Unknown,NA,NA,NA,NA,NA,NA,NA,NA,NA,NA
x8998_434_39937_4_917,434.39937,4.917,19:0,8998,Unknown,NA,NA,NA,NA,Unknown,NA,Unknown,NA,Unknown,NA,Unknown,NA,NA,NA,NA,NA,NA,NA,NA,NA,NA
x11686_462_43131_5_884,462.43131,5.884,19:0,11686,Unknown,NA,C30H55NO2,[M + H]+,C30H55NO2,Unknown,0.7508471012115479,Unknown,0.6895413994789124,Unknown,0.3643952012062073,Unknown,0.5002555847167969,NA,NA,NA,NA,NA,NA,NA,NA,NA
x30628_704_61815_13_367,704.61815,13.367,19:0,30628,Diacylglycerols,DAG(22:4/19:0) [M+NH4]+,NA,NA,NA,Unknown,NA,Unknown,NA,Unknown,NA,Unknown,NA,NA,NA,NA,NA,NA,Glycerolipid,Diacylglycerols,Diacylglycerols,DAG(22:4/19:0) [M+NH4]+
x13764_397_34635_6_743,397.34635,6.743,19:0,13764,Unknown,NA,C28H44O,[M + H]+,C28H44O,Terpenoids,0.9994994401931764,Steroids,0.9884117245674132,Unknown,0.5732749104499817,Unknown,0.7585284113883972,NA,NA,NA,NA,NA,NA,NA,NA,NA
x8202_484_41591_4_603,484.41591,4.603,19:0,8202,Unknown,NA,C32H53NO2,[M + H]+,C32H53NO2,Unknown,0.7650749087333679,Unknown,0.8009911179542542,Unknown,0.39199844002723694,Unknown,0.6999388933181763,NA,NA,NA,NA,NA,NA,NA,NA,NA
x29036_702_6024_12_99,702.6024,12.99,19:0,29036,Unknown,NA,NA,NA,NA,Unknown,NA,Unknown,NA,Unknown,NA,Unknown,NA,NA,NA,NA,NA,NA,NA,NA,NA,NA
x14549_663_53702_7_104,663.53702,7.104,19:0,14549,Unknown,NA,C36H74N2O6S,[M + H]+,C36H74N2O6S,Fatty acids,0.9771738052368164,Unknown,0.4899047017097473,Unknown,0.6976075172424316,N-acyl amines,0.8575357794761658,NA,NA,NA,NA,NA,NA,NA,NA,NA
x20616_731_60026_9_71,731.60026,9.71,19:0,20616,Unknown,NA,C41H84N2O4P2,[M + H]+,C41H84N2O4P2,Fatty acids,0.9994601607322692,Unknown,0.4478342533111572,Unknown,0.8206492066383362,N-acyl amines,0.9311670064926147,NA,NA,NA,NA,NA,NA,NA,NA,NA
x5072_434_36337_3_679,434.36337,3.679,19:0,5072,Unknown,NA,C27H47NO3,[M + H]+,C27H47NO3,Unknown,0.21356326341629028,Unknown,0.06007328256964683,Unknown,0.20146407186985016,Unknown,0.5012917518615723,NA,NA,NA,NA,NA,NA,NA,NA,NA
x5968_456_38482_3_914,456.38482,3.914,19:0,5968,Unknown,NA,C30H49NO2,[M + H]+,C30H49NO2,Terpenoids,0.9299365282058716,Unknown,0.8395252823829651,Unknown,0.8403705358505249,Unknown,0.7090803384780884,NA,NA,NA,NA,NA,NA,NA,NA,NA
x8925_650_43772_4_858,650.43772,4.858,19:0,8925,Unknown,NA,C33H64NO9P,[M + H]+,C33H64NO9P,Fatty acids,0.9998027682304382,Glycerophospholipids,0.9998877048492432,Unknown,0.3121766149997711,Unknown,0.8380038738250732,NA,NA,NA,NA,NA,NA,NA,NA,NA
x10172_448_41503_5_335,448.41503,5.335,19:0,10172,Unknown,NA,C29H53NO2,[M + H]+,C29H53NO2,Fatty acids,0.986244022846222,Fatty amides,0.870543897151947,Unknown,0.3481387197971344,N-acyl amines,0.9767451882362366,NA,NA,NA,NA,NA,NA,NA,NA,NA
x10527_386_39939_5_45,386.39939,5.45,19:0,10527,Unknown,NA,C24H51NO2,[M + H]+,C24H51NO2,Fatty acids,0.9994955062866212,Fatty amides,0.8773562908172607,Unknown,0.11060664802789688,N-acyl amines,0.912229299545288,NA,NA,NA,NA,NA,NA,NA,NA,NA
x6348_406_3685_4_054,406.3685,4.054,19:0,6348,Unknown,NA,C26H47NO2,[M + H]+,C26H47NO2,Fatty acids,0.9893688559532166,Fatty amides,0.8804796934127808,Unknown,0.7236568331718445,N-acyl amines,0.9827197790145874,NA,NA,NA,NA,NA,NA,NA,NA,NA
x3860_434_36279_3_271,434.36279,3.271,19:0,3860,Unknown,NA,C27H47NO3,[M + H]+,C27H47NO3,Unknown,0.4563293755054474,Unknown,0.11432252079248428,Unknown,0.17572787404060364,Unknown,0.7267157435417175,NA,NA,NA,NA,NA,NA,NA,NA,NA
x40872_819_55797_16_694,819.55797,16.694,19:0,40872,Unknown,NA,NA,NA,NA,Unknown,NA,Unknown,NA,Unknown,NA,Unknown,NA,NA,NA,NA,NA,NA,NA,NA,NA,NA
x7027_470_40051_4_269,470.40051,4.269,19:0,7027,Unknown,NA,C31H51NO2,[M + H]+,C31H51NO2,Unknown,0.6797220706939697,Unknown,0.803544819355011,Unknown,0.3688684105873108,Unknown,0.748701810836792,NA,NA,NA,NA,NA,NA,NA,NA,NA
x7986_488_4481_4_556,488.4481,4.556,19:0,7986,Unknown,NA,C32H57NO2,[M + H]+,C32H57NO2,Unknown,0.6574288606643677,Unknown,0.2708836793899536,Unknown,0.12026545405387878,Unknown,0.7837759256362915,NA,NA,NA,NA,NA,NA,NA,NA,NA
x18273_528_44218_8_54,528.44218,8.54,19:0,18273,Unknown,NA,C34H57NO3,[M + H]+,C34H57NO3,Terpenoids,0.9590421319007874,Unknown,0.5183107852935791,Unknown,0.8211405277252197,Unknown,0.8225286602973938,NA,NA,NA,NA,NA,NA,NA,NA,NA
x18828_691_5666_8_822,691.5666,8.822,19:0,18828,Unknown,NA,C42H70N6O2,[M + H]+,C42H70N6O2,Alkaloids,0.8636904358863831,Unknown,0.14474880695343018,Unknown,0.2288197726011276,Unknown,0.6723635792732239,NA,NA,NA,NA,NA,NA,NA,NA,NA
x6693_446_40154_4_111,446.40154,4.111,19:0,6693,Unknown,NA,C26H52FNO3,[M + H]+,C26H52FNO3,Unknown,0.4065517783164978,Steroids,0.9183545708656312,Unknown,0.05820522457361221,3-hydroxysteroids,0.9925717711448668,NA,NA,NA,NA,NA,NA,NA,NA,NA
x9814_398_39949_5_208,398.39949,5.208,19:0,9814,Unknown,NA,C25H51NO2,[M + H]+,C25H51NO2,Fatty acids,0.9942023158073424,Fatty amides,0.9158557057380676,Unknown,0.8183472156524658,N-acyl amines,0.9861278533935548,NA,NA,NA,NA,NA,NA,NA,NA,NA
x12939_412_41518_6_438,412.41518,6.438,19:0,12939,Unknown,NA,C26H53NO2,[M + H]+,C26H53NO2,Fatty acids,0.9909161925315856,Sphingolipids,0.875542163848877,Unknown,0.41084349155426025,"1,2-aminoalcohols",0.99766206741333,NA,NA,NA,NA,NA,NA,NA,NA,NA
x10372_460_415_5_458,460.415,5.458,19:0,10372,Unknown,NA,C30H53NO2,[M + H]+,C30H53NO2,Unknown,0.742409348487854,Unknown,0.8430219292640686,Unknown,0.05724567547440529,Unknown,0.5420757532119751,NA,NA,NA,NA,NA,NA,NA,NA,NA
x9130_398_36375_4_966,398.36375,4.966,19:0,9130,Unknown,NA,C24H47NO3,[M + H]+,C24H47NO3,Unknown,0.6162917017936707,Unknown,0.2802947759628296,Unknown,0.1894397139549255,Unknown,0.5247484445571899,NA,NA,NA,NA,NA,NA,NA,NA,NA
x10160_372_34775_5_33,372.34775,5.33,19:0,10160,Unknown,NA,NA,NA,NA,Unknown,NA,Unknown,NA,Unknown,NA,Unknown,NA,NA,NA,NA,NA,NA,NA,NA,NA,NA
x18190_522_45297_8_546,522.45297,8.546,19:0,18190,Unknown,NA,C32H59NO4,[M + H]+,C32H59NO4,Fatty acids,0.98199063539505,Unknown,0.7315708994865417,Unknown,0.3219882547855377,N-acyl amines,0.9662014245986938,NA,NA,NA,NA,NA,NA,NA,NA,NA
x22430_719_59431_10_632,719.59431,10.632,19:0,22430,Unknown,NA,C43H78N2O6,[M + H]+,C43H78N2O6,Unknown,0.723129153251648,Unknown,0.5456066131591797,Unknown,0.21589335799217224,Amino acids and derivatives,0.9250114560127258,NA,NA,NA,NA,NA,NA,NA,NA,NA
x7451_458_39959_4_403,458.39959,4.403,19:0,7451,Unknown,NA,C30H51NO2,[M + H]+,C30H51NO2,Fatty acids,0.9912158250808716,Unknown,0.8094176650047302,Unknown,0.3029320240020752,Unknown,0.8031893372535706,NA,NA,NA,NA,NA,NA,NA,NA,NA
x39783_970_8822_16_141,970.8822,16.141,19:0,39783,Triacylglycerols,NA,C62H115NO6,[M + H]+,C62H115NO6,Fatty acids,0.9990925788879396,Glycerolipids,0.9321880340576172,Triacylglycerols,0.9734089970588684,Unknown,0.6612756252288818,NA,NA,NA,NA,NA,NA,NA,NA,NA
x10620_658_50489_5_472,658.50489,5.472,19:0,10620,Unknown,NA,NA,NA,NA,Unknown,NA,Unknown,NA,Unknown,NA,Unknown,NA,NA,NA,NA,NA,NA,NA,NA,NA,NA
x22368_590_55107_10_646,590.55107,10.646,19:0,22368,Unknown,NA,C38H71NO3,[M + H]+,C38H71NO3,Fatty acids,0.9927571415901184,Unknown,0.6538589596748352,Unknown,0.6054794192314148,Unknown,0.5324939489364624,NA,NA,NA,NA,NA,NA,NA,NA,NA
x4101_382_36747_3_406,382.36747,3.406,19:0,4101,Unknown,NA,C24H47NO2,[M + H]+,C24H47NO2,Fatty acids,0.989903450012207,Fatty amides,0.8746904134750366,Unknown,0.522138237953186,N-acyl amines,0.9614543914794922,NA,NA,NA,NA,NA,NA,NA,NA,NA
x21803_719_59469_10_394,719.59469,10.394,19:0,21803,Unknown,NA,C43H78N2O6,[M + H]+,C43H78N2O6,Unknown,0.6642999053001404,Unknown,0.568367063999176,Unknown,0.2558235228061676,Amino acids and derivatives,0.909495174884796,NA,NA,NA,NA,NA,NA,NA,NA,NA
x22228_411_39882_10_587,411.39882,10.587,19:0,22228,Unknown,NA,C30H50,[M + H]+,C30H50,Terpenoids,0.9977941513061525,Unknown,0.6546504497528076,Unknown,0.24376316368579865,Steroids and steroid derivatives,0.8844007253646851,NA,NA,NA,NA,NA,NA,NA,NA,NA
x11069_436_41522_5_624,436.41522,5.624,19:0,11069,Unknown,NA,C28H53NO2,[M + H]+,C28H53NO2,Fatty acids,0.9754026532173156,Unknown,0.8314769268035889,Unknown,0.3183784484863281,N-acyl amines,0.9281699657440186,NA,NA,NA,NA,NA,NA,NA,NA,NA
x7934_711_65457_4_529,711.65457,4.529,19:0,7934,Unknown,NA,C43H87N2O3P,[M + H]+,C43H87N2O3P,Fatty acids,0.998790681362152,Sphingolipids,0.8675994277000427,Unknown,0.7792593240737915,Unknown,0.681916356086731,NA,NA,NA,NA,NA,NA,NA,NA,NA
x16603_386_3982_7_896,386.3982,7.896,19:0,16603,Unknown,NA,C24H51NO2,[M + H]+,C24H51NO2,Unknown,0.766549289226532,Unknown,0.5274891257286072,Unknown,0.22300386428833008,Unknown,0.7222161293029785,NA,NA,NA,NA,NA,NA,NA,NA,NA
x3482_380_35229_3_091,380.35229,3.091,19:1,3482,Unknown,NA,C24H45NO2,[M + H]+,C24H45NO2,Fatty acids,0.9966304898262024,Fatty amides,0.984490931034088,Unknown,0.6176527142524719,N-acyl amines,0.9628949761390686,NA,NA,NA,NA,NA,NA,NA,NA,NA
x2242_385_37878_2_244,385.37878,2.244,19:1,2242,Unknown,NA,C23H48N2O2,[M + H]+,C23H48N2O2,Fatty acids,0.9983721375465392,Fatty amides,0.9534682631492616,Unknown,0.5660297870635986,Unknown,0.8335984349250793,NA,NA,NA,NA,NA,NA,NA,NA,NA
x1441_398_32664_1_64,398.32664,1.64,19:1,1441,Unknown,NA,C23H43NO4,[M + H]+,C23H43NO4,Fatty acids,0.9314426779747008,Unknown,0.43580707907676697,Unknown,0.43685871362686157,N-acyl amines,0.9330575466156006,NA,NA,NA,NA,NA,NA,NA,NA,NA
x40599_934_88001_16_521,934.88001,16.521,19:1,40599,Triacylglycerols,NA,C59H115NO6,[M + H]+,C59H115NO6,Fatty acids,0.9969167709350586,Glycerolipids,0.9063903093338012,Triacylglycerols,0.995234191417694,Unknown,0.7851100564002991,NA,NA,NA,NA,NA,NA,NA,NA,NA
x31780_784_64511_13_63,784.64511,13.63,19:1,31780,Unknown,NA,C49H85NO6,[M + H]+,C49H85NO6,Fatty acids,0.998713493347168,Unknown,0.2606756389141083,Unknown,0.22227877378463745,N-acyl amines,0.975395917892456,NA,NA,NA,NA,NA,NA,NA,NA,NA
x14711_590_47836_7_175,590.47836,7.175,19:1,14711,Unknown,NA,NA,NA,NA,Unknown,NA,Unknown,NA,Unknown,NA,Unknown,NA,NA,NA,NA,NA,NA,NA,NA,NA,NA
x8998_434_39937_4_917,434.39937,4.917,19:1,8998,Unknown,NA,NA,NA,NA,Unknown,NA,Unknown,NA,Unknown,NA,Unknown,NA,NA,NA,NA,NA,NA,NA,NA,NA,NA
x22265_593_56163_10_6,593.56163,10.6,19:1,22265,Unknown,NA,C37H72N2O3,[M + H]+,C37H72N2O3,Unknown,0.7215560078620911,Unknown,0.3540593683719635,Unknown,0.26329582929611206,Unknown,0.6249622106552124,NA,NA,NA,NA,NA,NA,NA,NA,NA
x11686_462_43131_5_884,462.43131,5.884,19:1,11686,Unknown,NA,C30H55NO2,[M + H]+,C30H55NO2,Unknown,0.7508471012115479,Unknown,0.6895413994789124,Unknown,0.3643952012062073,Unknown,0.5002555847167969,NA,NA,NA,NA,NA,NA,NA,NA,NA
x16148_395_36792_7_735,395.36792,7.735,19:1,16148,Unknown,NA,C29H46,[M + H]+,C29H46,Terpenoids,0.9932588338851928,Unknown,0.5372259616851807,Unknown,0.17022335529327393,Unknown,0.8469418883323669,NA,NA,NA,NA,NA,NA,NA,NA,NA
x18990_532_41538_8_925,532.41538,8.925,19:1,18990,Unknown,NA,C36H53NO2,[M + H]+,C36H53NO2,Unknown,0.7455491423606873,Unknown,0.3070976138114929,Unknown,0.2393108457326889,Unknown,0.802570641040802,NA,NA,NA,NA,NA,NA,NA,NA,NA
x8202_484_41591_4_603,484.41591,4.603,19:1,8202,Unknown,NA,C32H53NO2,[M + H]+,C32H53NO2,Unknown,0.7650749087333679,Unknown,0.8009911179542542,Unknown,0.39199844002723694,Unknown,0.6999388933181763,NA,NA,NA,NA,NA,NA,NA,NA,NA
x20616_731_60026_9_71,731.60026,9.71,19:1,20616,Unknown,NA,C41H84N2O4P2,[M + H]+,C41H84N2O4P2,Fatty acids,0.9994601607322692,Unknown,0.4478342533111572,Unknown,0.8206492066383362,N-acyl amines,0.9311670064926147,NA,NA,NA,NA,NA,NA,NA,NA,NA
x5072_434_36337_3_679,434.36337,3.679,19:1,5072,Unknown,NA,C27H47NO3,[M + H]+,C27H47NO3,Unknown,0.21356326341629028,Unknown,0.06007328256964683,Unknown,0.20146407186985016,Unknown,0.5012917518615723,NA,NA,NA,NA,NA,NA,NA,NA,NA
x5968_456_38482_3_914,456.38482,3.914,19:1,5968,Unknown,NA,C30H49NO2,[M + H]+,C30H49NO2,Terpenoids,0.9299365282058716,Unknown,0.8395252823829651,Unknown,0.8403705358505249,Unknown,0.7090803384780884,NA,NA,NA,NA,NA,NA,NA,NA,NA
x18104_700_52795_8_52,700.52795,8.52,19:1,18104,Unknown,NA,C41H69N3O6,[M + H]+,C41H69N3O6,Amino acids and Peptides,0.8730369806289673,Unknown,0.5676224827766418,Unknown,0.7461371421813965,Alpha amino acids and derivatives,0.8817399740219116,NA,NA,NA,NA,NA,NA,NA,NA,NA
x36318_393_31522_14_782,393.31522,14.782,19:1,36318,Unknown,NA,C28H40O,[M + H]+,C28H40O,Terpenoids,0.9940922856330872,Unknown,0.4031894505023956,Unknown,0.15480291843414307,Unknown,0.7644304037094116,NA,NA,NA,NA,NA,NA,NA,NA,NA
x10172_448_41503_5_335,448.41503,5.335,19:1,10172,Unknown,NA,C29H53NO2,[M + H]+,C29H53NO2,Fatty acids,0.986244022846222,Fatty amides,0.870543897151947,Unknown,0.3481387197971344,N-acyl amines,0.9767451882362366,NA,NA,NA,NA,NA,NA,NA,NA,NA
x32347_536_43992_13_77,536.43992,13.77,19:1,32347,Unknown,NA,C36H58NP,[M + H]+,C36H58NP,Terpenoids,0.9653856158256532,Unknown,0.22099043428897855,Unknown,0.06184501945972442,Lipids and lipid-like molecules,0.986665666103363,NA,NA,NA,NA,NA,NA,NA,NA,NA
x20143_488_44648_9_486,488.44648,9.486,19:1,20143,Unknown,NA,C32H57NO2,[M + H]+,C32H57NO2,Unknown,0.7824307680130005,Unknown,0.5593370199203491,Unknown,0.14052170515060425,N-acyl amines,0.9409860968589784,NA,NA,NA,NA,NA,NA,NA,NA,NA
x6348_406_3685_4_054,406.3685,4.054,19:1,6348,Unknown,NA,C26H47NO2,[M + H]+,C26H47NO2,Fatty acids,0.9893688559532166,Fatty amides,0.8804796934127808,Unknown,0.7236568331718445,N-acyl amines,0.9827197790145874,NA,NA,NA,NA,NA,NA,NA,NA,NA
x18004_618_51031_8_497,618.51031,8.497,19:1,18004,Unknown,NA,NA,NA,NA,Unknown,NA,Unknown,NA,Unknown,NA,Unknown,NA,NA,NA,NA,NA,NA,NA,NA,NA,NA
x21020_514_46226_9_961,514.46226,9.961,19:1,21020,Unknown,NA,C34H59NO2,[M + H]+,C34H59NO2,Unknown,0.7575331926345825,Unknown,0.6279234886169434,Unknown,0.523546576499939,N-acyl amines,0.994078516960144,NA,NA,NA,NA,NA,NA,NA,NA,NA
x7027_470_40051_4_269,470.40051,4.269,19:1,7027,Unknown,NA,C31H51NO2,[M + H]+,C31H51NO2,Unknown,0.6797220706939697,Unknown,0.803544819355011,Unknown,0.3688684105873108,Unknown,0.748701810836792,NA,NA,NA,NA,NA,NA,NA,NA,NA
x5357_516_44249_3_728,516.44249,3.728,19:1,5357,Unknown,NA,C33H57NO3,[M + H]+,C33H57NO3,Unknown,0.6752266883850098,Unknown,0.10124801844358444,Unknown,0.14322830736637115,N-acyl amines,0.8625521063804626,NA,NA,NA,NA,NA,NA,NA,NA,NA
x7986_488_4481_4_556,488.4481,4.556,19:1,7986,Unknown,NA,C32H57NO2,[M + H]+,C32H57NO2,Unknown,0.6574288606643677,Unknown,0.2708836793899536,Unknown,0.12026545405387878,Unknown,0.7837759256362915,NA,NA,NA,NA,NA,NA,NA,NA,NA
x7698_407_36701_4_428,407.36701,4.428,19:1,7698,Unknown,NA,C30H46,[M + H]+,C30H46,Terpenoids,0.9962169528007508,Unknown,0.6956942081451416,Unknown,0.11508136242628098,Unknown,0.5541766285896301,NA,NA,NA,NA,NA,NA,NA,NA,NA
x4000_380_35116_3_365,380.35116,3.365,19:1,4000,Unknown,NA,C24H45NO2,[M + H]+,C24H45NO2,Fatty acids,0.9946178793907166,Fatty amides,0.9793370962142944,Unknown,0.5797592401504517,N-acyl amines,0.9463707804679872,NA,NA,NA,NA,NA,NA,NA,NA,NA
x13813_705_54547_6_805,705.54547,6.805,19:1,13813,Unknown,NA,C38H76N2O7S,[M + H]+,C38H76N2O7S,Fatty acids,0.9421596527099608,Unknown,0.5414198637008667,Unknown,0.6883113980293274,N-acyl amines,0.9769807457923888,NA,NA,NA,NA,NA,NA,NA,NA,NA
x6693_446_40154_4_111,446.40154,4.111,19:1,6693,Unknown,NA,C26H52FNO3,[M + H]+,C26H52FNO3,Unknown,0.4065517783164978,Steroids,0.9183545708656312,Unknown,0.05820522457361221,3-hydroxysteroids,0.9925717711448668,NA,NA,NA,NA,NA,NA,NA,NA,NA
x3648_560_39515_3_162,560.39515,3.162,19:1,3648,Unknown,NA,C33H53NO6,[M + H]+,C33H53NO6,Unknown,0.5582515597343445,Unknown,0.19008812308311465,Unknown,0.4141358435153961,N-acyl amines,0.8617702722549438,NA,NA,NA,NA,NA,NA,NA,NA,NA
x9203_408_34827_4_96,408.34827,4.96,19:1,9203,Unknown,NA,C25H45NO3,[M + H]+,C25H45NO3,Unknown,0.8489740490913391,Unknown,0.4701415002346039,Unknown,0.21581459045410156,Unknown,0.5772174596786499,NA,NA,NA,NA,NA,NA,NA,NA,NA
x41685_1133_96031_17_473,1133.96031,17.473,19:1,41685,Unknown,NA,NA,NA,NA,Unknown,NA,Unknown,NA,Unknown,NA,Unknown,NA,NA,NA,NA,NA,NA,NA,NA,NA,NA
x10372_460_415_5_458,460.415,5.458,19:1,10372,Unknown,NA,C30H53NO2,[M + H]+,C30H53NO2,Unknown,0.742409348487854,Unknown,0.8430219292640686,Unknown,0.05724567547440529,Unknown,0.5420757532119751,NA,NA,NA,NA,NA,NA,NA,NA,NA
x29331_652_58616_13_138,652.58616,13.138,19:1,29331,Unknown,NA,NA,NA,NA,Unknown,NA,Unknown,NA,Unknown,NA,Unknown,NA,NA,NA,NA,NA,NA,NA,NA,NA,NA
x32917_653_62027_13_876,653.62027,13.876,19:1,32917,Unknown,NA,C40H80N2O4,[M + H]+,C40H80N2O4,Fatty acids,0.93351811170578,Unknown,0.7969306707382202,Unknown,0.8404791355133057,Unknown,0.51339191198349,NA,NA,NA,NA,NA,NA,NA,NA,NA
x7451_458_39959_4_403,458.39959,4.403,19:1,7451,Unknown,NA,C30H51NO2,[M + H]+,C30H51NO2,Fatty acids,0.9912158250808716,Unknown,0.8094176650047302,Unknown,0.3029320240020752,Unknown,0.8031893372535706,NA,NA,NA,NA,NA,NA,NA,NA,NA
x11105_647_50539_5_642,647.50539,5.642,19:1,11105,Unknown,NA,C43H66O4,[M + H]+,C43H66O4,Unknown,0.6654065847396851,Unknown,0.16141144931316376,Unknown,0.10175472497940063,Unknown,0.7935517430305481,NA,NA,NA,NA,NA,NA,NA,NA,NA
x7797_444_38432_4_481,444.38432,4.481,19:1,7797,Unknown,NA,C29H49NO2,[M + H]+,C29H49NO2,Unknown,0.6100072264671326,Unknown,0.390719473361969,Unknown,0.24817177653312683,Lipids and lipid-like molecules,0.9117543697357178,NA,NA,NA,NA,NA,NA,NA,NA,NA
x503_466_30646_1_086,466.30646,1.086,19:1,503,Unknown,NA,C28H39N3O3,[M + H]+,C28H39N3O3,Alkaloids,0.8950371146202087,Unknown,0.3668474853038788,Unknown,0.1640854924917221,Anisoles,0.9667400121688844,NA,NA,NA,NA,NA,NA,NA,NA,NA
x18041_498_45259_8_482,498.45259,8.482,19:1,18041,Unknown,NA,C30H59NO4,[M + H]+,C30H59NO4,Unknown,0.8418139815330505,Unknown,0.8246924877166748,Unknown,0.1711464822292328,N-acyl amines,0.8554839491844177,NA,NA,NA,NA,NA,NA,NA,NA,NA
x4101_382_36747_3_406,382.36747,3.406,19:1,4101,Unknown,NA,C24H47NO2,[M + H]+,C24H47NO2,Fatty acids,0.989903450012207,Fatty amides,0.8746904134750366,Unknown,0.522138237953186,N-acyl amines,0.9614543914794922,NA,NA,NA,NA,NA,NA,NA,NA,NA
x24833_395_36741_11_878,395.36741,11.878,19:1,24833,Unknown,NA,C29H46,[M + H]+,C29H46,Terpenoids,0.9971696734428406,Unknown,0.7094481587409973,Unknown,0.44306275248527527,Prenol lipids,0.9057438969612122,NA,NA,NA,NA,NA,NA,NA,NA,NA
x12320_661_52107_6_138,661.52107,6.138,19:1,12320,Unknown,NA,C36H72N2O6S,[M + H]+,C36H72N2O6S,Fatty acids,0.8766778111457825,Unknown,0.6706445217132568,Unknown,0.8039237856864929,Unknown,0.8184603452682495,NA,NA,NA,NA,NA,NA,NA,NA,NA
x5590_468_38576_3_799,468.38576,3.799,19:1,5590,Unknown,NA,C31H49NO2,[M + H]+,C31H49NO2,Terpenoids,0.9734041094779968,Unknown,0.7130728363990784,Unknown,0.2687760591506958,Unknown,0.5187395215034485,NA,NA,NA,NA,NA,NA,NA,NA,NA
x6565_482_40226_4_047,482.40226,4.047,19:1,6565,Unknown,NA,C27H47BN6O,[M + H]+,C27H47BN6O,Unknown,0.1848900318145752,Unknown,0.05720435082912445,Unknown,0.17473292350769043,Unknown,0.6611492037773132,NA,NA,NA,NA,NA,NA,NA,NA,NA
x3482_380_35229_3_091,380.35229,3.091,19:2,3482,Unknown,NA,C24H45NO2,[M + H]+,C24H45NO2,Fatty acids,0.9966304898262024,Fatty amides,0.984490931034088,Unknown,0.6176527142524719,N-acyl amines,0.9628949761390686,NA,NA,NA,NA,NA,NA,NA,NA,NA
x12395_452_35157_6_187,452.35157,6.187,19:2,12395,Unknown,NA,C30H45NO2,[M + H]+,C30H45NO2,Unknown,0.5603600740432739,Unknown,0.34130504727363586,Unknown,0.4211167097091675,Unknown,0.7442737817764282,NA,NA,NA,NA,NA,NA,NA,NA,NA
x17140_393_35151_8_178,393.35151,8.178,19:2,17140,Unknown,NA,C29H44,[M + H]+,C29H44,Terpenoids,0.9981220364570618,Unknown,0.4856540858745575,Unknown,0.20633862912654877,Steroids and steroid derivatives,0.8724988698959351,NA,NA,NA,NA,NA,NA,NA,NA,NA
x16564_470_36389_7_936,470.36389,7.936,19:2,16564,Unknown,NA,C30H47NO3,[M + H]+,C30H47NO3,Terpenoids,0.9990718364715576,Steroids,0.998789131641388,Unknown,0.7873362302780151,Glycinated bile acids and derivatives,0.9980748891830444,NA,NA,NA,NA,NA,NA,NA,NA,NA
x12485_500_35304_6_224,500.35304,6.224,19:2,12485,Unknown,NA,C34H45NO2,[M + H]+,C34H45NO2,Unknown,0.4204660952091217,Unknown,0.23764123022556305,Unknown,0.25992581248283386,Unknown,0.6736465096473694,NA,NA,NA,NA,NA,NA,NA,NA,NA
x1395_382_29498_1_599,382.29498,1.599,19:2,1395,Unknown,NA,C22H39NO4,[M + H]+,C22H39NO4,Fatty acids,0.9937439560890198,Unknown,0.647555410861969,Unknown,0.17632482945919037,Unknown,0.6625351905822754,NA,NA,NA,NA,NA,NA,NA,NA,NA
x8998_434_39937_4_917,434.39937,4.917,19:2,8998,Unknown,NA,NA,NA,NA,Unknown,NA,Unknown,NA,Unknown,NA,Unknown,NA,NA,NA,NA,NA,NA,NA,NA,NA,NA
x33586_765_59945_14_042,765.59945,14.042,19:2,33586,Unknown,NA,C34H68B5N9O7,[M + H]+,C34H68B5N9O7,Unknown,0.4343116581439972,Unknown,0.3420901596546173,Unknown,0.07536911219358444,Unknown,0.5111839771270752,NA,NA,NA,NA,NA,NA,NA,NA,NA
x18990_532_41538_8_925,532.41538,8.925,19:2,18990,Unknown,NA,C36H53NO2,[M + H]+,C36H53NO2,Unknown,0.7455491423606873,Unknown,0.3070976138114929,Unknown,0.2393108457326889,Unknown,0.802570641040802,NA,NA,NA,NA,NA,NA,NA,NA,NA
x8202_484_41591_4_603,484.41591,4.603,19:2,8202,Unknown,NA,C32H53NO2,[M + H]+,C32H53NO2,Unknown,0.7650749087333679,Unknown,0.8009911179542542,Unknown,0.39199844002723694,Unknown,0.6999388933181763,NA,NA,NA,NA,NA,NA,NA,NA,NA
x5968_456_38482_3_914,456.38482,3.914,19:2,5968,Unknown,NA,C30H49NO2,[M + H]+,C30H49NO2,Terpenoids,0.9299365282058716,Unknown,0.8395252823829651,Unknown,0.8403705358505249,Unknown,0.7090803384780884,NA,NA,NA,NA,NA,NA,NA,NA,NA
x15580_504_38402_7_5,504.38402,7.5,19:2,15580,Unknown,NA,C27H47BN6O,[M + Na]+,C27H47BN6O,Unknown,0.14403069019317627,Unknown,0.12174684554338457,Unknown,0.13705885410308838,Unknown,0.6893565654754639,NA,NA,NA,NA,NA,NA,NA,NA,NA
x7155_462_3946_4_302,462.3946,4.302,19:2,7155,Unknown,NA,C29H51NO3,[M + H]+,C29H51NO3,Unknown,0.7705851197242737,Steroids,0.8706933259963989,Unknown,0.8012276887893677,Unknown,0.5739011168479919,NA,NA,NA,NA,NA,NA,NA,NA,NA
x6348_406_3685_4_054,406.3685,4.054,19:2,6348,Unknown,NA,C26H47NO2,[M + H]+,C26H47NO2,Fatty acids,0.9893688559532166,Fatty amides,0.8804796934127808,Unknown,0.7236568331718445,N-acyl amines,0.9827197790145874,NA,NA,NA,NA,NA,NA,NA,NA,NA
x11083_646_50263_5_642,646.50263,5.642,19:2,11083,Unknown,NA,NA,NA,NA,Unknown,NA,Unknown,NA,Unknown,NA,Unknown,NA,NA,NA,NA,NA,NA,NA,NA,NA,NA
x17599_506_39886_8_359,506.39886,8.359,19:2,17599,Unknown,NA,C32H53NO2,[M + Na]+,C32H53NO2,Terpenoids,0.9578171968460084,Unknown,0.7580767273902893,Unknown,0.44944804906845093,Unknown,0.6217206120491028,NA,NA,NA,NA,NA,NA,NA,NA,NA
x7027_470_40051_4_269,470.40051,4.269,19:2,7027,Unknown,NA,C31H51NO2,[M + H]+,C31H51NO2,Unknown,0.6797220706939697,Unknown,0.803544819355011,Unknown,0.3688684105873108,Unknown,0.748701810836792,NA,NA,NA,NA,NA,NA,NA,NA,NA
x7301_378_33721_4_362,378.33721,4.362,19:2,7301,Unknown,NA,C24H43NO2,[M + H]+,C24H43NO2,Fatty acids,0.9229674339294434,Unknown,0.23623913526535031,Unknown,0.5573474764823914,Unknown,0.6281902194023132,NA,NA,NA,NA,NA,NA,NA,NA,NA
x7986_488_4481_4_556,488.4481,4.556,19:2,7986,Unknown,NA,C32H57NO2,[M + H]+,C32H57NO2,Unknown,0.6574288606643677,Unknown,0.2708836793899536,Unknown,0.12026545405387878,Unknown,0.7837759256362915,NA,NA,NA,NA,NA,NA,NA,NA,NA
x7698_407_36701_4_428,407.36701,4.428,19:2,7698,Unknown,NA,C30H46,[M + H]+,C30H46,Terpenoids,0.9962169528007508,Unknown,0.6956942081451416,Unknown,0.11508136242628098,Unknown,0.5541766285896301,NA,NA,NA,NA,NA,NA,NA,NA,NA
x4000_380_35116_3_365,380.35116,3.365,19:2,4000,Unknown,NA,C24H45NO2,[M + H]+,C24H45NO2,Fatty acids,0.9946178793907166,Fatty amides,0.9793370962142944,Unknown,0.5797592401504517,N-acyl amines,0.9463707804679872,NA,NA,NA,NA,NA,NA,NA,NA,NA
x12444_588_46187_6_238,588.46187,6.238,19:2,12444,Unknown,NA,NA,NA,NA,Unknown,NA,Unknown,NA,Unknown,NA,Unknown,NA,NA,NA,NA,NA,NA,NA,NA,NA,NA
x6693_446_40154_4_111,446.40154,4.111,19:2,6693,Unknown,NA,C26H52FNO3,[M + H]+,C26H52FNO3,Unknown,0.4065517783164978,Steroids,0.9183545708656312,Unknown,0.05820522457361221,3-hydroxysteroids,0.9925717711448668,NA,NA,NA,NA,NA,NA,NA,NA,NA
x10372_460_415_5_458,460.415,5.458,19:2,10372,Unknown,NA,C30H53NO2,[M + H]+,C30H53NO2,Unknown,0.742409348487854,Unknown,0.8430219292640686,Unknown,0.05724567547440529,Unknown,0.5420757532119751,NA,NA,NA,NA,NA,NA,NA,NA,NA
x31017_945_61136_13_463,945.61136,13.463,19:2,31017,Unknown,NA,NA,NA,NA,Unknown,NA,Unknown,NA,Unknown,NA,Unknown,NA,NA,NA,NA,NA,NA,NA,NA,NA,NA
x35395_801_67958_14_533,801.67958,14.533,19:2,35395,Unknown,NA,C46H90N4O5,[M + Na]+,C46H90N4O5,Amino acids and Peptides,0.921267867088318,Oligopeptides,0.8984497785568237,Unknown,0.8053706884384155,Unknown,0.7393903136253357,NA,NA,NA,NA,NA,NA,NA,NA,NA
x16034_504_38473_7_657,504.38473,7.657,19:2,16034,Unknown,NA,C34H49NO2,[M + H]+,C34H49NO2,Unknown,0.5831829309463501,Unknown,0.3939848244190216,Unknown,0.13076353073120117,Unknown,0.7032252550125122,NA,NA,NA,NA,NA,NA,NA,NA,NA
x7451_458_39959_4_403,458.39959,4.403,19:2,7451,Unknown,NA,C30H51NO2,[M + H]+,C30H51NO2,Fatty acids,0.9912158250808716,Unknown,0.8094176650047302,Unknown,0.3029320240020752,Unknown,0.8031893372535706,NA,NA,NA,NA,NA,NA,NA,NA,NA
x7797_444_38432_4_481,444.38432,4.481,19:2,7797,Unknown,NA,C29H49NO2,[M + H]+,C29H49NO2,Unknown,0.6100072264671326,Unknown,0.390719473361969,Unknown,0.24817177653312683,Lipids and lipid-like molecules,0.9117543697357178,NA,NA,NA,NA,NA,NA,NA,NA,NA
x3659_462_39297_3_166,462.39297,3.166,19:2,3659,Unknown,NA,C27H53NO3,[M + Na]+,C27H53NO3,Unknown,0.5710114240646362,Unknown,0.3737805187702179,Unknown,0.5888448357582092,"Hydroxy bile acids, alcohols and derivatives",0.9268677234649658,NA,NA,NA,NA,NA,NA,NA,NA,NA
x4101_382_36747_3_406,382.36747,3.406,19:2,4101,Unknown,NA,C24H47NO2,[M + H]+,C24H47NO2,Fatty acids,0.989903450012207,Fatty amides,0.8746904134750366,Unknown,0.522138237953186,N-acyl amines,0.9614543914794922,NA,NA,NA,NA,NA,NA,NA,NA,NA
x5590_468_38576_3_799,468.38576,3.799,19:2,5590,Unknown,NA,C31H49NO2,[M + H]+,C31H49NO2,Terpenoids,0.9734041094779968,Unknown,0.7130728363990784,Unknown,0.2687760591506958,Unknown,0.5187395215034485,NA,NA,NA,NA,NA,NA,NA,NA,NA
x6565_482_40226_4_047,482.40226,4.047,19:2,6565,Unknown,NA,C27H47BN6O,[M + H]+,C27H47BN6O,Unknown,0.1848900318145752,Unknown,0.05720435082912445,Unknown,0.17473292350769043,Unknown,0.6611492037773132,NA,NA,NA,NA,NA,NA,NA,NA,NA
x32113_570_52527_13_704,570.52527,13.704,21:0,32113,Unknown,NA,C38H67NO2,[M + H]+,C38H67NO2,Fatty acids,0.9995322227478028,Unknown,0.7489752769470215,Unknown,0.5283122062683105,N-acyl amines,0.9710182547569276,NA,NA,NA,NA,NA,NA,NA,NA,NA
x20147_516_47843_9_503,516.47843,9.503,21:0,20147,Unknown,NA,C34H61NO2,[M + H]+,C34H61NO2,Fatty acids,0.9490548968315125,Unknown,0.5936523675918579,Unknown,0.6532688140869141,Unknown,0.5931985974311829,NA,NA,NA,NA,NA,NA,NA,NA,NA
x13131_400_41481_6_499,400.41481,6.499,21:0,13131,Unknown,NA,C25H53NO2,[M + H]+,C25H53NO2,Fatty acids,0.9966692328453064,Unknown,0.6269502639770508,Unknown,0.25153055787086487,Unknown,0.6337081789970398,NA,NA,NA,NA,NA,NA,NA,NA,NA
x6338_452_34959_4_038,452.34959,4.038,21:0,6338,Unknown,NA,C23H50NO5P,[M + H]+,C23H50NO5P,Fatty acids,0.9913528561592102,Unknown,0.6281200051307678,Unknown,0.3395922780036926,Unknown,0.820006251335144,NA,NA,NA,NA,NA,NA,NA,NA,NA
x2886_442_32912_2_758,442.32912,2.758,21:0,2886,Unknown,NA,C26H45NO3,[M + Na]+,C26H45NO3,Unknown,0.8200985789299011,Unknown,0.12779313325881958,Unknown,0.14015266299247742,Unknown,0.5553945899009705,NA,NA,NA,NA,NA,NA,NA,NA,NA
x16239_699_54734_7_789,699.54734,7.789,21:0,16239,Unknown,NA,C46H70N2O3,[M + H]+,C46H70N2O3,Fatty acids,0.9940593242645264,Unknown,0.7414002418518066,Unknown,0.6881593465805054,Unknown,0.674574077129364,NA,NA,NA,NA,NA,NA,NA,NA,NA
x11927_492_44145_6_006,492.44145,6.006,21:0,11927,Unknown,NA,C31H57NO3,[M + H]+,C31H57NO3,Unknown,0.8201651573181152,Unknown,0.4547601640224457,Unknown,0.1451779305934906,Unknown,0.6556253433227539,NA,NA,NA,NA,NA,NA,NA,NA,NA
x24637_412_41482_11_807,412.41482,11.807,21:0,24637,Unknown,NA,C26H53NO2,[M + H]+,C26H53NO2,Unknown,0.4660160839557648,Unknown,0.51640784740448,Unknown,0.04372349008917808,Unknown,0.5158915519714355,NA,NA,NA,NA,NA,NA,NA,NA,NA
x26256_646_5775_12_286,646.5775,12.286,21:0,26256,Unknown,NA,C41H75NO4,[M + H]+,C41H75NO4,Unknown,0.6405116319656372,Unknown,0.1752351075410843,Unknown,0.1920134425163269,N-acyl amines,0.944769322872162,NA,NA,NA,NA,NA,NA,NA,NA,NA
x21927_530_49385_10_401,530.49385,10.401,21:0,21927,Unknown,NA,C35H63NO2,[M + H]+,C35H63NO2,Fatty acids,0.9252058267593384,Unknown,0.30204805731773376,Unknown,0.5777391195297241,N-acyl amines,0.9545540809631348,NA,NA,NA,NA,NA,NA,NA,NA,NA
x6056_442_38843_3_926,442.38843,3.926,21:0,6056,Unknown,NA,C26H51NO4,[M + H]+,C26H51NO4,Fatty acids,0.95255446434021,Fatty esters,0.8513317704200745,Unknown,0.1444406360387802,Unknown,0.6695493459701538,NA,NA,NA,NA,NA,NA,NA,NA,NA
x8998_434_39937_4_917,434.39937,4.917,21:0,8998,Unknown,NA,NA,NA,NA,Unknown,NA,Unknown,NA,Unknown,NA,Unknown,NA,NA,NA,NA,NA,NA,NA,NA,NA,NA
x3461_423_39285_3_059,423.39285,3.059,21:0,3461,Unknown,NA,C26H50N2O2,[M + H]+,C26H50N2O2,Unknown,0.5651147961616516,Unknown,0.7556273341178894,Unknown,0.5859965682029724,Unknown,0.7398505806922913,NA,NA,NA,NA,NA,NA,NA,NA,NA
x3293_456_34417_3_015,456.34417,3.015,21:0,3293,Unknown,NA,C27H47NO3,[M + Na]+,C27H47NO3,Unknown,0.6119863986968994,Unknown,0.1780901402235031,Unknown,0.13040359318256378,Unknown,0.666388750076294,NA,NA,NA,NA,NA,NA,NA,NA,NA
x11686_462_43131_5_884,462.43131,5.884,21:0,11686,Unknown,NA,C30H55NO2,[M + H]+,C30H55NO2,Unknown,0.7508471012115479,Unknown,0.6895413994789124,Unknown,0.3643952012062073,Unknown,0.5002555847167969,NA,NA,NA,NA,NA,NA,NA,NA,NA
x13960_414_4306_6_84,414.4306,6.84,21:0,13960,Unknown,NA,C26H55NO2,[M + H]+,C26H55NO2,Fatty acids,0.9993135929107666,Sphingolipids,0.9896745085716248,Unknown,0.4394039511680603,"1,2-aminoalcohols",0.997880220413208,NA,NA,NA,NA,NA,NA,NA,NA,NA
x25287_486_43167_11_994,486.43167,11.994,21:0,25287,Unknown,NA,C32H55NO2,[M + H]+,C32H55NO2,Unknown,0.8357782959938049,Unknown,0.7259454131126404,Unknown,0.18366357684135437,Unknown,0.5927799344062805,NA,NA,NA,NA,NA,NA,NA,NA,NA
x22434_398_39909_10_69,398.39909,10.69,21:0,22434,Unknown,NA,C25H51NO2,[M + H]+,C25H51NO2,Unknown,0.7556813359260559,Unknown,0.3774388134479522,Unknown,0.08054829388856888,Unknown,0.7081923484802246,NA,NA,NA,NA,NA,NA,NA,NA,NA
x23312_584_50568_11_252,584.50568,11.252,21:0,23312,Unknown,NA,C38H65NO3,[M + H]+,C38H65NO3,Fatty acids,0.9311953186988832,Unknown,0.31330472230911255,Unknown,0.2387760579586029,Unknown,0.5563653111457825,NA,NA,NA,NA,NA,NA,NA,NA,NA
x5629_442_32917_3_792,442.32917,3.792,21:0,5629,Unknown,NA,C26H45NO3,[M + Na]+,C26H45NO3,Fatty acids,0.9833385944366456,Unknown,0.7420340776443481,Unknown,0.16002792119979858,Unknown,0.5733180642127991,NA,NA,NA,NA,NA,NA,NA,NA,NA
x8202_484_41591_4_603,484.41591,4.603,21:0,8202,Unknown,NA,C32H53NO2,[M + H]+,C32H53NO2,Unknown,0.7650749087333679,Unknown,0.8009911179542542,Unknown,0.39199844002723694,Unknown,0.6999388933181763,NA,NA,NA,NA,NA,NA,NA,NA,NA
x27642_1072_75878_12_636,1072.75878,12.636,21:0,27642,Unknown,NA,C57H105N3O15,[M + H]+,C57H105N3O15,Polyketides,0.9768298268318176,Unknown,0.7845886945724487,Unknown,0.8278250694274902,N-acyl amines,0.947636067867279,NA,NA,NA,NA,NA,NA,NA,NA,NA
x16567_596_56266_7_953,596.56266,7.953,21:0,16567,Unknown,NA,C37H73NO4,[M + H]+,C37H73NO4,Fatty acids,0.9387441277503968,Unknown,0.4938644766807556,Unknown,0.5959289073944092,Unknown,0.648615300655365,NA,NA,NA,NA,NA,NA,NA,NA,NA
x5856_451_4262_3_882,451.4262,3.882,21:0,5856,Unknown,NA,C28H54N2O2,[M + H]+,C28H54N2O2,Unknown,0.2646920084953308,Unknown,0.4716683328151703,Unknown,0.6744778156280518,Unknown,0.6537513732910156,NA,NA,NA,NA,NA,NA,NA,NA,NA
x10172_448_41503_5_335,448.41503,5.335,21:0,10172,Unknown,NA,C29H53NO2,[M + H]+,C29H53NO2,Fatty acids,0.986244022846222,Fatty amides,0.870543897151947,Unknown,0.3481387197971344,N-acyl amines,0.9767451882362366,NA,NA,NA,NA,NA,NA,NA,NA,NA
x13317_562_51999_6_583,562.51999,6.583,21:0,13317,Unknown,NA,C36H67NO3,[M + H]+,C36H67NO3,Unknown,0.35784199833869934,Unknown,0.20321261882781985,Unknown,0.19698716700077057,Unknown,0.6278479695320129,NA,NA,NA,NA,NA,NA,NA,NA,NA
x14989_414_42971_7_291,414.42971,7.291,21:0,14989,Unknown,NA,C26H55NO2,[M + H]+,C26H55NO2,Fatty acids,0.985901951789856,Unknown,0.6846576929092407,Unknown,0.27175748348236084,Unknown,0.8342915773391724,NA,NA,NA,NA,NA,NA,NA,NA,NA
x31450_697_68112_13_554,697.68112,13.554,21:0,31450,Unknown,NA,C43H88N2O4,[M + H]+,C43H88N2O4,Fatty acids,0.9747341871261596,Unknown,0.8495088815689087,Unknown,0.7470735907554626,Amino acids and derivatives,0.855319619178772,NA,NA,NA,NA,NA,NA,NA,NA,NA
x34330_732_64869_14_214,732.64869,14.214,21:0,34330,Unknown,NA,NA,NA,NA,Unknown,NA,Unknown,NA,Unknown,NA,Unknown,NA,NA,NA,NA,NA,NA,NA,NA,NA,NA
x6663_754_67126_4_151,754.67126,4.151,21:0,6663,Unknown,NA,C49H87NO4,[M + H]+,C49H87NO4,Fatty acids,0.9338951110839844,Unknown,0.48408085107803345,Unknown,0.5282639265060425,Unknown,0.7787574529647827,NA,NA,NA,NA,NA,NA,NA,NA,NA
x7986_488_4481_4_556,488.4481,4.556,21:0,7986,Unknown,NA,C32H57NO2,[M + H]+,C32H57NO2,Unknown,0.6574288606643677,Unknown,0.2708836793899536,Unknown,0.12026545405387878,Unknown,0.7837759256362915,NA,NA,NA,NA,NA,NA,NA,NA,NA
x21374_677_55256_10_093,677.55256,10.093,21:0,21374,Unknown,NA,C45H72O4,[M + H]+,C45H72O4,Terpenoids,0.9634701609611512,Unknown,0.1767234355211258,Unknown,0.22456616163253784,Prenol lipids,0.978402614593506,NA,NA,NA,NA,NA,NA,NA,NA,NA
x23106_534_48754_11_106,534.48754,11.106,21:0,23106,Unknown,NA,C34H63NO3,[M + H]+,C34H63NO3,Fatty acids,0.9907384514808656,Unknown,0.4789203405380249,Unknown,0.34627386927604675,N-acyl amines,0.964870035648346,NA,NA,NA,NA,NA,NA,NA,NA,NA
x9814_398_39949_5_208,398.39949,5.208,21:0,9814,Unknown,NA,C25H51NO2,[M + H]+,C25H51NO2,Fatty acids,0.9942023158073424,Fatty amides,0.9158557057380676,Unknown,0.8183472156524658,N-acyl amines,0.9861278533935548,NA,NA,NA,NA,NA,NA,NA,NA,NA
x12939_412_41518_6_438,412.41518,6.438,21:0,12939,Unknown,NA,C26H53NO2,[M + H]+,C26H53NO2,Fatty acids,0.9909161925315856,Sphingolipids,0.875542163848877,Unknown,0.41084349155426025,"1,2-aminoalcohols",0.99766206741333,NA,NA,NA,NA,NA,NA,NA,NA,NA
x9130_398_36375_4_966,398.36375,4.966,21:0,9130,Unknown,NA,C24H47NO3,[M + H]+,C24H47NO3,Unknown,0.6162917017936707,Unknown,0.2802947759628296,Unknown,0.1894397139549255,Unknown,0.5247484445571899,NA,NA,NA,NA,NA,NA,NA,NA,NA
x37372_778_72749_15_17,778.72749,15.17,21:0,37372,Unknown,NA,NA,NA,NA,Unknown,NA,Unknown,NA,Unknown,NA,Unknown,NA,NA,NA,NA,NA,NA,NA,NA,NA,NA
x22891_620_52264_10_956,620.52264,10.956,21:0,22891,Unknown,NA,NA,NA,NA,Unknown,NA,Unknown,NA,Unknown,NA,Unknown,NA,NA,NA,NA,NA,NA,NA,NA,NA,NA
x14264_700_48006_7_027,700.48006,7.027,21:0,14264,Unknown,NA,NA,NA,NA,Unknown,NA,Unknown,NA,Unknown,NA,Unknown,NA,NA,NA,NA,NA,NA,NA,NA,NA,NA
x6533_811_68838_4_112,811.68838,4.112,21:0,6533,Unknown,NA,NA,NA,NA,Unknown,NA,Unknown,NA,Unknown,NA,Unknown,NA,NA,NA,NA,NA,NA,NA,NA,NA,NA
x7451_458_39959_4_403,458.39959,4.403,21:0,7451,Unknown,NA,C30H51NO2,[M + H]+,C30H51NO2,Fatty acids,0.9912158250808716,Unknown,0.8094176650047302,Unknown,0.3029320240020752,Unknown,0.8031893372535706,NA,NA,NA,NA,NA,NA,NA,NA,NA
x26109_709_64535_12_221,709.64535,12.221,21:0,26109,Unknown,NA,NA,NA,NA,Unknown,NA,Unknown,NA,Unknown,NA,Unknown,NA,NA,NA,NA,NA,NA,NA,NA,NA,NA
x16746_478_46222_8_03,478.46222,8.03,21:0,16746,Unknown,NA,C31H59NO2,[M + H]+,C31H59NO2,Unknown,0.7414599061012268,Unknown,0.42991504073143005,Unknown,0.14789371192455292,Lipids and lipid-like molecules,0.9247309565544128,NA,NA,NA,NA,NA,NA,NA,NA,NA
x20989_530_49386_9_96,530.49386,9.96,21:0,20989,Unknown,NA,C35H63NO2,[M + H]+,C35H63NO2,Fatty acids,0.9967079162597656,Unknown,0.5372697710990906,Unknown,0.7492912411689758,N-acyl amines,0.9804243445396424,NA,NA,NA,NA,NA,NA,NA,NA,NA
x26858_556_47464_12_415,556.47464,12.415,21:0,26858,Unknown,NA,C36H61NO3,[M + H]+,C36H61NO3,Terpenoids,0.976008415222168,Unknown,0.4956615567207336,Unknown,0.5508018136024475,Unknown,0.5387837290763855,NA,NA,NA,NA,NA,NA,NA,NA,NA
x37657_792_74486_15_295,792.74486,15.295,21:0,37657,Unknown,NA,NA,NA,NA,Unknown,NA,Unknown,NA,Unknown,NA,Unknown,NA,NA,NA,NA,NA,NA,NA,NA,NA,NA
x14219_504_47817_6_972,504.47817,6.972,21:0,14219,Unknown,NA,C33H61NO2,[M + H]+,C33H61NO2,Unknown,0.5751800537109375,Unknown,0.1059100180864334,Unknown,0.18148326873779297,Lipids and lipid-like molecules,0.9807433485984802,NA,NA,NA,NA,NA,NA,NA,NA,NA
x11069_436_41522_5_624,436.41522,5.624,21:0,11069,Unknown,NA,C28H53NO2,[M + H]+,C28H53NO2,Fatty acids,0.9754026532173156,Unknown,0.8314769268035889,Unknown,0.3183784484863281,N-acyl amines,0.9281699657440186,NA,NA,NA,NA,NA,NA,NA,NA,NA
x24292_542_49223_11_701,542.49223,11.701,21:1,24292,Unknown,NA,C36H63NO2,[M + H]+,C36H63NO2,Fatty acids,0.9520601630210876,Unknown,0.6358024477958679,Unknown,0.5983089208602905,N-acyl amines,0.9921869039535522,NA,NA,NA,NA,NA,NA,NA,NA,NA
x26410_616_56642_12_334,616.56642,12.334,21:1,26410,Unknown,NA,C40H73NO3,[M + H]+,C40H73NO3,Fatty acids,0.984906792640686,Unknown,0.7238919138908386,Unknown,0.6154646873474121,N-acyl amines,0.9117761850357056,NA,NA,NA,NA,NA,NA,NA,NA,NA
x24637_412_41482_11_807,412.41482,11.807,21:1,24637,Unknown,NA,C26H53NO2,[M + H]+,C26H53NO2,Unknown,0.4660160839557648,Unknown,0.51640784740448,Unknown,0.04372349008917808,Unknown,0.5158915519714355,NA,NA,NA,NA,NA,NA,NA,NA,NA
x14707_618_51006_7_178,618.51006,7.178,21:1,14707,Unknown,NA,NA,NA,NA,Unknown,NA,Unknown,NA,Unknown,NA,Unknown,NA,NA,NA,NA,NA,NA,NA,NA,NA,NA
x15166_655_43392_7_367,655.43392,7.367,21:1,15166,Unknown,NA,NA,NA,NA,Unknown,NA,Unknown,NA,Unknown,NA,Unknown,NA,NA,NA,NA,NA,NA,NA,NA,NA,NA
x21927_530_49385_10_401,530.49385,10.401,21:1,21927,Unknown,NA,C35H63NO2,[M + H]+,C35H63NO2,Fatty acids,0.9252058267593384,Unknown,0.30204805731773376,Unknown,0.5777391195297241,N-acyl amines,0.9545540809631348,NA,NA,NA,NA,NA,NA,NA,NA,NA
x8998_434_39937_4_917,434.39937,4.917,21:1,8998,Unknown,NA,NA,NA,NA,Unknown,NA,Unknown,NA,Unknown,NA,Unknown,NA,NA,NA,NA,NA,NA,NA,NA,NA,NA
x11686_462_43131_5_884,462.43131,5.884,21:1,11686,Unknown,NA,C30H55NO2,[M + H]+,C30H55NO2,Unknown,0.7508471012115479,Unknown,0.6895413994789124,Unknown,0.3643952012062073,Unknown,0.5002555847167969,NA,NA,NA,NA,NA,NA,NA,NA,NA
x25287_486_43167_11_994,486.43167,11.994,21:1,25287,Unknown,NA,C32H55NO2,[M + H]+,C32H55NO2,Unknown,0.8357782959938049,Unknown,0.7259454131126404,Unknown,0.18366357684135437,Unknown,0.5927799344062805,NA,NA,NA,NA,NA,NA,NA,NA,NA
x22434_398_39909_10_69,398.39909,10.69,21:1,22434,Unknown,NA,C25H51NO2,[M + H]+,C25H51NO2,Unknown,0.7556813359260559,Unknown,0.3774388134479522,Unknown,0.08054829388856888,Unknown,0.7081923484802246,NA,NA,NA,NA,NA,NA,NA,NA,NA
x8202_484_41591_4_603,484.41591,4.603,21:1,8202,Unknown,NA,C32H53NO2,[M + H]+,C32H53NO2,Unknown,0.7650749087333679,Unknown,0.8009911179542542,Unknown,0.39199844002723694,Unknown,0.6999388933181763,NA,NA,NA,NA,NA,NA,NA,NA,NA
x17758_646_54102_8_418,646.54102,8.418,21:1,17758,Unknown,NA,NA,NA,NA,Unknown,NA,Unknown,NA,Unknown,NA,Unknown,NA,NA,NA,NA,NA,NA,NA,NA,NA,NA
x5968_456_38482_3_914,456.38482,3.914,21:1,5968,Unknown,NA,C30H49NO2,[M + H]+,C30H49NO2,Terpenoids,0.9299365282058716,Unknown,0.8395252823829651,Unknown,0.8403705358505249,Unknown,0.7090803384780884,NA,NA,NA,NA,NA,NA,NA,NA,NA
x10172_448_41503_5_335,448.41503,5.335,21:1,10172,Unknown,NA,C29H53NO2,[M + H]+,C29H53NO2,Fatty acids,0.986244022846222,Fatty amides,0.870543897151947,Unknown,0.3481387197971344,N-acyl amines,0.9767451882362366,NA,NA,NA,NA,NA,NA,NA,NA,NA
x32347_536_43992_13_77,536.43992,13.77,21:1,32347,Unknown,NA,C36H58NP,[M + H]+,C36H58NP,Terpenoids,0.9653856158256532,Unknown,0.22099043428897855,Unknown,0.06184501945972442,Lipids and lipid-like molecules,0.986665666103363,NA,NA,NA,NA,NA,NA,NA,NA,NA
x7027_470_40051_4_269,470.40051,4.269,21:1,7027,Unknown,NA,C31H51NO2,[M + H]+,C31H51NO2,Unknown,0.6797220706939697,Unknown,0.803544819355011,Unknown,0.3688684105873108,Unknown,0.748701810836792,NA,NA,NA,NA,NA,NA,NA,NA,NA
x7986_488_4481_4_556,488.4481,4.556,21:1,7986,Unknown,NA,C32H57NO2,[M + H]+,C32H57NO2,Unknown,0.6574288606643677,Unknown,0.2708836793899536,Unknown,0.12026545405387878,Unknown,0.7837759256362915,NA,NA,NA,NA,NA,NA,NA,NA,NA
x5592_510_43181_3_813,510.43181,3.813,21:1,5592,Unknown,NA,NA,NA,NA,Unknown,NA,Unknown,NA,Unknown,NA,Unknown,NA,NA,NA,NA,NA,NA,NA,NA,NA,NA
x6693_446_40154_4_111,446.40154,4.111,21:1,6693,Unknown,NA,C26H52FNO3,[M + H]+,C26H52FNO3,Unknown,0.4065517783164978,Steroids,0.9183545708656312,Unknown,0.05820522457361221,3-hydroxysteroids,0.9925717711448668,NA,NA,NA,NA,NA,NA,NA,NA,NA
x9814_398_39949_5_208,398.39949,5.208,21:1,9814,Unknown,NA,C25H51NO2,[M + H]+,C25H51NO2,Fatty acids,0.9942023158073424,Fatty amides,0.9158557057380676,Unknown,0.8183472156524658,N-acyl amines,0.9861278533935548,NA,NA,NA,NA,NA,NA,NA,NA,NA
x12939_412_41518_6_438,412.41518,6.438,21:1,12939,Unknown,NA,C26H53NO2,[M + H]+,C26H53NO2,Fatty acids,0.9909161925315856,Sphingolipids,0.875542163848877,Unknown,0.41084349155426025,"1,2-aminoalcohols",0.99766206741333,NA,NA,NA,NA,NA,NA,NA,NA,NA
x5073_525_39723_3_712,525.39723,3.712,21:1,5073,Unknown,NA,C22H50N10O3,[M + Na]+,C22H50N10O3,Unknown,0.46938228607177734,Unknown,0.6769428253173828,Unknown,0.4891625940799713,Unknown,0.7743083238601685,NA,NA,NA,NA,NA,NA,NA,NA,NA
x10778_448_41478_5_556,448.41478,5.556,21:1,10778,Unknown,NA,C29H53NO2,[M + H]+,C29H53NO2,Unknown,0.6046432852745056,Unknown,0.23891128599643707,Unknown,0.17694811522960663,Unknown,0.7648062705993652,NA,NA,NA,NA,NA,NA,NA,NA,NA
x10372_460_415_5_458,460.415,5.458,21:1,10372,Unknown,NA,C30H53NO2,[M + H]+,C30H53NO2,Unknown,0.742409348487854,Unknown,0.8430219292640686,Unknown,0.05724567547440529,Unknown,0.5420757532119751,NA,NA,NA,NA,NA,NA,NA,NA,NA
x6862_532_4364_4_205,532.4364,4.205,21:1,6862,Unknown,NA,C33H57NO4,[M + H]+,C33H57NO4,Unknown,0.5765579342842102,Unknown,0.26906928420066833,Unknown,0.3210538923740387,Unknown,0.576479971408844,NA,NA,NA,NA,NA,NA,NA,NA,NA
x18190_522_45297_8_546,522.45297,8.546,21:1,18190,Unknown,NA,C32H59NO4,[M + H]+,C32H59NO4,Fatty acids,0.98199063539505,Unknown,0.7315708994865417,Unknown,0.3219882547855377,N-acyl amines,0.9662014245986938,NA,NA,NA,NA,NA,NA,NA,NA,NA
x7451_458_39959_4_403,458.39959,4.403,21:1,7451,Unknown,NA,C30H51NO2,[M + H]+,C30H51NO2,Fatty acids,0.9912158250808716,Unknown,0.8094176650047302,Unknown,0.3029320240020752,Unknown,0.8031893372535706,NA,NA,NA,NA,NA,NA,NA,NA,NA
x5902_426_35739_3_884,426.35739,3.884,21:1,5902,Unknown,NA,C25H47NO4,[M + H]+,C25H47NO4,Fatty acids,0.9922012090682985,Unknown,0.7386749982833862,Unknown,0.06164726614952087,Alpha amino acid esters,0.95169198513031,NA,NA,NA,NA,NA,NA,NA,NA,NA
x22152_598_57806_10_529,598.57806,10.529,21:1,22152,Unknown,NA,C37H75NO4,[M + H]+,C37H75NO4,Fatty acids,0.99049311876297,Unknown,0.5906668305397034,Unknown,0.48641860485076904,N-acyl amines,0.8756086826324463,NA,NA,NA,NA,NA,NA,NA,NA,NA
x9603_448_38052_5_057,448.38052,5.057,21:1,9603,Unknown,NA,C28H49NO3,[M + H]+,C28H49NO3,Terpenoids,0.9717896580696106,Steroids,0.9997188448905944,Unknown,0.8059597611427307,Glycinated bile acids and derivatives,0.97586989402771,NA,NA,NA,NA,NA,NA,NA,NA,NA
x8200_460_41774_4_659,460.41774,4.659,21:1,8200,Unknown,NA,C27H55BO3,[M + Na]+,C27H55BO3,Unknown,0.774336576461792,Unknown,0.6773108243942261,Unknown,0.27966657280921936,Unknown,0.6419463157653809,NA,NA,NA,NA,NA,NA,NA,NA,NA
x21416_598_57655_10_209,598.57655,10.209,21:1,21416,Unknown,NA,C37H75NO4,[M + H]+,C37H75NO4,Fatty acids,0.987619400024414,Unknown,0.429707795381546,Unknown,0.3985898196697235,Unknown,0.846942663192749,NA,NA,NA,NA,NA,NA,NA,NA,NA
x13594_514_44768_6_701,514.44768,6.701,21:1,13594,Unknown,NA,C30H59NO5,[M + H]+,C30H59NO5,Fatty acids,0.8831914663314819,Unknown,0.3133808672428131,Unknown,0.1080380752682686,N-acyl amines,0.9449158906936646,NA,NA,NA,NA,NA,NA,NA,NA,NA
x18041_498_45259_8_482,498.45259,8.482,21:1,18041,Unknown,NA,C30H59NO4,[M + H]+,C30H59NO4,Unknown,0.8418139815330505,Unknown,0.8246924877166748,Unknown,0.1711464822292328,N-acyl amines,0.8554839491844177,NA,NA,NA,NA,NA,NA,NA,NA,NA
x11387_512_39525_5_762,512.39525,5.762,21:1,11387,Unknown,NA,C29H53NO6,[M + H]+,C29H53NO6,Unknown,0.7711941599845886,Unknown,0.4362755119800568,Unknown,0.21058283746242523,Unknown,0.5345161557197571,NA,NA,NA,NA,NA,NA,NA,NA,NA
x22228_411_39882_10_587,411.39882,10.587,21:1,22228,Unknown,NA,C30H50,[M + H]+,C30H50,Terpenoids,0.9977941513061525,Unknown,0.6546504497528076,Unknown,0.24376316368579865,Steroids and steroid derivatives,0.8844007253646851,NA,NA,NA,NA,NA,NA,NA,NA,NA
x11069_436_41522_5_624,436.41522,5.624,21:1,11069,Unknown,NA,C28H53NO2,[M + H]+,C28H53NO2,Fatty acids,0.9754026532173156,Unknown,0.8314769268035889,Unknown,0.3183784484863281,N-acyl amines,0.9281699657440186,NA,NA,NA,NA,NA,NA,NA,NA,NA
x6565_482_40226_4_047,482.40226,4.047,21:1,6565,Unknown,NA,C27H47BN6O,[M + H]+,C27H47BN6O,Unknown,0.1848900318145752,Unknown,0.05720435082912445,Unknown,0.17473292350769043,Unknown,0.6611492037773132,NA,NA,NA,NA,NA,NA,NA,NA,NA
x3209_438_29793_2_975,438.29793,2.975,21:2,3209,Unknown,NA,C21H44NO6P,[M + H]+,C21H44NO6P,Fatty acids,0.9994014501571656,Unknown,0.6908118724822998,Unknown,0.03496871888637543,Phosphosphingolipids,0.9575405716896056,NA,NA,NA,NA,NA,NA,NA,NA,NA
x16666_650_51114_8,650.51114,NA,21:2,16666,Unknown,NA,C40H69NO4,[M + Na]+,C40H69NO4,Unknown,0.6843341588973999,Unknown,0.3012514114379883,Unknown,0.32802632451057434,Steroids and steroid derivatives,0.8937327861785889,NA,NA,NA,NA,NA,NA,NA,NA,NA
x2379_424_34126_2_373,424.34126,2.373,21:2,2379,Unknown,NA,C25H45NO4,[M + H]+,C25H45NO4,Fatty acids,0.9943687319755554,Unknown,0.13471664488315582,Unknown,0.1961198449134827,Unknown,0.5621057748794556,NA,NA,NA,NA,NA,NA,NA,NA,NA
x8998_434_39937_4_917,434.39937,4.917,21:2,8998,Unknown,NA,NA,NA,NA,Unknown,NA,Unknown,NA,Unknown,NA,Unknown,NA,NA,NA,NA,NA,NA,NA,NA,NA,NA
x11686_462_43131_5_884,462.43131,5.884,21:2,11686,Unknown,NA,C30H55NO2,[M + H]+,C30H55NO2,Unknown,0.7508471012115479,Unknown,0.6895413994789124,Unknown,0.3643952012062073,Unknown,0.5002555847167969,NA,NA,NA,NA,NA,NA,NA,NA,NA
x18990_532_41538_8_925,532.41538,8.925,21:2,18990,Unknown,NA,C36H53NO2,[M + H]+,C36H53NO2,Unknown,0.7455491423606873,Unknown,0.3070976138114929,Unknown,0.2393108457326889,Unknown,0.802570641040802,NA,NA,NA,NA,NA,NA,NA,NA,NA
x8202_484_41591_4_603,484.41591,4.603,21:2,8202,Unknown,NA,C32H53NO2,[M + H]+,C32H53NO2,Unknown,0.7650749087333679,Unknown,0.8009911179542542,Unknown,0.39199844002723694,Unknown,0.6999388933181763,NA,NA,NA,NA,NA,NA,NA,NA,NA
x8649_448_37953_4_781,448.37953,4.781,21:2,8649,Unknown,NA,C28H49NO3,[M + H]+,C28H49NO3,Terpenoids,0.870957612991333,Steroids,0.9972255229949952,Unknown,0.8450380563735962,Glycinated bile acids and derivatives,0.9916995763778688,NA,NA,NA,NA,NA,NA,NA,NA,NA
x14821_616_49252_7_216,616.49252,7.216,21:2,14821,Unknown,NA,NA,NA,NA,Unknown,NA,Unknown,NA,Unknown,NA,Unknown,NA,NA,NA,NA,NA,NA,NA,NA,NA,NA
x5968_456_38482_3_914,456.38482,3.914,21:2,5968,Unknown,NA,C30H49NO2,[M + H]+,C30H49NO2,Terpenoids,0.9299365282058716,Unknown,0.8395252823829651,Unknown,0.8403705358505249,Unknown,0.7090803384780884,NA,NA,NA,NA,NA,NA,NA,NA,NA
x10172_448_41503_5_335,448.41503,5.335,21:2,10172,Unknown,NA,C29H53NO2,[M + H]+,C29H53NO2,Fatty acids,0.986244022846222,Fatty amides,0.870543897151947,Unknown,0.3481387197971344,N-acyl amines,0.9767451882362366,NA,NA,NA,NA,NA,NA,NA,NA,NA
x32347_536_43992_13_77,536.43992,13.77,21:2,32347,Unknown,NA,C36H58NP,[M + H]+,C36H58NP,Terpenoids,0.9653856158256532,Unknown,0.22099043428897855,Unknown,0.06184501945972442,Lipids and lipid-like molecules,0.986665666103363,NA,NA,NA,NA,NA,NA,NA,NA,NA
x20271_508_41511_9_588,508.41511,9.588,21:2,20271,Unknown,NA,C34H53NO2,[M + H]+,C34H53NO2,Unknown,0.8356760144233704,Unknown,0.2996828854084015,Unknown,0.24732327461242676,Unknown,0.6264035105705261,NA,NA,NA,NA,NA,NA,NA,NA,NA
x6348_406_3685_4_054,406.3685,4.054,21:2,6348,Unknown,NA,C26H47NO2,[M + H]+,C26H47NO2,Fatty acids,0.9893688559532166,Fatty amides,0.8804796934127808,Unknown,0.7236568331718445,N-acyl amines,0.9827197790145874,NA,NA,NA,NA,NA,NA,NA,NA,NA
x17599_506_39886_8_359,506.39886,8.359,21:2,17599,Unknown,NA,C32H53NO2,[M + Na]+,C32H53NO2,Terpenoids,0.9578171968460084,Unknown,0.7580767273902893,Unknown,0.44944804906845093,Unknown,0.6217206120491028,NA,NA,NA,NA,NA,NA,NA,NA,NA
x7027_470_40051_4_269,470.40051,4.269,21:2,7027,Unknown,NA,C31H51NO2,[M + H]+,C31H51NO2,Unknown,0.6797220706939697,Unknown,0.803544819355011,Unknown,0.3688684105873108,Unknown,0.748701810836792,NA,NA,NA,NA,NA,NA,NA,NA,NA
x40943_924_83779_16_714,924.83779,16.714,21:2,40943,Unknown,NA,C50H105N11O4,[M + H]+,C50H105N11O4,Unknown,0.48855850100517273,Unknown,0.11311685293912888,Unknown,0.5290465354919434,Unknown,0.7620657086372375,NA,NA,NA,NA,NA,NA,NA,NA,NA
x7986_488_4481_4_556,488.4481,4.556,21:2,7986,Unknown,NA,C32H57NO2,[M + H]+,C32H57NO2,Unknown,0.6574288606643677,Unknown,0.2708836793899536,Unknown,0.12026545405387878,Unknown,0.7837759256362915,NA,NA,NA,NA,NA,NA,NA,NA,NA
x7698_407_36701_4_428,407.36701,4.428,21:2,7698,Unknown,NA,C30H46,[M + H]+,C30H46,Terpenoids,0.9962169528007508,Unknown,0.6956942081451416,Unknown,0.11508136242628098,Unknown,0.5541766285896301,NA,NA,NA,NA,NA,NA,NA,NA,NA
x6693_446_40154_4_111,446.40154,4.111,21:2,6693,Unknown,NA,C26H52FNO3,[M + H]+,C26H52FNO3,Unknown,0.4065517783164978,Steroids,0.9183545708656312,Unknown,0.05820522457361221,3-hydroxysteroids,0.9925717711448668,NA,NA,NA,NA,NA,NA,NA,NA,NA
x10778_448_41478_5_556,448.41478,5.556,21:2,10778,Unknown,NA,C29H53NO2,[M + H]+,C29H53NO2,Unknown,0.6046432852745056,Unknown,0.23891128599643707,Unknown,0.17694811522960663,Unknown,0.7648062705993652,NA,NA,NA,NA,NA,NA,NA,NA,NA
x10372_460_415_5_458,460.415,5.458,21:2,10372,Unknown,NA,C30H53NO2,[M + H]+,C30H53NO2,Unknown,0.742409348487854,Unknown,0.8430219292640686,Unknown,0.05724567547440529,Unknown,0.5420757532119751,NA,NA,NA,NA,NA,NA,NA,NA,NA
x10048_458_39999_5_275,458.39999,5.275,21:2,10048,Unknown,NA,C30H51NO2,[M + H]+,C30H51NO2,Unknown,0.644688069820404,Unknown,0.3303661644458771,Unknown,0.64624786376953125,Unknown,0.7178358435630798,NA,NA,NA,NA,NA,NA,NA,NA,NA
x9130_398_36375_4_966,398.36375,4.966,21:2,9130,Unknown,NA,C24H47NO3,[M + H]+,C24H47NO3,Unknown,0.6162917017936707,Unknown,0.2802947759628296,Unknown,0.1894397139549255,Unknown,0.5247484445571899,NA,NA,NA,NA,NA,NA,NA,NA,NA
x16034_504_38473_7_657,504.38473,7.657,21:2,16034,Unknown,NA,C34H49NO2,[M + H]+,C34H49NO2,Unknown,0.5831829309463501,Unknown,0.3939848244190216,Unknown,0.13076353073120117,Unknown,0.7032252550125122,NA,NA,NA,NA,NA,NA,NA,NA,NA
x9260_432_38307_5_001,432.38307,5.001,21:2,9260,Unknown,NA,C28H49NO2,[M + H]+,C28H49NO2,Unknown,0.721160352230072,Unknown,0.7627356648445129,Unknown,0.16604509949684143,Unknown,0.7948048710823059,NA,NA,NA,NA,NA,NA,NA,NA,NA
x9939_476_41081_5_22,476.41081,5.22,21:2,9939,Unknown,NA,C30H53NO3,[M + H]+,C30H53NO3,Unknown,0.6983982920646667,Unknown,0.5020363926887512,Unknown,0.30184292793273926,Unknown,0.7799872159957886,NA,NA,NA,NA,NA,NA,NA,NA,NA
x17970_528_47807_8_502,528.47807,8.502,21:2,17970,Unknown,NA,C35H61NO2,[M + H]+,C35H61NO2,Fatty acids,0.9532899260520936,Unknown,0.8155880570411682,Unknown,0.6586787104606628,N-acyl amines,0.9845080375671388,NA,NA,NA,NA,NA,NA,NA,NA,NA
x7451_458_39959_4_403,458.39959,4.403,21:2,7451,Unknown,NA,C30H51NO2,[M + H]+,C30H51NO2,Fatty acids,0.9912158250808716,Unknown,0.8094176650047302,Unknown,0.3029320240020752,Unknown,0.8031893372535706,NA,NA,NA,NA,NA,NA,NA,NA,NA
x7797_444_38432_4_481,444.38432,4.481,21:2,7797,Unknown,NA,C29H49NO2,[M + H]+,C29H49NO2,Unknown,0.6100072264671326,Unknown,0.390719473361969,Unknown,0.24817177653312683,Lipids and lipid-like molecules,0.9117543697357178,NA,NA,NA,NA,NA,NA,NA,NA,NA
x5590_468_38576_3_799,468.38576,3.799,21:2,5590,Unknown,NA,C31H49NO2,[M + H]+,C31H49NO2,Terpenoids,0.9734041094779968,Unknown,0.7130728363990784,Unknown,0.2687760591506958,Unknown,0.5187395215034485,NA,NA,NA,NA,NA,NA,NA,NA,NA
x11069_436_41522_5_624,436.41522,5.624,21:2,11069,Unknown,NA,C28H53NO2,[M + H]+,C28H53NO2,Fatty acids,0.9754026532173156,Unknown,0.8314769268035889,Unknown,0.3183784484863281,N-acyl amines,0.9281699657440186,NA,NA,NA,NA,NA,NA,NA,NA,NA
x12869_538_44641_6_44,538.44641,6.44,21:2,12869,Unknown,NA,NA,NA,NA,Unknown,NA,Unknown,NA,Unknown,NA,Unknown,NA,NA,NA,NA,NA,NA,NA,NA,NA,NA
x6565_482_40226_4_047,482.40226,4.047,21:2,6565,Unknown,NA,C27H47BN6O,[M + H]+,C27H47BN6O,Unknown,0.1848900318145752,Unknown,0.05720435082912445,Unknown,0.17473292350769043,Unknown,0.6611492037773132,NA,NA,NA,NA,NA,NA,NA,NA,NA
x32114_705_68541_13_707,705.68541,13.707,21:3,32114,Unknown,NA,C45H88N2O3,[M + H]+,C45H88N2O3,Unknown,0.5873633623123169,Unknown,0.30122607946395874,Unknown,0.24890699982643127,Unknown,0.8455639481544495,NA,NA,NA,NA,NA,NA,NA,NA,NA
x12395_452_35157_6_187,452.35157,6.187,21:3,12395,Unknown,NA,C30H45NO2,[M + H]+,C30H45NO2,Unknown,0.5603600740432739,Unknown,0.34130504727363586,Unknown,0.4211167097091675,Unknown,0.7442737817764282,NA,NA,NA,NA,NA,NA,NA,NA,NA
x20215_558_43169_9_537,558.43169,9.537,21:3,20215,Unknown,NA,C38H55NO2,[M + H]+,C38H55NO2,Unknown,0.6242345571517944,Unknown,0.2845059931278229,Unknown,0.23095181584358215,Unknown,0.5617097020149231,NA,NA,NA,NA,NA,NA,NA,NA,NA
x11927_492_44145_6_006,492.44145,6.006,21:3,11927,Unknown,NA,C31H57NO3,[M + H]+,C31H57NO3,Unknown,0.8201651573181152,Unknown,0.4547601640224457,Unknown,0.1451779305934906,Unknown,0.6556253433227539,NA,NA,NA,NA,NA,NA,NA,NA,NA
x2312_453_36956_2_337,453.36956,2.337,21:3,2312,Unknown,NA,C29H50O2,[M + Na]+,C29H50O2,Terpenoids,0.9948101043701172,Triterpenoids,0.9579015374183656,Unknown,0.24648261070251465,Triterpenoids,0.887801468372345,NA,NA,NA,NA,NA,NA,NA,NA,NA
x21553_593_56088_10_219,593.56088,10.219,21:3,21553,Unknown,NA,C37H72N2O3,[M + H]+,C37H72N2O3,Fatty acids,0.9393950700759888,Unknown,0.42230308055877686,Unknown,0.1303182989358902,Unknown,0.7139329314231873,NA,NA,NA,NA,NA,NA,NA,NA,NA
x8998_434_39937_4_917,434.39937,4.917,21:3,8998,Unknown,NA,NA,NA,NA,Unknown,NA,Unknown,NA,Unknown,NA,Unknown,NA,NA,NA,NA,NA,NA,NA,NA,NA,NA
x34038_393_31553_14_147,393.31553,14.147,21:3,34038,Unknown,NA,C28H40O,[M + H]+,C28H40O,Terpenoids,0.9959595799446106,Unknown,0.2343188673257828,Unknown,0.1641579121351242,Diterpenoids,0.876620352268219,NA,NA,NA,NA,NA,NA,NA,NA,NA
x18990_532_41538_8_925,532.41538,8.925,21:3,18990,Unknown,NA,C36H53NO2,[M + H]+,C36H53NO2,Unknown,0.7455491423606873,Unknown,0.3070976138114929,Unknown,0.2393108457326889,Unknown,0.802570641040802,NA,NA,NA,NA,NA,NA,NA,NA,NA
x8202_484_41591_4_603,484.41591,4.603,21:3,8202,Unknown,NA,C32H53NO2,[M + H]+,C32H53NO2,Unknown,0.7650749087333679,Unknown,0.8009911179542542,Unknown,0.39199844002723694,Unknown,0.6999388933181763,NA,NA,NA,NA,NA,NA,NA,NA,NA
x8649_448_37953_4_781,448.37953,4.781,21:3,8649,Unknown,NA,C28H49NO3,[M + H]+,C28H49NO3,Terpenoids,0.870957612991333,Steroids,0.9972255229949952,Unknown,0.8450380563735962,Glycinated bile acids and derivatives,0.9916995763778688,NA,NA,NA,NA,NA,NA,NA,NA,NA
x5968_456_38482_3_914,456.38482,3.914,21:3,5968,Unknown,NA,C30H49NO2,[M + H]+,C30H49NO2,Terpenoids,0.9299365282058716,Unknown,0.8395252823829651,Unknown,0.8403705358505249,Unknown,0.7090803384780884,NA,NA,NA,NA,NA,NA,NA,NA,NA
x15580_504_38402_7_5,504.38402,7.5,21:3,15580,Unknown,NA,C27H47BN6O,[M + Na]+,C27H47BN6O,Unknown,0.14403069019317627,Unknown,0.12174684554338457,Unknown,0.13705885410308838,Unknown,0.6893565654754639,NA,NA,NA,NA,NA,NA,NA,NA,NA
x20271_508_41511_9_588,508.41511,9.588,21:3,20271,Unknown,NA,C34H53NO2,[M + H]+,C34H53NO2,Unknown,0.8356760144233704,Unknown,0.2996828854084015,Unknown,0.24732327461242676,Unknown,0.6264035105705261,NA,NA,NA,NA,NA,NA,NA,NA,NA
x6348_406_3685_4_054,406.3685,4.054,21:3,6348,Unknown,NA,C26H47NO2,[M + H]+,C26H47NO2,Fatty acids,0.9893688559532166,Fatty amides,0.8804796934127808,Unknown,0.7236568331718445,N-acyl amines,0.9827197790145874,NA,NA,NA,NA,NA,NA,NA,NA,NA
x17599_506_39886_8_359,506.39886,8.359,21:3,17599,Unknown,NA,C32H53NO2,[M + Na]+,C32H53NO2,Terpenoids,0.9578171968460084,Unknown,0.7580767273902893,Unknown,0.44944804906845093,Unknown,0.6217206120491028,NA,NA,NA,NA,NA,NA,NA,NA,NA
x4450_406_33146_3_48,406.33146,3.48,21:3,4450,Unknown,NA,C25H43NO3,[M + H]+,C25H43NO3,Unknown,0.7549445033073425,Unknown,0.32465869188308716,Unknown,0.28369078040122986,N-acyl amines,0.957654356956482,NA,NA,NA,NA,NA,NA,NA,NA,NA
x7027_470_40051_4_269,470.40051,4.269,21:3,7027,Unknown,NA,C31H51NO2,[M + H]+,C31H51NO2,Unknown,0.6797220706939697,Unknown,0.803544819355011,Unknown,0.3688684105873108,Unknown,0.748701810836792,NA,NA,NA,NA,NA,NA,NA,NA,NA
x4353_394_33138_3_418,394.33138,3.418,21:3,4353,Unknown,NA,C24H43NO3,[M + H]+,C24H43NO3,Unknown,0.7877088785171509,Unknown,0.25263306498527527,Unknown,0.09686358273029327,Unknown,0.5524985790252686,NA,NA,NA,NA,NA,NA,NA,NA,NA
x7698_407_36701_4_428,407.36701,4.428,21:3,7698,Unknown,NA,C30H46,[M + H]+,C30H46,Terpenoids,0.9962169528007508,Unknown,0.6956942081451416,Unknown,0.11508136242628098,Unknown,0.5541766285896301,NA,NA,NA,NA,NA,NA,NA,NA,NA
x6693_446_40154_4_111,446.40154,4.111,21:3,6693,Unknown,NA,C26H52FNO3,[M + H]+,C26H52FNO3,Unknown,0.4065517783164978,Steroids,0.9183545708656312,Unknown,0.05820522457361221,3-hydroxysteroids,0.9925717711448668,NA,NA,NA,NA,NA,NA,NA,NA,NA
x10372_460_415_5_458,460.415,5.458,21:3,10372,Unknown,NA,C30H53NO2,[M + H]+,C30H53NO2,Unknown,0.742409348487854,Unknown,0.8430219292640686,Unknown,0.05724567547440529,Unknown,0.5420757532119751,NA,NA,NA,NA,NA,NA,NA,NA,NA
x10048_458_39999_5_275,458.39999,5.275,21:3,10048,Unknown,NA,C30H51NO2,[M + H]+,C30H51NO2,Unknown,0.644688069820404,Unknown,0.3303661644458771,Unknown,0.64624786376953125,Unknown,0.7178358435630798,NA,NA,NA,NA,NA,NA,NA,NA,NA
x16034_504_38473_7_657,504.38473,7.657,21:3,16034,Unknown,NA,C34H49NO2,[M + H]+,C34H49NO2,Unknown,0.5831829309463501,Unknown,0.3939848244190216,Unknown,0.13076353073120117,Unknown,0.7032252550125122,NA,NA,NA,NA,NA,NA,NA,NA,NA
x9260_432_38307_5_001,432.38307,5.001,21:3,9260,Unknown,NA,C28H49NO2,[M + H]+,C28H49NO2,Unknown,0.721160352230072,Unknown,0.7627356648445129,Unknown,0.16604509949684143,Unknown,0.7948048710823059,NA,NA,NA,NA,NA,NA,NA,NA,NA
x7451_458_39959_4_403,458.39959,4.403,21:3,7451,Unknown,NA,C30H51NO2,[M + H]+,C30H51NO2,Fatty acids,0.9912158250808716,Unknown,0.8094176650047302,Unknown,0.3029320240020752,Unknown,0.8031893372535706,NA,NA,NA,NA,NA,NA,NA,NA,NA
x7797_444_38432_4_481,444.38432,4.481,21:3,7797,Unknown,NA,C29H49NO2,[M + H]+,C29H49NO2,Unknown,0.6100072264671326,Unknown,0.390719473361969,Unknown,0.24817177653312683,Lipids and lipid-like molecules,0.9117543697357178,NA,NA,NA,NA,NA,NA,NA,NA,NA
x9467_430_36842_5_11,430.36842,5.11,21:3,9467,Unknown,NA,C28H47NO2,[M + H]+,C28H47NO2,Unknown,0.8448825478553772,Unknown,0.6184441447257996,Unknown,0.7769469618797302,Unknown,0.6439439058303833,NA,NA,NA,NA,NA,NA,NA,NA,NA
x7735_474_39554_4_428,474.39554,4.428,21:3,7735,Unknown,NA,C30H51NO3,[M + H]+,C30H51NO3,Terpenoids,0.90421462059021,Unknown,0.6857234239578247,Unknown,0.8390098214149475,Unknown,0.8409923911094666,NA,NA,NA,NA,NA,NA,NA,NA,NA
x8745_432_38524_4_767,432.38524,4.767,21:3,8745,Unknown,NA,C28H49NO2,[M + H]+,C28H49NO2,Unknown,0.7060420513153076,Steroids,0.8877086639404297,Unknown,0.27134969830513,Unknown,0.6725060939788818,NA,NA,NA,NA,NA,NA,NA,NA,NA
x24665_899_66308_11_845,899.66308,11.845,21:3,24665,Unknown,NA,NA,NA,NA,Unknown,NA,Unknown,NA,Unknown,NA,Unknown,NA,NA,NA,NA,NA,NA,NA,NA,NA,NA
x5590_468_38576_3_799,468.38576,3.799,21:3,5590,Unknown,NA,C31H49NO2,[M + H]+,C31H49NO2,Terpenoids,0.9734041094779968,Unknown,0.7130728363990784,Unknown,0.2687760591506958,Unknown,0.5187395215034485,NA,NA,NA,NA,NA,NA,NA,NA,NA
x6565_482_40226_4_047,482.40226,4.047,21:3,6565,Unknown,NA,C27H47BN6O,[M + H]+,C27H47BN6O,Unknown,0.1848900318145752,Unknown,0.05720435082912445,Unknown,0.17473292350769043,Unknown,0.6611492037773132,NA,NA,NA,NA,NA,NA,NA,NA,NA
x5988_463_39348_3_847,463.39348,3.847,21:3,5988,Unknown,NA,NA,NA,NA,Unknown,NA,Unknown,NA,Unknown,NA,Unknown,NA,NA,NA,NA,NA,NA,NA,NA,NA,NA
x14914_354_37285_7_258,354.37285,7.258,O-18:0,14914,Unknown,NA,C23H47NO,[M + H]+,C23H47NO,Unknown,0.7180269360542297,Unknown,0.6055864691734314,Unknown,0.35800546407699585,Unknown,0.6473406553268433,NA,NA,NA,NA,NA,NA,NA,NA,NA
x30978_648_59156_13_436,648.59156,13.436,O-18:0,30978,Unknown,NA,C41H77NO4,[M + H]+,C41H77NO4,Fatty acids,0.9852727055549622,Glycerolipids,0.8619799017906189,Unknown,0.3541570007801056,Unknown,0.5002939105033875,NA,NA,NA,NA,NA,NA,NA,NA,NA
x37886_958_81994_15_318,958.81994,15.318,O-18:0,37886,MADAG,MADAG(O-16:0/22:4/22:6) [M+NH4]+,NA,NA,NA,Unknown,NA,Unknown,NA,Unknown,NA,Unknown,NA,NA,NA,NA,NA,NA,Glycerolipid,Monoalkyldiacylglycerols,MADAG,MADAG(O-16:0/22:4/22:6) [M+NH4]+
x28932_646_57649_12_973,646.57649,12.973,O-18:0,28932,Unknown,NA,C41H75NO4,[M + H]+,C41H75NO4,Fatty acids,0.9990923404693604,Glycerolipids,0.9697877764701844,Unknown,0.7689447402954102,Unknown,0.566409707069397,NA,NA,NA,NA,NA,NA,NA,NA,NA
x6338_452_34959_4_038,452.34959,4.038,O-18:0,6338,Unknown,NA,C23H50NO5P,[M + H]+,C23H50NO5P,Fatty acids,0.9913528561592102,Unknown,0.6281200051307678,Unknown,0.3395922780036926,Unknown,0.820006251335144,NA,NA,NA,NA,NA,NA,NA,NA,NA
x30163_648_59171_13_281,648.59171,13.281,O-18:0,30163,Unknown,NA,C41H77NO4,[M + H]+,C41H77NO4,Fatty acids,0.9936542510986328,Glycerolipids,0.9638374447822572,Unknown,0.6382218599319458,Unknown,0.7071927189826965,NA,NA,NA,NA,NA,NA,NA,NA,NA
x21379_564_4993_10_169,564.4993,10.169,O-18:0,21379,Unknown,NA,C35H65NO4,[M + H]+,C35H65NO4,Fatty acids,0.953337013721466,Unknown,0.4305099248886109,Unknown,0.28639575839042664,Unknown,0.8498712182044983,NA,NA,NA,NA,NA,NA,NA,NA,NA
x25822_612_53564_12_152,612.53564,12.152,O-18:0,25822,Unknown,NA,C40H69NO3,[M + H]+,C40H69NO3,Fatty acids,0.9657435417175292,Unknown,0.37712523341178894,Unknown,0.27414414286613464,Delta-5-steroids,0.8758251070976257,NA,NA,NA,NA,NA,NA,NA,NA,NA
x18572_536_46789_8_72,536.46789,8.72,O-18:0,18572,Unknown,NA,C33H61NO4,[M + H]+,C33H61NO4,Unknown,0.7858079075813293,Unknown,0.4417726397514343,Unknown,0.08358284831047058,Unknown,0.6285023093223572,NA,NA,NA,NA,NA,NA,NA,NA,NA
x16302_730_59831_7_802,730.59831,7.802,O-18:0,16302,Unknown,NA,C42H83NO6S,[M + H]+,C42H83NO6S,Fatty acids,0.9804109930992126,Unknown,0.6860067844390869,Unknown,0.14612087607383728,Unknown,0.823177695274353,NA,NA,NA,NA,NA,NA,NA,NA,NA
x34915_598_55586_14_369,598.55586,14.369,O-18:0,34915,Unknown,NA,C40H71NO2,[M + H]+,C40H71NO2,Fatty acids,0.999233603477478,Unknown,0.6956626772880554,Unknown,0.4141763150691986,N-acyl amines,0.9932712912559508,NA,NA,NA,NA,NA,NA,NA,NA,NA
x17301_518_45776_8_248,518.45776,8.248,O-18:0,17301,Unknown,NA,C33H59NO3,[M + H]+,C33H59NO3,Unknown,0.7782645225524902,Steroids,0.9354493021965028,Unknown,0.5286210775375366,Unknown,0.5704309940338135,NA,NA,NA,NA,NA,NA,NA,NA,NA
x14552_478_42539_7_095,478.42539,7.095,O-18:0,14552,Unknown,NA,C28H57NO3,[M + Na]+,C28H57NO3,Fatty acids,0.9758029580116272,Unknown,0.6498963236808777,Unknown,0.22512872517108917,Unknown,0.6062192916870117,NA,NA,NA,NA,NA,NA,NA,NA,NA
x33005_676_6236_13_889,676.6236,13.889,O-18:0,33005,Unknown,NA,C43H81NO4,[M + H]+,C43H81NO4,Fatty acids,0.9933083057403564,Unknown,0.5728129148483276,Unknown,0.5678573250770569,Unknown,0.6882365345954895,NA,NA,NA,NA,NA,NA,NA,NA,NA
x30990_674_60816_13_452,674.60816,13.452,O-18:0,30990,Unknown,NA,C43H79NO4,[M + H]+,C43H79NO4,Fatty acids,0.9989938139915466,Glycerolipids,0.8918692469596863,Unknown,0.6304370760917664,N-acyl-alpha amino acids and derivatives,0.8698070645332336,NA,NA,NA,NA,NA,NA,NA,NA,NA
x37947_964_83442_15_366,964.83442,15.366,O-18:0,37947,Triacylglycerols,NA,C60H111NO6,[M + Na]+,C60H111NO6,Fatty acids,0.9996832609176636,Glycerolipids,0.930138349533081,Triacylglycerols,0.9961344003677368,N-acyl amines,0.9542213082313538,NA,NA,NA,NA,NA,NA,NA,NA,NA
x5072_434_36337_3_679,434.36337,3.679,O-18:0,5072,Unknown,NA,C27H47NO3,[M + H]+,C27H47NO3,Unknown,0.21356326341629028,Unknown,0.06007328256964683,Unknown,0.20146407186985016,Unknown,0.5012917518615723,NA,NA,NA,NA,NA,NA,NA,NA,NA
x39087_782_76131_15_819,782.76131,15.819,O-18:0,39087,Unknown,NA,NA,NA,NA,Unknown,NA,Unknown,NA,Unknown,NA,Unknown,NA,NA,NA,NA,NA,NA,NA,NA,NA,NA
x34067_598_55628_14_136,598.55628,14.136,O-18:0,34067,Unknown,NA,C40H71NO2,[M + H]+,C40H71NO2,Fatty acids,0.9899120926856996,Unknown,0.5613537430763245,Unknown,0.435837596654892,N-acyl amines,0.9859267473220824,NA,NA,NA,NA,NA,NA,NA,NA,NA
x32666_626_60906_13_844,626.60906,13.844,O-18:0,32666,Diacylglycerols,NA,C39H76O4,[M + H3N + H]+,C39H79NO4,Fatty acids,0.9992928504943848,Glycerolipids,0.9972872734069824,Diacylglycerols,0.9993277788162231,"1,2-diacylglycerols",0.9396071434020996,NA,NA,NA,NA,NA,NA,NA,NA,NA
x3860_434_36279_3_271,434.36279,3.271,O-18:0,3860,Unknown,NA,C27H47NO3,[M + H]+,C27H47NO3,Unknown,0.4563293755054474,Unknown,0.11432252079248428,Unknown,0.17572787404060364,Unknown,0.7267157435417175,NA,NA,NA,NA,NA,NA,NA,NA,NA
x6579_434_33986_4_121,434.33986,4.121,O-18:0,6579,Unknown,NA,C23H48NO4P,[M + H]+,C23H48NO4P,Fatty acids,0.99053156375885,Unknown,0.384504109621048,Unknown,0.4113353192806244,Phosphate esters,0.9684090614318848,NA,NA,NA,NA,NA,NA,NA,NA,NA
x30120_674_60813_13_243,674.60813,13.243,O-18:0,30120,Diacylglycerols,NA,C43H79NO4,[M + H]+,C43H79NO4,Fatty acids,0.9998082518577576,Glycerolipids,0.9868467450141908,Diacylglycerols,0.8915077447891235,Unknown,0.6594956517219543,NA,NA,NA,NA,NA,NA,NA,NA,NA
x5121_698_64441_3_659,698.64441,3.659,O-18:0,5121,Unknown,NA,C44H85NO3,[M + Na]+,C44H85NO3,Fatty acids,0.9677322506904602,Unknown,0.64714515209198,Unknown,0.5786747336387634,Unknown,0.6115657091140747,NA,NA,NA,NA,NA,NA,NA,NA,NA
x14235_466_42578_6_942,466.42578,6.942,O-18:0,14235,Unknown,NA,C29H55NO3,[M + H]+,C29H55NO3,Fatty acids,0.9131535291671752,Unknown,0.643297016620636,Unknown,0.38936975598335266,Unknown,0.5152149796485901,NA,NA,NA,NA,NA,NA,NA,NA,NA
x32880_702_63867_13_837,702.63867,13.837,O-18:0,32880,Unknown,NA,C45H83NO4,[M + H]+,C45H83NO4,Fatty acids,0.9720072150230408,Unknown,0.75786954164505,Unknown,0.4450954496860504,Unknown,0.5139181017875671,NA,NA,NA,NA,NA,NA,NA,NA,NA
x13607_392_38914_6_704,392.38914,6.704,O-18:0,13607,Unknown,NA,C26H49NO,[M + H]+,C26H49NO,Unknown,0.8097559809684753,Unknown,0.48110198974609375,Unknown,0.4981947839260102,Steroidal alkaloids,0.8595362305641174,NA,NA,NA,NA,NA,NA,NA,NA,NA
x34709_626_58797_14_277,626.58797,14.277,O-18:0,34709,Unknown,NA,C42H75NO2,[M + H]+,C42H75NO2,Fatty acids,0.9983900785446168,Unknown,0.786576509475708,Unknown,0.3343108594417572,N-acyl amines,0.9966065883636476,NA,NA,NA,NA,NA,NA,NA,NA,NA
x14419_354_37329_7_066,354.37329,7.066,O-18:0,14419,Unknown,NA,C23H47NO,[M + H]+,C23H47NO,Unknown,0.8103907108306885,Unknown,0.4646855294704437,Unknown,0.2945420742034912,Unknown,0.5985140800476074,NA,NA,NA,NA,NA,NA,NA,NA,NA
x40478_818_55057_16_461,818.55057,16.461,O-18:0,40478,Unknown,NA,NA,NA,NA,Unknown,NA,Unknown,NA,Unknown,NA,Unknown,NA,NA,NA,NA,NA,NA,NA,NA,NA,NA
x11967_378_37358_6_088,378.37358,6.088,O-18:0,11967,Unknown,NA,C25H47NO,[M + H]+,C25H47NO,Unknown,0.3850873410701752,Unknown,0.2086958885192871,Unknown,0.18656039237976071,Unknown,0.7618919014930725,NA,NA,NA,NA,NA,NA,NA,NA,NA
x37597_736_71686_15_237,736.71686,15.237,O-18:0,37597,Diacylglycerols,NA,C47H90O4,[M + H3N + H]+,C47H93NO4,Fatty acids,0.99997079372406,Glycerolipids,0.9993163347244264,Diacylglycerols,0.9947543144226074,"1,2-diacylglycerols",0.8836786150932312,NA,NA,NA,NA,NA,NA,NA,NA,NA
x41213_878_8186_16_932,878.8186,16.932,18:0,41213,Triacylglycerols,TAG(16:0/18:0/18:1) [M+NH4]+,NA,NA,NA,Unknown,NA,Unknown,NA,Unknown,NA,Unknown,NA,NA,NA,NA,NA,NA,Glycerolipid,Triacylglycerols,Triacylglycerols,TAG(16:0/18:0/18:1) [M+NH4]+
x40747_902_81778_16_618,902.81778,16.618,18:0,40747,Triacylglycerols,NA,C55H109NO6,[M + Na]+,C55H109NO6,Fatty acids,0.999782383441925,Glycerolipids,0.9867380857467652,Triacylglycerols,0.9996024966239928,Triacylglycerols,0.9618199467658995,NA,NA,NA,NA,NA,NA,NA,NA,NA
x40912_928_83443_16_707,928.83443,16.707,18:0,40912,Triacylglycerols,TAG(16:0/18:0/22:4) [M+NH4]+,C59H109NO6,[M + H]+,C59H109NO6,Fatty acids,0.9997833371162416,Glycerolipids,0.9872254729270936,Triacylglycerols,0.998524010181427,Unknown,0.7218982577323914,NA,NA,NA,NA,NA,Glycerolipid,Triacylglycerols,Triacylglycerols,TAG(16:0/18:0/22:4) [M+NH4]+
x30258_690_60437_13_288,690.60437,13.288,18:0,30258,Diacylglycerols,DAG(18:0/22:4) [M+NH4]+,NA,NA,NA,Unknown,NA,Unknown,NA,Unknown,NA,Unknown,NA,NA,NA,NA,NA,NA,Glycerolipid,Diacylglycerols,Diacylglycerols,DAG(18:0/22:4) [M+NH4]+
x38803_824_77046_15_715,824.77046,15.715,18:0,38803,Triacylglycerols,TAG(16:0/16:0/16:0) [M+NH4]+,C48H93N11,[M + H]+,C48H93N11,Alkaloids,0.9969893097877502,Unknown,0.3104395568370819,Unknown,0.5280017852783203,Unknown,0.5521205067634583,NA,NA,NA,NA,NA,Glycerolipid,Triacylglycerols,Triacylglycerols,TAG(16:0/16:0/16:0) [M+NH4]+
x39895_796_73948_16_172,796.73948,16.172,18:0,39895,Triacylglycerols,TAG(14:0/16:0/16:0) [M+NH4]+,C23H12Cl4I2N2O2S,[M + Na]+,C23H12Cl4I2N2O2S,Alkaloids,0.995740294456482,Unknown,0.7776298522949219,Pyrrole alkaloids,0.9305726289749146,Unknown,0.7936344146728516,NA,NA,NA,NA,NA,Glycerolipid,Triacylglycerols,Triacylglycerols,TAG(14:0/16:0/16:0) [M+NH4]+
x41194_904_83387_16_917,904.83387,16.917,18:0,41194,Triacylglycerols,TAG(16:0/16:0/22:2) [M+NH4]+,C57H109NO6,[M + H]+,C57H109NO6,Fatty acids,0.9996342658996582,Glycerolipids,0.997816801071167,Triacylglycerols,0.9999889135360718,Triacylglycerols,0.993874490261078,NA,NA,NA,NA,NA,Glycerolipid,Triacylglycerols,Triacylglycerols,TAG(16:0/16:0/22:2) [M+NH4]+
x4214_358_368_3_384,358.368,3.384,18:0,4214,Unknown,Stearyldiethanolamine,C22H47NO2,[M + H]+,C22H47NO2,Fatty acids,0.978854775428772,Fatty acyls,0.9010708332061768,Unknown,0.8465197086334229,"1,2-aminoalcohols",0.9570761919021606,0.938563,0,Stearyldiethanolamine,Organonitrogen compounds,Amines,NA,NA,NA,NA
x41273_886_82369_16_981,886.82369,16.981,18:0,41273,MADAG,MADAG(O-16:0/18:0/20:4) / (O-16:0/16:0/22:4) [M+NH4]+,NA,NA,NA,Unknown,NA,Unknown,NA,Unknown,NA,Unknown,NA,NA,NA,NA,NA,NA,Glycerolipid,Monoalkyldiacylglycerols,MADAG,MADAG(O-16:0/18:0/20:4) / (O-16:0/16:0/22:4) [M+NH4]+
x39396_878_81821_15_961,878.81821,15.961,18:0,39396,Triacylglycerols,TAG(16:0/18:0/18:1) [M+NH4]+,C55H104O6,[M + H3N + H]+,C55H107NO6,Fatty acids,0.9995682835578918,Glycerolipids,0.9992235898971558,Triacylglycerols,0.999950647354126,Triacylglycerols,0.9998571872711182,NA,NA,NA,NA,NA,Glycerolipid,Triacylglycerols,Triacylglycerols,TAG(16:0/18:0/18:1) [M+NH4]+
x40828_884_80748_16_617,884.80748,16.617,18:0,40828,MADAG,MADAG(O-18:0/16:0/20:5) [M+NH4]+,NA,NA,NA,Unknown,NA,Unknown,NA,Unknown,NA,Unknown,NA,NA,NA,NA,NA,NA,Glycerolipid,Monoalkyldiacylglycerols,MADAG,MADAG(O-18:0/16:0/20:5) [M+NH4]+
x39422_912_83873_15_969,912.83873,15.969,18:0,39422,MADAG,MADAG(56:5) [M+NH4]+,C59H109NO5,[M + H]+,C59H109NO5,Fatty acids,0.9999010562896729,Glycerolipids,0.980379581451416,Triacylglycerols,0.9964841604232788,Unknown,0.8223949074745178,NA,NA,NA,NA,NA,Glycerolipid,Monoalkyldiacylglycerols,MADAG,MADAG(56:5) [M+NH4]+
x40856_954_84718_16_66,954.84718,16.66,18:0,40856,Triacylglycerols,TAG(18:0/18:0/22:5) [M+NH4]+,C25H32I4N2O4,[M + Na]+,C25H32I4N2O4,Unknown,0.27673280239105225,Unknown,0.16165530681610107,Unknown,0.26247134804725647,Unknown,0.5274227857589722,NA,NA,NA,NA,NA,Glycerolipid,Triacylglycerols,Triacylglycerols,TAG(18:0/18:0/22:5) [M+NH4]+
x39443_852_8021_15_99,852.8021,15.99,18:0,39443,Triacylglycerols,TAG(16:0/16:0/18:0) [M+NH4]+,C53H105NO6,[M + H]+,C53H105NO6,Fatty acids,0.9994527697563172,Glycerolipids,0.9972925782203674,Triacylglycerols,0.9999270439147948,Triacylglycerols,0.9948775768280028,NA,NA,NA,NA,NA,Glycerolipid,Triacylglycerols,Triacylglycerols,TAG(16:0/16:0/18:0) [M+NH4]+
x41385_956_8657_17_079,956.8657,17.079,18:0,41385,Triacylglycerols,TAG(18:0/18:0/22:4) / (16:0/20:0/22:4) [M+NH4]+,C57H109N7O4,[M + H]+,C57H109N7O4,Fatty acids,0.9261080622673036,Unknown,0.3672649562358856,Unknown,0.29081588983535767,N-acyl amines,0.9551799297332764,NA,NA,NA,NA,NA,Glycerolipid,Triacylglycerols,Triacylglycerols,TAG(18:0/18:0/22:4) / (16:0/20:0/22:4) [M+NH4]+
x2242_385_37878_2_244,385.37878,2.244,18:0,2242,Unknown,NA,C23H48N2O2,[M + H]+,C23H48N2O2,Fatty acids,0.9983721375465392,Fatty amides,0.9534682631492616,Unknown,0.5660297870635986,Unknown,0.8335984349250793,NA,NA,NA,NA,NA,NA,NA,NA,NA
x9817_372_38384_5_193,372.38384,5.193,18:0,9817,Unknown,NA,C23H49NO2,[M + H]+,C23H49NO2,Fatty acids,0.998917818069458,Unknown,0.7848001718521118,Unknown,0.4307093024253845,N-acyl amines,0.8954482674598694,NA,NA,NA,NA,NA,NA,NA,NA,NA
x41557_906_85001_17_283,906.85001,17.283,18:0,41557,Triacylglycerols,TAG(16:0/18:1/20:0) / (16:0/18:0/20:1) [M+NH4]+,NA,NA,NA,Unknown,NA,Unknown,NA,Unknown,NA,Unknown,NA,NA,NA,NA,NA,NA,Glycerolipid,Triacylglycerols,Triacylglycerols,TAG(16:0/18:1/20:0) / (16:0/18:0/20:1) [M+NH4]+
x27561_686_57142_12_607,686.57142,12.607,18:0,27561,Unknown,NA,NA,NA,NA,Unknown,NA,Unknown,NA,Unknown,NA,Unknown,NA,NA,NA,NA,NA,NA,NA,NA,NA,NA
x41256_852_80258_16_969,852.80258,16.969,18:0,41256,Triacylglycerols,TAG(16:0/16:0/18:0) [M+NH4]+,C53H105NO6,[M + H]+,C53H105NO6,Fatty acids,0.9995063543319702,Glycerolipids,0.997442364692688,Triacylglycerols,0.9999270439147948,Triacylglycerols,0.994900643825531,NA,NA,NA,NA,NA,Glycerolipid,Triacylglycerols,Triacylglycerols,TAG(16:0/16:0/18:0) [M+NH4]+
x28430_688_58733_12_844,688.58733,12.844,18:0,28430,Unknown,NA,NA,NA,NA,Unknown,NA,Unknown,NA,Unknown,NA,Unknown,NA,NA,NA,NA,NA,NA,NA,NA,NA,NA
x39713_938_85368_16_033,938.85368,16.033,18:0,39713,MADAG,MADAG(58:6) [M+NH4]+,NA,NA,NA,Unknown,NA,Unknown,NA,Unknown,NA,Unknown,NA,NA,NA,NA,NA,NA,Glycerolipid,Monoalkyldiacylglycerols,MADAG,MADAG(58:6) [M+NH4]+
x32113_570_52527_13_704,570.52527,13.704,18:0,32113,Unknown,NA,C38H67NO2,[M + H]+,C38H67NO2,Fatty acids,0.9995322227478028,Unknown,0.7489752769470215,Unknown,0.5283122062683105,N-acyl amines,0.9710182547569276,NA,NA,NA,NA,NA,NA,NA,NA,NA
x27749_662_57157_12_662,662.57157,12.662,18:0,27749,Diacylglycerols,DAG(16:0/22:4) [M+NH4]+,NA,NA,NA,Unknown,NA,Unknown,NA,Unknown,NA,Unknown,NA,NA,NA,NA,NA,NA,Glycerolipid,Diacylglycerols,Diacylglycerols,DAG(16:0/22:4) [M+NH4]+
x38989_1000_82878_15_768,1000.82878,15.768,18:0,38989,Triacylglycerols,TAG(16:0/18:3/28:7) [M+NH4]+,NA,NA,NA,Unknown,NA,Unknown,NA,Unknown,NA,Unknown,NA,NA,NA,NA,NA,NA,Glycerolipid,Triacylglycerols,Triacylglycerols,TAG(16:0/18:3/28:7) [M+NH4]+
x40207_864_84029_16_319,864.84029,16.319,18:0,40207,MADAG,MADAG(O-18:0/16:0/18:1) / (O-18:0/14:0/20:1) [M+NH4]+,C55H106O5,[M + H3N + H]+,C55H109NO5,Fatty acids,0.9997527003288268,Glycerolipids,0.9985910058021544,Triacylglycerols,0.9997218251228333,Triacylglycerols,0.9375562071800232,NA,NA,NA,NA,NA,Glycerolipid,Monoalkyldiacylglycerols,MADAG,MADAG(O-18:0/16:0/18:1) / (O-18:0/14:0/20:1) [M+NH4]+
x41596_914_85546_17_336,914.85546,17.336,18:0,41596,MADAG,MADAG(56:4) [M+NH4]+,NA,NA,NA,Unknown,NA,Unknown,NA,Unknown,NA,Unknown,NA,NA,NA,NA,NA,NA,Glycerolipid,Monoalkyldiacylglycerols,MADAG,MADAG(56:4) [M+NH4]+
x20147_516_47843_9_503,516.47843,9.503,18:0,20147,Unknown,NA,C34H61NO2,[M + H]+,C34H61NO2,Fatty acids,0.9490548968315125,Unknown,0.5936523675918579,Unknown,0.6532688140869141,Unknown,0.5931985974311829,NA,NA,NA,NA,NA,NA,NA,NA,NA
x41546_932_86601_17_263,932.86601,17.263,18:0,41546,Unknown,NA,C25H32I4N2O4,[M + H]+,C25H32I4N2O4,Unknown,0.5043905377388,Unknown,0.08211412280797958,Unknown,0.08541830629110336,Unknown,0.687118411064148,NA,NA,NA,NA,NA,NA,NA,NA,NA
x8286_358_36825_4_637,358.36825,4.637,18:0,8286,Unknown,NA,C22H47NO2,[M + H]+,C22H47NO2,Fatty acids,0.9993481040000916,Unknown,0.8437461853027344,Unknown,0.09281844645738602,Unknown,0.8092440366744995,NA,NA,NA,NA,NA,NA,NA,NA,NA
x25077_590_5509_11_94,590.5509,11.94,18:0,25077,Unknown,NA,C38H71NO3,[M + H]+,C38H71NO3,Unknown,0.7222278714179993,Triterpenoids,0.8965625762939453,Unknown,0.5793038606643677,Triterpenoids,0.9711093902587892,NA,NA,NA,NA,NA,NA,NA,NA,NA
x15968_680_5837_7_664,680.5837,7.664,18:0,15968,Unknown,NA,C41H77NO6,[M + H]+,C41H77NO6,Fatty acids,0.9973211884498596,Unknown,0.6441990733146667,Unknown,0.298363596200943,Unknown,0.8269777894020081,NA,NA,NA,NA,NA,NA,NA,NA,NA
x30409_716_61874_13_319,716.61874,13.319,18:0,30409,Unknown,NA,NA,NA,NA,Unknown,NA,Unknown,NA,Unknown,NA,Unknown,NA,NA,NA,NA,NA,NA,NA,NA,NA,NA
x27783_688_58586_12_672,688.58586,12.672,18:0,27783,Unknown,NA,NA,NA,NA,Unknown,NA,Unknown,NA,Unknown,NA,Unknown,NA,NA,NA,NA,NA,NA,NA,NA,NA,NA
x11459_386_39885_5_793,386.39885,5.793,18:0,11459,Unknown,NA,C24H51NO2,[M + H]+,C24H51NO2,Fatty acids,0.9989848732948304,Unknown,0.7739361524581909,Unknown,0.567651093006134,N-acyl amines,0.9348374009132384,NA,NA,NA,NA,NA,NA,NA,NA,NA
x40085_916_86895_16_242,916.86895,16.242,18:0,40085,Unknown,NA,NA,NA,NA,Unknown,NA,Unknown,NA,Unknown,NA,Unknown,NA,NA,NA,NA,NA,NA,NA,NA,NA,NA
x40599_934_88001_16_521,934.88001,16.521,18:0,40599,Triacylglycerols,NA,C59H115NO6,[M + H]+,C59H115NO6,Fatty acids,0.9969167709350586,Glycerolipids,0.9063903093338012,Triacylglycerols,0.995234191417694,Unknown,0.7851100564002991,NA,NA,NA,NA,NA,NA,NA,NA,NA
x39923_850_82507_16_185,850.82507,16.185,18:0,39923,Triacylglycerols,NA,C54H104O5,[M + H3N + H]+,C54H107NO5,Fatty acids,0.9997219443321228,Glycerolipids,0.9985985159873962,Triacylglycerols,0.9997335076332092,Triacylglycerols,0.9462357759475708,NA,NA,NA,NA,NA,NA,NA,NA,NA
x8413_472_36425_4_684,472.36425,4.684,18:0,8413,Unknown,NA,C26H49NO6,[M + H]+,C26H49NO6,Unknown,0.7423776984214783,Unknown,0.5033935308456421,Unknown,0.1305597424507141,Unknown,0.556077241897583,NA,NA,NA,NA,NA,NA,NA,NA,NA
x33991_796_70386_14_131,796.70386,14.131,18:0,33991,Triacylglycerols,NA,C48H93NO7,[M + H]+,C48H93NO7,Fatty acids,0.9991322159767152,Unknown,0.7965245842933655,Triacylglycerols,0.9897470474243164,N-acyl amines,0.8993501663208008,NA,NA,NA,NA,NA,NA,NA,NA,NA
x28449_662_56951_12_84,662.56951,12.84,18:0,28449,Unknown,NA,NA,NA,NA,Unknown,NA,Unknown,NA,Unknown,NA,Unknown,NA,NA,NA,NA,NA,NA,NA,NA,NA,NA
x32092_796_70315_13_703,796.70315,13.703,18:0,32092,Unknown,NA,C14H12I4N2O5,[M + H]+,C14H12I4N2O5,Unknown,0.5374858379364014,Small peptides,0.8806518912315369,Unknown,0.17743222415447235,Unknown,0.6004092693328857,NA,NA,NA,NA,NA,NA,NA,NA,NA
x40527_942_8461_16_471,942.8461,16.471,18:0,40527,Triacylglycerols,NA,C60H111NO6,[M + H]+,C60H111NO6,Fatty acids,0.9985431432724,Glycerolipids,0.9946118593215942,Triacylglycerols,0.9999850988388062,Triacylglycerols,0.9889178276062012,NA,NA,NA,NA,NA,NA,NA,NA,NA
x8570_567_43907_4_743,567.43907,4.743,18:0,8570,Unknown,NA,C32H58N2O6,[M + H]+,C32H58N2O6,Amino acids and Peptides,0.8584832549095154,Unknown,0.5760365724563599,Unknown,0.3421448767185211,Unknown,0.5790897011756897,NA,NA,NA,NA,NA,NA,NA,NA,NA
x24784_588_53567_11_863,588.53567,11.863,18:0,24784,Unknown,NA,NA,NA,NA,Unknown,NA,Unknown,NA,Unknown,NA,Unknown,NA,NA,NA,NA,NA,NA,NA,NA,NA,NA
x40641_892_87146_16_547,892.87146,16.547,18:0,40641,Unknown,NA,NA,NA,NA,Unknown,NA,Unknown,NA,Unknown,NA,Unknown,NA,NA,NA,NA,NA,NA,NA,NA,NA,NA
x41674_864_83947_17_435,864.83947,17.435,18:0,41674,MADAG,MADAG(O-18:0/16:0/18:1) / (O-18:0/14:0/20:1) [M+NH4]+,C55H106O5,[M + H3N + H]+,C55H109NO5,Fatty acids,0.9998718500137328,Glycerolipids,0.9988569021224976,Triacylglycerols,0.9998249411582948,Triacylglycerols,0.9800185561180116,NA,NA,NA,NA,NA,Glycerolipid,Monoalkyldiacylglycerols,MADAG,MADAG(O-18:0/16:0/18:1) / (O-18:0/14:0/20:1) [M+NH4]+
x16802_356_35226_8_049,356.35226,8.049,18:0,16802,Unknown,NA,C22H45NO2,[M + H]+,C22H45NO2,Unknown,0.7277104258537292,Unknown,0.44460755586624146,Unknown,0.11199548840522766,Unknown,0.564515233039856,NA,NA,NA,NA,NA,NA,NA,NA,NA
x26568_660_5553_12_362,660.5553,12.362,18:0,26568,Unknown,NA,NA,NA,NA,Unknown,NA,Unknown,NA,Unknown,NA,Unknown,NA,NA,NA,NA,NA,NA,NA,NA,NA,NA
x40408_878_8572_16_404,878.8572,16.404,18:0,40408,Unknown,NA,NA,NA,NA,Unknown,NA,Unknown,NA,Unknown,NA,Unknown,NA,NA,NA,NA,NA,NA,NA,NA,NA,NA
x39590_982_88043_16_013,982.88043,16.013,18:0,39590,Triacylglycerols,NA,C63H115NO6,[M + H]+,C63H115NO6,Fatty acids,0.9999724626541138,Glycerolipids,0.9983443021774292,Triacylglycerols,0.9999842643737792,Triacylglycerols,0.9992777705192566,NA,NA,NA,NA,NA,NA,NA,NA,NA
x8157_653_47466_4_585,653.47466,4.585,18:0,8157,Unknown,NA,C36H64N2O8,[M + H]+,C36H64N2O8,Unknown,0.6815325021743774,Unknown,0.2227461338043213,Unknown,0.1589210480451584,Unknown,0.7284687757492065,NA,NA,NA,NA,NA,NA,NA,NA,NA
x8998_434_39937_4_917,434.39937,4.917,18:0,8998,Unknown,NA,NA,NA,NA,Unknown,NA,Unknown,NA,Unknown,NA,Unknown,NA,NA,NA,NA,NA,NA,NA,NA,NA,NA
x36375_845_76909_14_804,845.76909,14.804,18:0,36375,Unknown,NA,C53H100N2O5,[M + H]+,C53H100N2O5,Fatty acids,0.9673259258270264,Unknown,0.5742733478546143,Unknown,0.40369975566864014,N-acyl amines,0.93704986572265625,NA,NA,NA,NA,NA,NA,NA,NA,NA
x29521_664_58531_13_119,664.58531,13.119,18:0,29521,Unknown,NA,NA,NA,NA,Unknown,NA,Unknown,NA,Unknown,NA,Unknown,NA,NA,NA,NA,NA,NA,NA,NA,NA,NA
x8040_555_43913_4_537,555.43913,4.537,18:0,8040,Unknown,NA,C31H58N2O6,[M + H]+,C31H58N2O6,Unknown,0.8491856455802917,Unknown,0.4875433146953583,Unknown,0.5077962279319763,Unknown,0.7382363677024841,NA,NA,NA,NA,NA,NA,NA,NA,NA
x11686_462_43131_5_884,462.43131,5.884,18:0,11686,Unknown,NA,C30H55NO2,[M + H]+,C30H55NO2,Unknown,0.7508471012115479,Unknown,0.6895413994789124,Unknown,0.3643952012062073,Unknown,0.5002555847167969,NA,NA,NA,NA,NA,NA,NA,NA,NA
x40442_896_83014_16_446,896.83014,16.446,18:0,40442,Triacylglycerols,NA,C55H109NO7,[M + H]+,C55H109NO7,Fatty acids,0.999852418899536,Glycerolipids,0.9984429478645324,Triacylglycerols,0.999990463256836,Triacylglycerols,0.9998249411582948,NA,NA,NA,NA,NA,NA,NA,NA,NA
x22682_580_5311_10_836,580.5311,10.836,18:0,22682,Unknown,NA,NA,NA,NA,Unknown,NA,Unknown,NA,Unknown,NA,Unknown,NA,NA,NA,NA,NA,NA,NA,NA,NA,NA
x32744_768_67366_13_842,768.67366,13.842,18:0,32744,Unknown,NA,C46H89NO7,[M + H]+,C46H89NO7,Fatty acids,0.9934564232826232,Unknown,0.725791871547699,Unknown,0.7245649099349976,N-acyl amines,0.9107678532600404,NA,NA,NA,NA,NA,NA,NA,NA,NA
x31196_726_62356_13_471,726.62356,13.471,18:0,31196,Triacylglycerols,NA,C43H83NO7,[M + H]+,C43H83NO7,Fatty acids,0.999935269355774,Glycerolipids,0.9198766350746156,Triacylglycerols,0.9868313074111938,Triacylglycerols,0.9137238264083862,NA,NA,NA,NA,NA,NA,NA,NA,NA
x7211_555_43924_4_337,555.43924,4.337,18:0,7211,Unknown,NA,C31H58N2O6,[M + H]+,C31H58N2O6,Unknown,0.7714534997940063,Unknown,0.3591800928115845,Unknown,0.3609350919723511,Unknown,0.6503084301948547,NA,NA,NA,NA,NA,NA,NA,NA,NA
x29598_642_57878_13_155,642.57878,13.155,18:0,29598,Unknown,NA,C42H75NO3,[M + H]+,C42H75NO3,Fatty acids,0.997026264667511,Unknown,0.47859683632850647,Unknown,0.3277614414691925,N-acyl amines,0.9940000772476196,NA,NA,NA,NA,NA,NA,NA,NA,NA
x31241_716_61788_13_504,716.61788,13.504,18:0,31241,Unknown,NA,NA,NA,NA,Unknown,NA,Unknown,NA,Unknown,NA,Unknown,NA,NA,NA,NA,NA,NA,NA,NA,NA,NA
x13792_558_47399_6_761,558.47399,6.761,18:0,13792,Unknown,NA,C32H63NO6,[M + H]+,C32H63NO6,Fatty acids,0.98542320728302,Unknown,0.5423604846000671,Unknown,0.35238832235336304,Unknown,0.8378461003303528,NA,NA,NA,NA,NA,NA,NA,NA,NA
x8202_484_41591_4_603,484.41591,4.603,18:0,8202,Unknown,NA,C32H53NO2,[M + H]+,C32H53NO2,Unknown,0.7650749087333679,Unknown,0.8009911179542542,Unknown,0.39199844002723694,Unknown,0.6999388933181763,NA,NA,NA,NA,NA,NA,NA,NA,NA
x14549_663_53702_7_104,663.53702,7.104,18:0,14549,Unknown,NA,C36H74N2O6S,[M + H]+,C36H74N2O6S,Fatty acids,0.9771738052368164,Unknown,0.4899047017097473,Unknown,0.6976075172424316,N-acyl amines,0.8575357794761658,NA,NA,NA,NA,NA,NA,NA,NA,NA
x15910_677_55515_7_598,677.55515,7.598,18:0,15910,Unknown,NA,C37H74N4O5,[M + Na]+,C37H74N4O5,Unknown,0.8286779522895813,Unknown,0.7745984196662903,Unknown,0.7321974635124207,Alpha amino acids and derivatives,0.9861772656440736,NA,NA,NA,NA,NA,NA,NA,NA,NA
x8596_469_40105_4_748,469.40105,4.748,18:0,8596,Unknown,NA,C27H52N2O4,[M + H]+,C27H52N2O4,Unknown,0.7390289306640625,Unknown,0.6483784914016724,Unknown,0.2202834784984589,Unknown,0.6007336974143982,NA,NA,NA,NA,NA,NA,NA,NA,NA
x32029_692_61769_13_667,692.61769,13.667,18:0,32029,Unknown,NA,NA,NA,NA,Unknown,NA,Unknown,NA,Unknown,NA,Unknown,NA,NA,NA,NA,NA,NA,NA,NA,NA,NA
x28944_568_56742_12_995,568.56742,12.995,18:0,28944,Unknown,NA,C36H73NO3,[M + H]+,C36H73NO3,Fatty acids,0.9805230498313904,Unknown,0.401368111371994,Unknown,0.40079185366630554,Unknown,0.625945508480072,NA,NA,NA,NA,NA,NA,NA,NA,NA
x39922_918_84455_16_192,918.84455,16.192,18:0,39922,Triacylglycerols,NA,C56H113NO6,[M + Na]+,C56H113NO6,Fatty acids,0.9992881417274476,Glycerolipids,0.9950130581855774,Triacylglycerols,0.9999258518218994,Triacylglycerols,0.9812761545181274,NA,NA,NA,NA,NA,NA,NA,NA,NA
x15888_581_56334_7_612,581.56334,7.612,18:0,15888,Unknown,NA,C36H72N2O3,[M + H]+,C36H72N2O3,Fatty acids,0.9745455980300904,Unknown,0.7798097133636475,Unknown,0.7941224575042725,N-acyl amines,0.8882514238357544,NA,NA,NA,NA,NA,NA,NA,NA,NA
x35462_691_74554_14_487,691.74554,14.487,18:0,35462,Unknown,NA,NA,NA,NA,Unknown,NA,Unknown,NA,Unknown,NA,Unknown,NA,NA,NA,NA,NA,NA,NA,NA,NA,NA
x19765_608_50592_9_293,608.50592,9.293,18:0,19765,Unknown,NA,C40H65NO3,[M + H]+,C40H65NO3,Fatty acids,0.9982677698135376,Unknown,0.7622098922729492,Unknown,0.4739038348197937,N-acyl amines,0.9883182644844056,NA,NA,NA,NA,NA,NA,NA,NA,NA
x5072_434_36337_3_679,434.36337,3.679,18:0,5072,Unknown,NA,C27H47NO3,[M + H]+,C27H47NO3,Unknown,0.21356326341629028,Unknown,0.06007328256964683,Unknown,0.20146407186985016,Unknown,0.5012917518615723,NA,NA,NA,NA,NA,NA,NA,NA,NA
x5968_456_38482_3_914,456.38482,3.914,18:0,5968,Unknown,NA,C30H49NO2,[M + H]+,C30H49NO2,Terpenoids,0.9299365282058716,Unknown,0.8395252823829651,Unknown,0.8403705358505249,Unknown,0.7090803384780884,NA,NA,NA,NA,NA,NA,NA,NA,NA
x31501_666_60215_13_574,666.60215,13.574,18:0,31501,Unknown,NA,NA,NA,NA,Unknown,NA,Unknown,NA,Unknown,NA,Unknown,NA,NA,NA,NA,NA,NA,NA,NA,NA,NA
x7471_641_47408_4_407,641.47408,4.407,18:0,7471,Unknown,NA,C35H64N2O8,[M + H]+,C35H64N2O8,Unknown,0.7333142757415771,Unknown,0.40998026728630066,Unknown,0.5882108807563782,Unknown,0.5293253660202026,NA,NA,NA,NA,NA,NA,NA,NA,NA
x28476_714_60337_12_81,714.60337,12.81,18:0,28476,Unknown,NA,NA,NA,NA,Unknown,NA,Unknown,NA,Unknown,NA,Unknown,NA,NA,NA,NA,NA,NA,NA,NA,NA,NA
x30826_764_64428_13_399,764.64428,13.399,18:0,30826,Unknown,NA,C19H11Br5N2O5,[M + Na]+,C19H11Br5N2O5,Unknown,0.32922300696372986,Unknown,0.4590733051300049,Unknown,0.663761556148529,Unknown,0.8060757517814636,NA,NA,NA,NA,NA,NA,NA,NA,NA
x10172_448_41503_5_335,448.41503,5.335,18:0,10172,Unknown,NA,C29H53NO2,[M + H]+,C29H53NO2,Fatty acids,0.986244022846222,Fatty amides,0.870543897151947,Unknown,0.3481387197971344,N-acyl amines,0.9767451882362366,NA,NA,NA,NA,NA,NA,NA,NA,NA
x16411_677_55371_7_837,677.55371,7.837,18:0,16411,Unknown,NA,C37H74N4O5,[M + Na]+,C37H74N4O5,Unknown,0.7564484477043152,Unknown,0.1940053254365921,Unknown,0.179354727268219,Alpha amino acids and derivatives,0.9055050611495972,NA,NA,NA,NA,NA,NA,NA,NA,NA
x10527_386_39939_5_45,386.39939,5.45,18:0,10527,Unknown,NA,C24H51NO2,[M + H]+,C24H51NO2,Fatty acids,0.9994955062866212,Fatty amides,0.8773562908172607,Unknown,0.11060664802789688,N-acyl amines,0.912229299545288,NA,NA,NA,NA,NA,NA,NA,NA,NA
x32991_822_72042_13_902,822.72042,13.902,18:0,32991,Triacylglycerols,NA,C50H95NO7,[M + H]+,C50H95NO7,Fatty acids,0.9990376234054564,Unknown,0.689747154712677,Triacylglycerols,0.9219526052474976,Unknown,0.7095088362693787,NA,NA,NA,NA,NA,NA,NA,NA,NA
x38638_839_81919_15_603,839.81919,15.603,18:0,38638,Unknown,NA,C57H106O3,[M + H]+,C57H106O3,Terpenoids,0.9797486662864684,Unknown,0.5387848615646362,Unknown,0.6640403270721436,Polyterpenoids,0.8750279545783997,NA,NA,NA,NA,NA,NA,NA,NA,NA
x6800_546_40166_4_176,546.40166,4.176,18:0,6800,Unknown,NA,C29H55NO8,[M + H]+,C29H55NO8,Unknown,0.17167368531227112,Unknown,0.2273122072219849,Unknown,0.12289289385080338,Unknown,0.738740861415863,NA,NA,NA,NA,NA,NA,NA,NA,NA
x31439_740_64256_13_552,740.64256,13.552,18:0,31439,Unknown,NA,C44H85NO7,[M + H]+,C44H85NO7,Fatty acids,0.9848909974098206,Unknown,0.8384730815887451,Unknown,0.3919775784015655,N-acyl amines,0.9403440356254578,NA,NA,NA,NA,NA,NA,NA,NA,NA
x37813_873_80245_15_356,873.80245,15.356,18:0,37813,Unknown,NA,C58H106O3,[M + Na]+,C58H106O3,Fatty acids,0.876297652721405,Unknown,0.4177683889865875,Unknown,0.3418924808502197,Fatty acid esters,0.9874104857444764,NA,NA,NA,NA,NA,NA,NA,NA,NA
x7117_458_34849_4_301,458.34849,4.301,18:0,7117,Unknown,NA,C25H47NO6,[M + H]+,C25H47NO6,Unknown,0.3276827335357666,Unknown,0.24138981103897095,Unknown,0.14583490788936615,Unknown,0.7636266350746155,NA,NA,NA,NA,NA,NA,NA,NA,NA
x37412_877_80226_15_171,877.80226,15.171,18:0,37412,Triacylglycerols,NA,C59H104O4,[M + H]+,C59H104O4,Unknown,0.8443480730056763,Unknown,0.7138391733169556,Triacylglycerols,0.988443911075592,Unknown,0.6196651458740234,NA,NA,NA,NA,NA,NA,NA,NA,NA
x9678_486_37972_5_135,486.37972,5.135,18:0,9678,Unknown,NA,C27H51NO6,[M + H]+,C27H51NO6,Unknown,0.7572267651557922,Fatty esters,0.8830950260162354,Unknown,0.6129264235496521,Unknown,0.602735698223114,NA,NA,NA,NA,NA,NA,NA,NA,NA
x31258_570_52551_13_533,570.52551,13.533,18:0,31258,Unknown,NA,C38H67NO2,[M + H]+,C38H67NO2,Fatty acids,0.9994930028915404,Unknown,0.7353431582450867,Unknown,0.5306252837181091,N-acyl amines,0.9597151279449464,NA,NA,NA,NA,NA,NA,NA,NA,NA
x6348_406_3685_4_054,406.3685,4.054,18:0,6348,Unknown,NA,C26H47NO2,[M + H]+,C26H47NO2,Fatty acids,0.9893688559532166,Fatty amides,0.8804796934127808,Unknown,0.7236568331718445,N-acyl amines,0.9827197790145874,NA,NA,NA,NA,NA,NA,NA,NA,NA
x3860_434_36279_3_271,434.36279,3.271,18:0,3860,Unknown,NA,C27H47NO3,[M + H]+,C27H47NO3,Unknown,0.4563293755054474,Unknown,0.11432252079248428,Unknown,0.17572787404060364,Unknown,0.7267157435417175,NA,NA,NA,NA,NA,NA,NA,NA,NA
x36456_1021_83783_14_833,1021.83783,14.833,18:0,36456,Unknown,NA,C67H108N2O5,[M + H]+,C67H108N2O5,Fatty acids,0.9775002598762512,Unknown,0.23720619082450867,Unknown,0.18592363595962524,Unknown,0.5476825833320618,NA,NA,NA,NA,NA,NA,NA,NA,NA
x7027_470_40051_4_269,470.40051,4.269,18:0,7027,Unknown,NA,C31H51NO2,[M + H]+,C31H51NO2,Unknown,0.6797220706939697,Unknown,0.803544819355011,Unknown,0.3688684105873108,Unknown,0.748701810836792,NA,NA,NA,NA,NA,NA,NA,NA,NA
x40691_866_85693_16_584,866.85693,16.584,18:0,40691,Unknown,NA,NA,NA,NA,Unknown,NA,Unknown,NA,Unknown,NA,Unknown,NA,NA,NA,NA,NA,NA,NA,NA,NA,NA
x13032_679_52793_6_478,679.52793,6.478,18:0,13032,Unknown,NA,C40H66N6O3,[M + H]+,C40H66N6O3,Unknown,0.1888051331043243,Unknown,0.16851556301116943,Unknown,0.4012121856212616,Unknown,0.8075368404388428,NA,NA,NA,NA,NA,NA,NA,NA,NA
x30788_750_62681_13_38,750.62681,13.38,18:0,30788,Unknown,NA,C46H79N5O3,[M + H]+,C46H79N5O3,Unknown,0.6079894304275513,Unknown,0.16103725135326383,Unknown,0.518767237663269,Unknown,0.532805860042572,NA,NA,NA,NA,NA,NA,NA,NA,NA
x29913_658_59981_13_225,658.59981,13.225,18:0,29913,Triacylglycerols,NA,C39H79NO6,[M + H]+,C39H79NO6,Fatty acids,0.9999407529830932,Glycerolipids,0.9971231818199158,Triacylglycerols,0.999406099319458,Triacylglycerols,0.9789526462554932,NA,NA,NA,NA,NA,NA,NA,NA,NA
x41045_924_85946_16_813,924.85946,16.813,18:0,41045,Unknown,NA,C31H18Cl4N6O10S4,[M + Na]+,C31H18Cl4N6O10S4,Alkaloids,0.8837782740592957,Unknown,0.5848153829574585,Unknown,0.6814088821411133,Benzenesulfonic acids and derivatives,0.907934844493866,NA,NA,NA,NA,NA,NA,NA,NA,NA
x30183_724_60718_13_289,724.60718,13.289,18:0,30183,Triacylglycerols,NA,C43H81NO7,[M + H]+,C43H81NO7,Fatty acids,0.9997827410697936,Glycerolipids,0.979668915271759,Triacylglycerols,0.9947340488433838,Triacylglycerols,0.987971007823944,NA,NA,NA,NA,NA,NA,NA,NA,NA
x32105_672_62953_13_706,672.62953,13.706,18:0,32105,Unknown,NA,C44H81NO3,[M + H]+,C44H81NO3,Fatty acids,0.9971917271614076,Unknown,0.699366569519043,Unknown,0.5639157891273499,N-acyl amines,0.9933133721351624,NA,NA,NA,NA,NA,NA,NA,NA,NA
x32090_754_65789_13_672,754.65789,13.672,18:0,32090,Unknown,NA,C45H87NO7,[M + H]+,C45H87NO7,Fatty acids,0.9953042268753052,Sphingolipids,0.899445652961731,Unknown,0.2798694372177124,N-acyl amines,0.8869591951370239,NA,NA,NA,NA,NA,NA,NA,NA,NA
x7986_488_4481_4_556,488.4481,4.556,18:0,7986,Unknown,NA,C32H57NO2,[M + H]+,C32H57NO2,Unknown,0.6574288606643677,Unknown,0.2708836793899536,Unknown,0.12026545405387878,Unknown,0.7837759256362915,NA,NA,NA,NA,NA,NA,NA,NA,NA
x30605_698_59108_13_369,698.59108,13.369,18:0,30605,Unknown,NA,NA,NA,NA,Unknown,NA,Unknown,NA,Unknown,NA,Unknown,NA,NA,NA,NA,NA,NA,NA,NA,NA,NA
x7698_407_36701_4_428,407.36701,4.428,18:0,7698,Unknown,NA,C30H46,[M + H]+,C30H46,Terpenoids,0.9962169528007508,Unknown,0.6956942081451416,Unknown,0.11508136242628098,Unknown,0.5541766285896301,NA,NA,NA,NA,NA,NA,NA,NA,NA
x30185_570_54738_13_265,570.54738,13.265,18:0,30185,Unknown,NA,C35H71NO4,[M + H]+,C35H71NO4,Fatty acids,0.9736358523368835,Unknown,0.5770551562309265,Unknown,0.5976505875587463,N-acyl amines,0.9223027229309082,NA,NA,NA,NA,NA,NA,NA,NA,NA
x34000_700_66239_14_148,700.66239,14.148,18:0,34000,Unknown,NA,C46H85NO3,[M + H]+,C46H85NO3,Fatty acids,0.9905491471290588,Unknown,0.3831040859222412,Unknown,0.6430715322494507,N-acyl amines,0.990919828414917,NA,NA,NA,NA,NA,NA,NA,NA,NA
x15330_638_49958_7_458,638.49958,7.458,18:0,15330,Unknown,NA,C37H67NO7,[M + H]+,C37H67NO7,Unknown,0.537213921546936,Unknown,0.37313419580459595,Unknown,0.07118339836597443,Unknown,0.5396118760108948,NA,NA,NA,NA,NA,NA,NA,NA,NA
x18828_691_5666_8_822,691.5666,8.822,18:0,18828,Unknown,NA,C42H70N6O2,[M + H]+,C42H70N6O2,Alkaloids,0.8636904358863831,Unknown,0.14474880695343018,Unknown,0.2288197726011276,Unknown,0.6723635792732239,NA,NA,NA,NA,NA,NA,NA,NA,NA
x27916_590_55007_12_687,590.55007,12.687,18:0,27916,Unknown,NA,C38H71NO3,[M + H]+,C38H71NO3,Fatty acids,0.922796905040741,Unknown,0.3343368470668793,Unknown,0.1454291194677353,N-acyl amines,0.943385124206543,NA,NA,NA,NA,NA,NA,NA,NA,NA
x31088_740_59837_13_475,740.59837,13.475,18:0,31088,Triacylglycerols,NA,C41H83NO8,[M + Na]+,C41H83NO8,Fatty acids,0.999721348285675,Glycerolipids,0.894278883934021,Triacylglycerols,0.9417253732681274,Unknown,0.8406636714935303,NA,NA,NA,NA,NA,NA,NA,NA,NA
x37485_1037_86706_15_17,1037.86706,15.17,18:0,37485,Unknown,NA,C62H112N6O6,[M + H]+,C62H112N6O6,Unknown,0.81779545545578,Oligopeptides,0.8509779572486877,Unknown,0.6550933718681335,Unknown,0.5185729265213013,NA,NA,NA,NA,NA,NA,NA,NA,NA
x32480_726_62219_13_783,726.62219,13.783,18:0,32480,Unknown,NA,C43H83NO7,[M + H]+,C43H83NO7,Fatty acids,0.9873110055923462,Sphingolipids,0.997674286365509,Unknown,0.36275359988212585,Unknown,0.705126166343689,NA,NA,NA,NA,NA,NA,NA,NA,NA
x6693_446_40154_4_111,446.40154,4.111,18:0,6693,Unknown,NA,C26H52FNO3,[M + H]+,C26H52FNO3,Unknown,0.4065517783164978,Steroids,0.9183545708656312,Unknown,0.05820522457361221,3-hydroxysteroids,0.9925717711448668,NA,NA,NA,NA,NA,NA,NA,NA,NA
x9814_398_39949_5_208,398.39949,5.208,18:0,9814,Unknown,NA,C25H51NO2,[M + H]+,C25H51NO2,Fatty acids,0.9942023158073424,Fatty amides,0.9158557057380676,Unknown,0.8183472156524658,N-acyl amines,0.9861278533935548,NA,NA,NA,NA,NA,NA,NA,NA,NA
x11775_635_50621_5_917,635.50621,5.917,18:0,11775,Unknown,NA,C34H68N4O5,[M + Na]+,C34H68N4O5,Unknown,0.2013045698404312,Unknown,0.27467209100723267,Unknown,0.10984715074300766,Unknown,0.6711174249649048,NA,NA,NA,NA,NA,NA,NA,NA,NA
x9203_408_34827_4_96,408.34827,4.96,18:0,9203,Unknown,NA,C25H45NO3,[M + H]+,C25H45NO3,Unknown,0.8489740490913391,Unknown,0.4701415002346039,Unknown,0.21581459045410156,Unknown,0.5772174596786499,NA,NA,NA,NA,NA,NA,NA,NA,NA
x26830_582_54462_12_382,582.54462,12.382,18:0,26830,Unknown,NA,C36H71NO4,[M + H]+,C36H71NO4,Fatty acids,0.9896075129508972,Unknown,0.5205416679382324,Unknown,0.415578156709671,N-acyl amines,0.9862911105155944,NA,NA,NA,NA,NA,NA,NA,NA,NA
x35031_720_64875_14_365,720.64875,14.365,18:0,35031,Unknown,NA,NA,NA,NA,Unknown,NA,Unknown,NA,Unknown,NA,Unknown,NA,NA,NA,NA,NA,NA,NA,NA,NA,NA
x20113_705_58327_9_445,705.58327,9.445,18:0,20113,Unknown,NA,NA,NA,NA,Unknown,NA,Unknown,NA,Unknown,NA,Unknown,NA,NA,NA,NA,NA,NA,NA,NA,NA,NA
x23726_584_56199_11_502,584.56199,11.502,18:0,23726,Unknown,NA,NA,NA,NA,Unknown,NA,Unknown,NA,Unknown,NA,Unknown,NA,NA,NA,NA,NA,NA,NA,NA,NA,NA
x13558_649_52181_6_658,649.52181,6.658,18:0,13558,Unknown,NA,C36H72O9,[M + H]+,C36H72O9,Polyketides,0.9524486064910888,Unknown,0.3566069006919861,Unknown,0.2662518322467804,Unknown,0.6729063391685486,NA,NA,NA,NA,NA,NA,NA,NA,NA
x16442_650_53623_7_885,650.53623,7.885,18:0,16442,Unknown,NA,C39H71NO6,[M + H]+,C39H71NO6,Fatty acids,0.9946110248565674,Unknown,0.20917177200317383,Unknown,0.20326346158981323,Unknown,0.6234455704689026,NA,NA,NA,NA,NA,NA,NA,NA,NA
x15388_584_48905_7_459,584.48905,7.459,18:0,15388,Unknown,NA,C34H65NO6,[M + H]+,C34H65NO6,Fatty acids,0.9970186948776244,Unknown,0.8282887935638428,Unknown,0.593921959400177,N-acyl-alpha amino acids,0.86336749792099,NA,NA,NA,NA,NA,NA,NA,NA,NA
x10372_460_415_5_458,460.415,5.458,18:0,10372,Unknown,NA,C30H53NO2,[M + H]+,C30H53NO2,Unknown,0.742409348487854,Unknown,0.8430219292640686,Unknown,0.05724567547440529,Unknown,0.5420757532119751,NA,NA,NA,NA,NA,NA,NA,NA,NA
x16049_626_53587_7_652,626.53587,7.652,18:0,16049,Unknown,NA,C37H71NO6,[M + H]+,C37H71NO6,Fatty acids,0.9789617657661438,Unknown,0.15971271693706512,Unknown,0.2084895670413971,Unknown,0.8399279117584229,NA,NA,NA,NA,NA,NA,NA,NA,NA
x574_444_36696_1_157,444.36696,1.157,18:0,574,Unknown,NA,C25H49NO5,[M + H]+,C25H49NO5,Unknown,0.6242050528526306,Unknown,0.1917571127414703,Unknown,0.3054775297641754,Unknown,0.8204018473625183,NA,NA,NA,NA,NA,NA,NA,NA,NA
x33958_768_67431_14_109,768.67431,14.109,18:0,33958,Unknown,NA,C46H89NO7,[M + H]+,C46H89NO7,Fatty acids,0.9854932427406312,Sphingolipids,0.9242459535598756,Unknown,0.2213383913040161,N-acyl amines,0.909182608127594,NA,NA,NA,NA,NA,NA,NA,NA,NA
x21294_520_47371_10_088,520.47371,10.088,18:0,21294,Unknown,NA,C33H61NO3,[M + H]+,C33H61NO3,Unknown,0.557820200920105,Unknown,0.4190393388271332,Unknown,0.829475462436676,Unknown,0.5030815005302429,NA,NA,NA,NA,NA,NA,NA,NA,NA
x29582_714_58817_13_124,714.58817,13.124,18:0,29582,Unknown,NA,C41H79NO8,[M + H]+,C41H79NO8,Fatty acids,0.9997212290763856,Glycerolipids,0.9616970419883728,Unknown,0.8287376761436462,Unknown,0.5182192921638489,NA,NA,NA,NA,NA,NA,NA,NA,NA
x26067_562_51936_12_181,562.51936,12.181,18:0,26067,Unknown,NA,C32H63N7O,[M + H]+,C32H63N7O,Unknown,0.6476739048957825,Unknown,0.04684801027178764,Unknown,0.03233443200588226,Aminopyrimidines and derivatives,0.9010297656059264,NA,NA,NA,NA,NA,NA,NA,NA,NA
x37444_859_78939_15_209,859.78939,15.209,18:0,37444,Unknown,NA,C54H102N2O5,[M + H]+,C54H102N2O5,Fatty acids,0.99677973985672,Unknown,0.3932579159736634,Unknown,0.5946965217590332,N-acyl amines,0.9809426069259644,NA,NA,NA,NA,NA,NA,NA,NA,NA
x35797_819_79234_14_593,819.79234,14.593,18:0,35797,Unknown,NA,C52H102N2O4,[M + H]+,C52H102N2O4,Fatty acids,0.9827840328216552,Unknown,0.46976473927497864,Unknown,0.6304683089256287,Unknown,0.5155830979347229,NA,NA,NA,NA,NA,NA,NA,NA,NA
x27891_596_56125_12_675,596.56125,12.675,18:0,27891,Unknown,NA,NA,NA,NA,Unknown,NA,Unknown,NA,Unknown,NA,Unknown,NA,NA,NA,NA,NA,NA,NA,NA,NA,NA
x16951_677_55232_8_084,677.55232,8.084,18:0,16951,Unknown,NA,C37H74N4O5,[M + Na]+,C37H74N4O5,Fatty acids,0.8533084392547607,Unknown,0.4771417379379273,Unknown,0.3235101103782654,Unknown,0.6771119236946106,NA,NA,NA,NA,NA,NA,NA,NA,NA
x18190_522_45297_8_546,522.45297,8.546,18:0,18190,Unknown,NA,C32H59NO4,[M + H]+,C32H59NO4,Fatty acids,0.98199063539505,Unknown,0.7315708994865417,Unknown,0.3219882547855377,N-acyl amines,0.9662014245986938,NA,NA,NA,NA,NA,NA,NA,NA,NA
x15847_663_53721_7_552,663.53721,7.552,18:0,15847,Unknown,NA,C44H70O4,[M + H]+,C44H70O4,Unknown,0.815579891204834,Unknown,0.6589394807815552,Unknown,0.4463941156864166,Fatty acid esters,0.9763096570968628,NA,NA,NA,NA,NA,NA,NA,NA,NA
x7451_458_39959_4_403,458.39959,4.403,18:0,7451,Unknown,NA,C30H51NO2,[M + H]+,C30H51NO2,Fatty acids,0.9912158250808716,Unknown,0.8094176650047302,Unknown,0.3029320240020752,Unknown,0.8031893372535706,NA,NA,NA,NA,NA,NA,NA,NA,NA
x13290_656_45397_6_589,656.45397,6.589,18:0,13290,Unknown,NA,NA,NA,NA,Unknown,NA,Unknown,NA,Unknown,NA,Unknown,NA,NA,NA,NA,NA,NA,NA,NA,NA,NA
x16829_622_54033_8_036,622.54033,8.036,18:0,16829,Unknown,NA,C38H71NO5,[M + H]+,C38H71NO5,Unknown,0.30052873492240906,Unknown,0.31658893823623657,Unknown,0.2084697186946869,Unknown,0.5445691347122192,NA,NA,NA,NA,NA,NA,NA,NA,NA
x27099_604_52943_12_511,604.52943,12.511,18:0,27099,Unknown,NA,C38H69NO4,[M + H]+,C38H69NO4,Fatty acids,0.9851860404014589,Unknown,0.49533066153526306,Unknown,0.24236977100372312,Unknown,0.6842493414878845,NA,NA,NA,NA,NA,NA,NA,NA,NA
x23246_528_49981_11_224,528.49981,11.224,18:0,23246,Unknown,NA,NA,NA,NA,Unknown,NA,Unknown,NA,Unknown,NA,Unknown,NA,NA,NA,NA,NA,NA,NA,NA,NA,NA
x23244_590_51458_11_262,590.51458,11.262,18:0,23244,Unknown,NA,C37H67NO4,[M + H]+,C37H67NO4,Unknown,0.7386465668678284,Steroids,0.8821315765380859,Unknown,0.7472304105758667,Unknown,0.6801152229309082,NA,NA,NA,NA,NA,NA,NA,NA,NA
x34162_720_64789_14_184,720.64789,14.184,18:0,34162,Unknown,NA,NA,NA,NA,Unknown,NA,Unknown,NA,Unknown,NA,Unknown,NA,NA,NA,NA,NA,NA,NA,NA,NA,NA
x20648_705_57956_9_741,705.57956,9.741,18:0,20648,Unknown,NA,C42H76N2O6,[M + H]+,C42H76N2O6,Unknown,0.35061022639274597,Unknown,0.24177689850330353,Unknown,0.2700873613357544,Amino acids and derivatives,0.9506463408470154,NA,NA,NA,NA,NA,NA,NA,NA,NA
x15799_635_50412_7_543,635.50412,7.543,18:0,15799,Unknown,NA,C40H68O4,[M + Na]+,C40H68O4,Fatty acids,0.986566960811615,Unknown,0.7962503433227539,Unknown,0.8225370049476624,Unknown,0.7708497047424316,NA,NA,NA,NA,NA,NA,NA,NA,NA
x11805_688_43296_5_961,688.43296,5.961,18:0,11805,Unknown,NA,C46H57NO4,[M + H]+,C46H57NO4,Unknown,0.35607218742370605,Unknown,0.17320308089256287,Unknown,0.46048200130462646,Unknown,0.527353048324585,NA,NA,NA,NA,NA,NA,NA,NA,NA
x17746_650_5341_8_369,650.5341,8.369,18:0,17746,Unknown,NA,C39H71NO6,[M + H]+,C39H71NO6,Unknown,0.8372944593429565,Unknown,0.17174921929836273,Unknown,0.533484697341919,Unknown,0.8199783563613892,NA,NA,NA,NA,NA,NA,NA,NA,NA
x36525_750_69585_14_865,750.69585,14.865,18:0,36525,Unknown,NA,NA,NA,NA,Unknown,NA,Unknown,NA,Unknown,NA,Unknown,NA,NA,NA,NA,NA,NA,NA,NA,NA,NA
x13835_618_51049_6_743,618.51049,6.743,18:0,13835,Unknown,NA,C39H63N5O,[M + H]+,C39H63N5O,Unknown,0.8267146944999695,Unknown,0.4197792410850525,Unknown,0.3846683204174042,Unknown,0.5397204160690308,NA,NA,NA,NA,NA,NA,NA,NA,NA
x31847_742_67428_13_629,742.67428,13.629,18:0,31847,Unknown,NA,C48H87NO4,[M + H]+,C48H87NO4,Unknown,0.8234193921089172,Unknown,0.2013414055109024,Unknown,0.13751769065856934,Unknown,0.8046116232872009,NA,NA,NA,NA,NA,NA,NA,NA,NA
x23928_705_58189_11_593,705.58189,11.593,18:0,23928,Unknown,NA,C47H76O4,[M + H]+,C47H76O4,Unknown,0.8051557540893555,Unknown,0.10603397339582445,Unknown,0.2179671823978424,Fatty acid esters,0.9133120775222778,NA,NA,NA,NA,NA,NA,NA,NA,NA
x36123_722_6662_14_688,722.6662,14.688,18:0,36123,Unknown,NA,NA,NA,NA,Unknown,NA,Unknown,NA,Unknown,NA,Unknown,NA,NA,NA,NA,NA,NA,NA,NA,NA,NA
x25307_568_5669_12_021,568.5669,12.021,18:0,25307,Unknown,NA,NA,NA,NA,Unknown,NA,Unknown,NA,Unknown,NA,Unknown,NA,NA,NA,NA,NA,NA,NA,NA,NA,NA
x17827_677_55046_8_465,677.55046,8.465,18:0,17827,Unknown,NA,C41H68N6O2,[M + H]+,C41H68N6O2,Alkaloids,0.9725238084793092,Unknown,0.07661986351013184,Unknown,0.5456840395927429,Amino acids and derivatives,0.925607204437256,NA,NA,NA,NA,NA,NA,NA,NA,NA
x4101_382_36747_3_406,382.36747,3.406,18:0,4101,Unknown,NA,C24H47NO2,[M + H]+,C24H47NO2,Fatty acids,0.989903450012207,Fatty amides,0.8746904134750366,Unknown,0.522138237953186,N-acyl amines,0.9614543914794922,NA,NA,NA,NA,NA,NA,NA,NA,NA
x20811_677_55126_9_835,677.55126,9.835,18:0,20811,Unknown,NA,C45H72O4,[M + H]+,C45H72O4,Unknown,0.6360341310501099,Unknown,0.5717642307281494,Unknown,0.49031832814216614,Fatty acid esters,0.9945579767227172,NA,NA,NA,NA,NA,NA,NA,NA,NA
x24833_395_36741_11_878,395.36741,11.878,18:0,24833,Unknown,NA,C29H46,[M + H]+,C29H46,Terpenoids,0.9971696734428406,Unknown,0.7094481587409973,Unknown,0.44306275248527527,Prenol lipids,0.9057438969612122,NA,NA,NA,NA,NA,NA,NA,NA,NA
x22762_590_51547_10_908,590.51547,10.908,18:0,22762,Unknown,NA,C37H67NO4,[M + H]+,C37H67NO4,Fatty acids,0.9847573041915894,Unknown,0.32941412925720215,Unknown,0.17545346915721893,Unknown,0.6273227334022522,NA,NA,NA,NA,NA,NA,NA,NA,NA
x22473_691_5681_10_686,691.5681,10.686,18:0,22473,Unknown,NA,C35H74N6O7,[M + H]+,C35H74N6O7,Unknown,0.2675378620624542,Unknown,0.2686825692653656,Unknown,0.1354069709777832,Unknown,0.5808468461036682,NA,NA,NA,NA,NA,NA,NA,NA,NA
x22008_629_56389_10_363,629.56389,10.363,18:0,22008,Unknown,NA,C40H72N2O3,[M + H]+,C40H72N2O3,Unknown,0.708738386631012,Unknown,0.4309992790222168,Unknown,0.3892090320587158,Unknown,0.5665389895439148,NA,NA,NA,NA,NA,NA,NA,NA,NA
x35654_728_69319_14_556,728.69319,14.556,18:0,35654,Unknown,NA,C48H89NO3,[M + H]+,C48H89NO3,Fatty acids,0.9962825179100036,Unknown,0.683515191078186,Unknown,0.6345393061637878,N-acyl amines,0.918184220790863,NA,NA,NA,NA,NA,NA,NA,NA,NA
x12315_635_505_6_128,635.505,6.128,18:0,12315,Unknown,NA,C42H66O4,[M + H]+,C42H66O4,Unknown,0.6864417791366577,Unknown,0.14237667620182037,Unknown,0.289694607257843,Fatty acid esters,0.8910238146781921,NA,NA,NA,NA,NA,NA,NA,NA,NA
x28053_692_59889_12_767,692.59889,12.767,18:0,28053,Unknown,NA,C46H77NO3,[M + H]+,C46H77NO3,Fatty acids,0.9968986511230468,Unknown,0.25108617544174194,Unknown,0.3551415801048279,N-acyl amines,0.8627062439918518,NA,NA,NA,NA,NA,NA,NA,NA,NA
x16391_578_47663_7_891,578.47663,7.891,18:0,16391,Unknown,NA,NA,NA,NA,Unknown,NA,Unknown,NA,Unknown,NA,Unknown,NA,NA,NA,NA,NA,NA,NA,NA,NA,NA
x11069_436_41522_5_624,436.41522,5.624,18:0,11069,Unknown,NA,C28H53NO2,[M + H]+,C28H53NO2,Fatty acids,0.9754026532173156,Unknown,0.8314769268035889,Unknown,0.3183784484863281,N-acyl amines,0.9281699657440186,NA,NA,NA,NA,NA,NA,NA,NA,NA
x14497_612_46565_7_081,612.46565,7.081,18:0,14497,Unknown,NA,NA,NA,NA,Unknown,NA,Unknown,NA,Unknown,NA,Unknown,NA,NA,NA,NA,NA,NA,NA,NA,NA,NA
x16603_386_3982_7_896,386.3982,7.896,18:0,16603,Unknown,NA,C24H51NO2,[M + H]+,C24H51NO2,Unknown,0.766549289226532,Unknown,0.5274891257286072,Unknown,0.22300386428833008,Unknown,0.7222161293029785,NA,NA,NA,NA,NA,NA,NA,NA,NA
x39847_822_75508_16_151,822.75508,16.151,18:1,39847,Triacylglycerols,TAG(16:0/16:0/16:1) / TAG(16:0/14:0/18:1) [M+NH4]+,C47H95N7O4,[M + H]+,C47H95N7O4,Fatty acids,0.9883964657783508,Unknown,0.833619236946106,Unknown,0.8350656628608704,Fatty acid esters,0.973231554031372,NA,NA,NA,NA,NA,Glycerolipid,Triacylglycerols,Triacylglycerols,TAG(16:0/16:0/16:1) / TAG(16:0/14:0/18:1) [M+NH4]+
x39888_848_77057_16_173,848.77057,16.173,18:1,39888,Triacylglycerols,TAG(16:0/16:0/18:2) [M+NH4]+,C51H103NO6,[M + Na]+,C51H103NO6,Fatty acids,0.9996451139450072,Glycerolipids,0.9915878176689148,Triacylglycerols,0.9994412064552308,Triacylglycerols,0.9828203916549684,NA,NA,NA,NA,NA,Glycerolipid,Triacylglycerols,Triacylglycerols,TAG(16:0/16:0/18:2) [M+NH4]+
x40661_850_7868_16_556,850.7868,16.556,18:1,40661,Triacylglycerols,TAG(16:0/16:0/18:1) [M+NH4]+,C51H105NO6,[M + Na]+,C51H105NO6,Fatty acids,0.999883770942688,Glycerolipids,0.9974144697189332,Triacylglycerols,0.9999077320098876,Triacylglycerols,0.975674033164978,NA,NA,NA,NA,NA,Glycerolipid,Triacylglycerols,Triacylglycerols,TAG(16:0/16:0/18:1) [M+NH4]+
x39291_874_78344_15_911,874.78344,15.911,18:1,39291,Triacylglycerols,TAG(16:0/18:1/18:2) [M+NH4]+,C55H103NO6,[M + H]+,C55H103NO6,Fatty acids,0.9965554475784302,Glycerolipids,0.9911164045333862,Triacylglycerols,0.9998674392700196,Triacylglycerols,0.9778926968574524,NA,NA,NA,NA,NA,Glycerolipid,Triacylglycerols,Triacylglycerols,TAG(16:0/18:1/18:2) [M+NH4]+
x39976_874_78599_16_215,874.78599,16.215,18:1,39976,Triacylglycerols,TAG(16:0/18:1/18:2) [M+NH4]+,C50H97N11,[M + Na]+,C50H97N11,Alkaloids,0.9716623425483704,Unknown,0.40893206000328064,Unknown,0.16425886750221252,Heteroaromatic compounds,0.965584635734558,NA,NA,NA,NA,NA,Glycerolipid,Triacylglycerols,Triacylglycerols,TAG(16:0/18:1/18:2) [M+NH4]+
x39261_872_77072_15_898,872.77072,15.898,18:1,39261,Triacylglycerols,TAG(16:0/18:2/18:2) [M+NH4]+,C53H103NO6,[M + Na]+,C53H103NO6,Fatty acids,0.9996758699417114,Glycerolipids,0.9875643849372864,Triacylglycerols,0.9993484616279602,Triacylglycerols,0.98138028383255,NA,NA,NA,NA,NA,Glycerolipid,Triacylglycerols,Triacylglycerols,TAG(16:0/18:2/18:2) [M+NH4]+
x40629_876_80182_16_545,876.80182,16.545,18:1,40629,Triacylglycerols,TAG(16:0/18:0/18:2) [M+NH4]+,C53H107NO6,[M + Na]+,C53H107NO6,Fatty acids,0.9992530941963196,Glycerolipids,0.9952076077461244,Triacylglycerols,0.9998793601989746,Triacylglycerols,0.9915158748626708,NA,NA,NA,NA,NA,Glycerolipid,Triacylglycerols,Triacylglycerols,TAG(16:0/18:0/18:2) [M+NH4]+
x38869_820_73925_15_735,820.73925,15.735,18:1,38869,Triacylglycerols,TAG(14:0/16:1/18:1) / TAG(14:0/16:0/18:2) [M+NH4]+,C47H93N7O4,[M + H]+,C47H93N7O4,Fatty acids,0.9879109859466552,Unknown,0.6981591582298279,Unknown,0.45715561509132385,Unknown,0.5531683564186096,NA,NA,NA,NA,NA,Glycerolipid,Triacylglycerols,Triacylglycerols,TAG(14:0/16:1/18:1) / TAG(14:0/16:0/18:2) [M+NH4]+
x38830_794_72361_15_716,794.72361,15.716,18:1,38830,Triacylglycerols,TAG(14:0/16:0/16:1) / TAG(14:0/14:0/18:1) [M+NH4]+,C45H91N7O4,[M + H]+,C45H91N7O4,Fatty acids,0.9535006880760192,Unknown,0.43772438168525696,Unknown,0.08050201088190079,Unknown,0.5054032206535339,NA,NA,NA,NA,NA,Glycerolipid,Triacylglycerols,Triacylglycerols,TAG(14:0/16:0/16:1) / TAG(14:0/14:0/18:1) [M+NH4]+
x39609_900_79918_16_042,900.79918,16.042,18:1,39609,Unknown,NA,NA,NA,NA,Unknown,NA,Unknown,NA,Unknown,NA,Unknown,NA,NA,NA,NA,NA,NA,NA,NA,NA,NA
x38057_896_76733_15_388,896.76733,15.388,18:1,38057,Triacylglycerols,TAG(18:1/18:2/18:3) [M+NH4]+,C21H22I4N2O4,[M + Na]+,C21H22I4N2O4,Unknown,0.1687879115343094,Unknown,0.02233907021582126,Unknown,0.01126723643392324,Unknown,0.8133876323699951,NA,NA,NA,NA,NA,Glycerolipid,Triacylglycerols,Triacylglycerols,TAG(18:1/18:2/18:3) [M+NH4]+
x38756_850_78656_15_687,850.78656,15.687,18:1,38756,Triacylglycerols,NA,C53H103NO6,[M + H]+,C53H103NO6,Fatty acids,0.9991602897644044,Glycerolipids,0.9949919581413268,Triacylglycerols,0.9998786449432372,Triacylglycerols,0.9956645369529724,NA,NA,NA,NA,NA,NA,NA,NA,NA
x39091_950_81423_15_819,950.81423,15.819,18:1,39091,Triacylglycerols,TAG(18:0/18:3/22:4) [M+NH4]+,C52H103N9O6,[M + H]+,C52H103N9O6,Unknown,0.6879231929779053,Unknown,0.7886533141136169,Unknown,0.5144631266593933,N-acyl-alpha amino acids and derivatives,0.8777291178703308,NA,NA,NA,NA,NA,Glycerolipid,Triacylglycerols,Triacylglycerols,TAG(18:0/18:3/22:4) [M+NH4]+
x41213_878_8186_16_932,878.8186,16.932,18:1,41213,Triacylglycerols,TAG(16:0/18:0/18:1) [M+NH4]+,NA,NA,NA,Unknown,NA,Unknown,NA,Unknown,NA,Unknown,NA,NA,NA,NA,NA,NA,Glycerolipid,Triacylglycerols,Triacylglycerols,TAG(16:0/18:0/18:1) [M+NH4]+
x38894_846_75465_15_748,846.75465,15.748,18:1,38894,Triacylglycerols,NA,C51H101NO6,[M + Na]+,C51H101NO6,Fatty acids,0.999194085597992,Glycerolipids,0.9808329343795776,Triacylglycerols,0.9951687455177308,Unknown,0.80234527587890625,NA,NA,NA,NA,NA,NA,NA,NA,NA
x40747_902_81778_16_618,902.81778,16.618,18:1,40747,Triacylglycerols,NA,C55H109NO6,[M + Na]+,C55H109NO6,Fatty acids,0.999782383441925,Glycerolipids,0.9867380857467652,Triacylglycerols,0.9996024966239928,Triacylglycerols,0.9618199467658995,NA,NA,NA,NA,NA,NA,NA,NA,NA
x38023_822_75443_15_401,822.75443,15.401,18:1,38023,Triacylglycerols,TAG(16:0/16:0/16:1) / TAG(16:0/14:0/18:1) [M+NH4]+,C49H101NO6,[M + Na]+,C49H101NO6,Fatty acids,0.9999769926071168,Glycerolipids,0.9990373849868774,Triacylglycerols,0.9999691247940063,Triacylglycerols,0.9942704439163208,NA,NA,NA,NA,NA,Glycerolipid,Triacylglycerols,Triacylglycerols,TAG(16:0/16:0/16:1) / TAG(16:0/14:0/18:1) [M+NH4]+
x39055_948_80202_15_826,948.80202,15.826,18:1,39055,Triacylglycerols,TAG(18:1/18:1/22:6) / (18:0/20:4/20:4) / (18:1/18:3/22:4) / (18:0/18:3/22:5) [M+NH4]+,C59H107NO6,[M + Na]+,C59H107NO6,Fatty acids,0.9999734163284302,Glycerolipids,0.9895086288452148,Triacylglycerols,0.9990342855453492,Triacylglycerols,0.99446302652359,NA,NA,NA,NA,NA,Glycerolipid,Triacylglycerols,Triacylglycerols,TAG(18:1/18:1/22:6) / (18:0/20:4/20:4) / (18:1/18:3/22:4) / (18:0/18:3/22:5) [M+NH4]+
x37644_766_69228_15_242,766.69228,15.242,18:1,37644,Triacylglycerols,TAG(14:0/14:0/16:1) [M+NH4]+,NA,NA,NA,Unknown,NA,Unknown,NA,Unknown,NA,Unknown,NA,NA,NA,NA,NA,NA,Glycerolipid,Triacylglycerols,Triacylglycerols,TAG(14:0/14:0/16:1) [M+NH4]+
x3482_380_35229_3_091,380.35229,3.091,18:1,3482,Unknown,NA,C24H45NO2,[M + H]+,C24H45NO2,Fatty acids,0.9966304898262024,Fatty amides,0.984490931034088,Unknown,0.6176527142524719,N-acyl amines,0.9628949761390686,NA,NA,NA,NA,NA,NA,NA,NA,NA
x40597_928_83123_16_485,928.83123,16.485,18:1,40597,Triacylglycerols,NA,C57H111NO6,[M + Na]+,C57H111NO6,Fatty acids,0.9975370168685912,Glycerolipids,0.8682693243026733,Triacylglycerols,0.9871434569358826,N-acyl amines,0.8944199085235596,NA,NA,NA,NA,NA,NA,NA,NA,NA
x39464_924_80209_15_996,924.80209,15.996,18:1,39464,Triacylglycerols,TAG(16:0/18:0/22:6) [M+NH4]+,C59H105NO6,[M + H]+,C59H105NO6,Fatty acids,0.999021291732788,Unknown,0.7789417505264282,Triacylglycerols,0.9579023718833924,N-acyl amines,0.9321007132530212,NA,NA,NA,NA,NA,Glycerolipid,Triacylglycerols,Triacylglycerols,TAG(16:0/18:0/22:6) [M+NH4]+
x37493_794_72212_15_188,794.72212,15.188,18:1,37493,Triacylglycerols,TAG(14:0/16:0/16:1) / TAG(14:0/14:0/18:1) [M+NH4]+,C45H91N7O4,[M + H]+,C45H91N7O4,Fatty acids,0.9332886338233948,Unknown,0.18018610775470736,Unknown,0.05077216401696205,Unknown,0.7192853093147278,NA,NA,NA,NA,NA,Glycerolipid,Triacylglycerols,Triacylglycerols,TAG(14:0/16:0/16:1) / TAG(14:0/14:0/18:1) [M+NH4]+
x41194_904_83387_16_917,904.83387,16.917,18:1,41194,Triacylglycerols,TAG(16:0/16:0/22:2) [M+NH4]+,C57H109NO6,[M + H]+,C57H109NO6,Fatty acids,0.9996342658996582,Glycerolipids,0.997816801071167,Triacylglycerols,0.9999889135360718,Triacylglycerols,0.993874490261078,NA,NA,NA,NA,NA,Glycerolipid,Triacylglycerols,Triacylglycerols,TAG(16:0/16:0/22:2) [M+NH4]+
x37174_820_73886_15_098,820.73886,15.098,18:1,37174,Triacylglycerols,TAG(14:0/16:1/18:1) / TAG(14:0/16:0/18:2) [M+NH4]+,C49H99NO6,[M + Na]+,C49H99NO6,Fatty acids,0.9996204376220704,Glycerolipids,0.9928144812583924,Triacylglycerols,0.9993056058883668,Triacylglycerols,0.9920797944068908,NA,NA,NA,NA,NA,Glycerolipid,Triacylglycerols,Triacylglycerols,TAG(14:0/16:1/18:1) / TAG(14:0/16:0/18:2) [M+NH4]+
x38690_910_8219_15_662,910.8219,15.662,18:1,38690,MADAG,MADAG(56:6) [M+NH4]+,NA,NA,NA,Unknown,NA,Unknown,NA,Unknown,NA,Unknown,NA,NA,NA,NA,NA,NA,Glycerolipid,Monoalkyldiacylglycerols,MADAG,MADAG(56:6) [M+NH4]+
x38012_848_7693_15_368,848.7693,15.368,18:1,38012,Triacylglycerols,TAG(16:0/16:0/18:2) [M+NH4]+,C51H103NO6,[M + Na]+,C51H103NO6,Fatty acids,0.9991113543510436,Glycerolipids,0.9857579469680786,Triacylglycerols,0.9990216493606568,Triacylglycerols,0.9281586408615112,NA,NA,NA,NA,NA,Glycerolipid,Triacylglycerols,Triacylglycerols,TAG(16:0/16:0/18:2) [M+NH4]+
x38122_882_79183_15_463,882.79183,15.463,18:1,38122,Unknown,NA,NA,NA,NA,Unknown,NA,Unknown,NA,Unknown,NA,Unknown,NA,NA,NA,NA,NA,NA,NA,NA,NA,NA
x39396_878_81821_15_961,878.81821,15.961,18:1,39396,Triacylglycerols,TAG(16:0/18:0/18:1) [M+NH4]+,C55H104O6,[M + H3N + H]+,C55H107NO6,Fatty acids,0.9995682835578918,Glycerolipids,0.9992235898971558,Triacylglycerols,0.999950647354126,Triacylglycerols,0.9998571872711182,NA,NA,NA,NA,NA,Glycerolipid,Triacylglycerols,Triacylglycerols,TAG(16:0/18:0/18:1) [M+NH4]+
x39422_912_83873_15_969,912.83873,15.969,18:1,39422,MADAG,MADAG(56:5) [M+NH4]+,C59H109NO5,[M + H]+,C59H109NO5,Fatty acids,0.9999010562896729,Glycerolipids,0.980379581451416,Triacylglycerols,0.9964841604232788,Unknown,0.8223949074745178,NA,NA,NA,NA,NA,Glycerolipid,Monoalkyldiacylglycerols,MADAG,MADAG(56:5) [M+NH4]+
x40856_954_84718_16_66,954.84718,16.66,18:1,40856,Triacylglycerols,TAG(18:0/18:0/22:5) [M+NH4]+,C25H32I4N2O4,[M + Na]+,C25H32I4N2O4,Unknown,0.27673280239105225,Unknown,0.16165530681610107,Unknown,0.26247134804725647,Unknown,0.5274227857589722,NA,NA,NA,NA,NA,Glycerolipid,Triacylglycerols,Triacylglycerols,TAG(18:0/18:0/22:5) [M+NH4]+
x38249_884_80447_15_483,884.80447,15.483,18:1,38249,MADAG,MADAG(O-18:0/16:0/20:5) [M+NH4]+,NA,NA,NA,Unknown,NA,Unknown,NA,Unknown,NA,Unknown,NA,NA,NA,NA,NA,NA,Glycerolipid,Monoalkyldiacylglycerols,MADAG,MADAG(O-18:0/16:0/20:5) [M+NH4]+
x41274_930_84902_16_978,930.84902,16.978,18:1,41274,Triacylglycerols,NA,C59H111NO6,[M + H]+,C59H111NO6,Fatty acids,0.9976077079772948,Glycerolipids,0.9943721294403076,Triacylglycerols,0.9999690055847168,Triacylglycerols,0.9862987399101256,NA,NA,NA,NA,NA,NA,NA,NA,NA
x39445_950_81651_15_998,950.81651,15.998,18:1,39445,Triacylglycerols,TAG(18:0/18:3/22:4) [M+NH4]+,C59H109NO6,[M + Na]+,C59H109NO6,Fatty acids,0.998959183692932,Unknown,0.736568808555603,Triacylglycerols,0.9239068031311036,N-acyl amines,0.955332100391388,NA,NA,NA,NA,NA,Glycerolipid,Triacylglycerols,Triacylglycerols,TAG(18:0/18:3/22:4) [M+NH4]+
x36195_738_66123_14_743,738.66123,14.743,18:1,36195,Triacylglycerols,TAG(12:0/14:0/16:1) / TAG(12:0/14:1/16:0) / TAG(10:0/16:0/16:1) [M+NH4]+,NA,NA,NA,Unknown,NA,Unknown,NA,Unknown,NA,Unknown,NA,NA,NA,NA,NA,NA,Glycerolipid,Triacylglycerols,Triacylglycerols,TAG(12:0/14:0/16:1) / TAG(12:0/14:1/16:0) / TAG(10:0/16:0/16:1) [M+NH4]+
x41557_906_85001_17_283,906.85001,17.283,18:1,41557,Triacylglycerols,TAG(16:0/18:1/20:0) / (16:0/18:0/20:1) [M+NH4]+,NA,NA,NA,Unknown,NA,Unknown,NA,Unknown,NA,Unknown,NA,NA,NA,NA,NA,NA,Glycerolipid,Triacylglycerols,Triacylglycerols,TAG(16:0/18:1/20:0) / (16:0/18:0/20:1) [M+NH4]+
x36153_766_69146_14_734,766.69146,14.734,18:1,36153,Triacylglycerols,TAG(14:0/14:0/16:1) [M+NH4]+,C43H87N7O4,[M + H]+,C43H87N7O4,Fatty acids,0.8722700476646423,Unknown,0.19883747398853305,Unknown,0.06746068596839905,Unknown,0.5412127375602722,NA,NA,NA,NA,NA,Glycerolipid,Triacylglycerols,Triacylglycerols,TAG(14:0/14:0/16:1) [M+NH4]+
x38726_876_80066_15_681,876.80066,15.681,18:1,38726,Triacylglycerols,TAG(16:0/18:0/18:2) [M+NH4]+,C55H105NO6,[M + H]+,C55H105NO6,Fatty acids,0.9987779259681702,Glycerolipids,0.9948311448097228,Triacylglycerols,0.99996185302734375,Triacylglycerols,0.9935821294784546,NA,NA,NA,NA,NA,Glycerolipid,Triacylglycerols,Triacylglycerols,TAG(16:0/18:0/18:2) [M+NH4]+
x41233_912_83892_16_95,912.83892,16.95,18:1,41233,MADAG,MADAG(56:5) [M+NH4]+,NA,NA,NA,Unknown,NA,Unknown,NA,Unknown,NA,Unknown,NA,NA,NA,NA,NA,NA,Glycerolipid,Monoalkyldiacylglycerols,MADAG,MADAG(56:5) [M+NH4]+
x38318_998_81178_15_523,998.81178,15.523,18:1,38318,Triacylglycerols,TAG(16:0/18:3/28:8) [M+NH4]+,C63H109NO6,[M + Na]+,C63H109NO6,Fatty acids,0.9999896287918092,Glycerolipids,0.9993720650672911,Triacylglycerols,0.9999699592590332,Triacylglycerols,0.9999661445617676,NA,NA,NA,NA,NA,Glycerolipid,Triacylglycerols,Triacylglycerols,TAG(16:0/18:3/28:8) [M+NH4]+
x39657_836_80852_16_068,836.80852,16.068,18:1,39657,MADAG,MADAG(O-16:0/16:0/18:1) [M+NH4]+,NA,NA,NA,Unknown,NA,Unknown,NA,Unknown,NA,Unknown,NA,NA,NA,NA,NA,NA,Glycerolipid,Monoalkyldiacylglycerols,MADAG,MADAG(O-16:0/16:0/18:1) [M+NH4]+
x24934_684_55583_11_891,684.55583,11.891,18:1,24934,Unknown,NA,NA,NA,NA,Unknown,NA,Unknown,NA,Unknown,NA,Unknown,NA,NA,NA,NA,NA,NA,NA,NA,NA,NA
x38931_936_83705_15_758,936.83705,15.758,18:1,38931,MADAG,MADAG(O-18:0/20:3/22:4) [M+NH4]+,NA,NA,NA,Unknown,NA,Unknown,NA,Unknown,NA,Unknown,NA,NA,NA,NA,NA,NA,Glycerolipid,Monoalkyldiacylglycerols,MADAG,MADAG(O-18:0/20:3/22:4) [M+NH4]+
x39627_862_82356_16_055,862.82356,16.055,18:1,39627,Unknown,NA,NA,NA,NA,Unknown,NA,Unknown,NA,Unknown,NA,Unknown,NA,NA,NA,NA,NA,NA,NA,NA,NA,NA
x39259_888_8346_15_943,888.8346,15.943,18:1,39259,Unknown,NA,NA,NA,NA,Unknown,NA,Unknown,NA,Unknown,NA,Unknown,NA,NA,NA,NA,NA,NA,NA,NA,NA,NA
x36611_846_7523_14_855,846.7523,14.855,18:1,36611,Triacylglycerols,NA,C51H101NO6,[M + Na]+,C51H101NO6,Fatty acids,0.9994346499443054,Glycerolipids,0.991565465927124,Triacylglycerols,0.999283730983734,Triacylglycerols,0.96478867530822765,NA,NA,NA,NA,NA,NA,NA,NA,NA
x38403_896_80637_15_573,896.80637,15.573,18:1,38403,Unknown,NA,NA,NA,NA,Unknown,NA,Unknown,NA,Unknown,NA,Unknown,NA,NA,NA,NA,NA,NA,NA,NA,NA,NA
x39995_882_7922_16_226,882.7922,16.226,18:1,39995,Unknown,NA,NA,NA,NA,Unknown,NA,Unknown,NA,Unknown,NA,Unknown,NA,NA,NA,NA,NA,NA,NA,NA,NA,NA
x40709_910_82287_16_592,910.82287,16.592,18:1,40709,MADAG,MADAG(56:6) [M+NH4]+,NA,NA,NA,Unknown,NA,Unknown,NA,Unknown,NA,Unknown,NA,NA,NA,NA,NA,NA,Glycerolipid,Monoalkyldiacylglycerols,MADAG,MADAG(56:6) [M+NH4]+
x39865_862_78738_16_148,862.78738,16.148,18:1,39865,Unknown,NA,C54H103NO6,[M + H]+,C54H103NO6,Fatty acids,0.9988419413566588,Unknown,0.686152458190918,Unknown,0.6211225390434265,N-acyl amines,0.9720779657363892,NA,NA,NA,NA,NA,NA,NA,NA,NA
x40207_864_84029_16_319,864.84029,16.319,18:1,40207,MADAG,MADAG(O-18:0/16:0/18:1) / (O-18:0/14:0/20:1) [M+NH4]+,C55H106O5,[M + H3N + H]+,C55H109NO5,Fatty acids,0.9997527003288268,Glycerolipids,0.9985910058021544,Triacylglycerols,0.9997218251228333,Triacylglycerols,0.9375562071800232,NA,NA,NA,NA,NA,Glycerolipid,Monoalkyldiacylglycerols,MADAG,MADAG(O-18:0/16:0/18:1) / (O-18:0/14:0/20:1) [M+NH4]+
x40448_910_82144_16_435,910.82144,16.435,18:1,40448,MADAG,MADAG(56:6) [M+NH4]+,NA,NA,NA,Unknown,NA,Unknown,NA,Unknown,NA,Unknown,NA,NA,NA,NA,NA,NA,Glycerolipid,Monoalkyldiacylglycerols,MADAG,MADAG(56:6) [M+NH4]+
x20147_516_47843_9_503,516.47843,9.503,18:1,20147,Unknown,NA,C34H61NO2,[M + H]+,C34H61NO2,Fatty acids,0.9490548968315125,Unknown,0.5936523675918579,Unknown,0.6532688140869141,Unknown,0.5931985974311829,NA,NA,NA,NA,NA,NA,NA,NA,NA
x38953_834_79157_15_785,834.79157,15.785,18:1,38953,Unknown,NA,NA,NA,NA,Unknown,NA,Unknown,NA,Unknown,NA,Unknown,NA,NA,NA,NA,NA,NA,NA,NA,NA,NA
x41546_932_86601_17_263,932.86601,17.263,18:1,41546,Unknown,NA,C25H32I4N2O4,[M + H]+,C25H32I4N2O4,Unknown,0.5043905377388,Unknown,0.08211412280797958,Unknown,0.08541830629110336,Unknown,0.687118411064148,NA,NA,NA,NA,NA,NA,NA,NA,NA
x40256_908_80758_16_341,908.80758,16.341,18:1,40256,MADAG,MADAG(O-16:0/18:1/22:6) [M+NH4]+,NA,NA,NA,Unknown,NA,Unknown,NA,Unknown,NA,Unknown,NA,NA,NA,NA,NA,NA,Glycerolipid,Monoalkyldiacylglycerols,MADAG,MADAG(O-16:0/18:1/22:6) [M+NH4]+
x39371_904_83357_15_938,904.83357,15.938,18:1,39371,Triacylglycerols,TAG(16:0/16:0/22:2) [M+NH4]+,C57H109NO6,[M + H]+,C57H109NO6,Fatty acids,0.9986106157302856,Glycerolipids,0.995692789554596,Triacylglycerols,0.9999717473983764,Triacylglycerols,0.9892300963401794,NA,NA,NA,NA,NA,Glycerolipid,Triacylglycerols,Triacylglycerols,TAG(16:0/16:0/22:2) [M+NH4]+
x37268_948_79821_15_167,948.79821,15.167,18:1,37268,Triacylglycerols,TAG(18:1/18:1/22:6) / (18:0/20:4/20:4) / (18:1/18:3/22:4) / (18:0/18:3/22:5) [M+NH4]+,C61H105NO6,[M + H]+,C61H105NO6,Fatty acids,0.9920443296432496,Unknown,0.2507875859737396,Unknown,0.6512417197227478,N-acyl amines,0.9491000771522522,NA,NA,NA,NA,NA,Glycerolipid,Triacylglycerols,Triacylglycerols,TAG(18:1/18:1/22:6) / (18:0/20:4/20:4) / (18:1/18:3/22:4) / (18:0/18:3/22:5) [M+NH4]+
x40159_890_85541_16_295,890.85541,16.295,18:1,40159,Unknown,NA,NA,NA,NA,Unknown,NA,Unknown,NA,Unknown,NA,Unknown,NA,NA,NA,NA,NA,NA,NA,NA,NA,NA
x34104_892_7326_14_15,892.7326,14.15,18:1,34104,Triacylglycerols,TAG(18:1/18:3/18:4) / (16:1/18:2/20:5) [M+NH4]+,C55H99NO6,[M + Na]+,C55H99NO6,Fatty acids,0.996580183506012,Unknown,0.7267119884490967,Triacylglycerols,0.942265510559082,N-acyl amines,0.9740973711013794,NA,NA,NA,NA,NA,Glycerolipid,Triacylglycerols,Triacylglycerols,TAG(18:1/18:3/18:4) / (16:1/18:2/20:5) [M+NH4]+
x34276_710_6297_14_209,710.6297,14.209,18:1,34276,Unknown,NA,NA,NA,NA,Unknown,NA,Unknown,NA,Unknown,NA,Unknown,NA,NA,NA,NA,NA,NA,NA,NA,NA,NA
x28669_612_55584_12_905,612.55584,12.905,18:1,28669,Diacylglycerols,DAG(16:0/18:1) [M+NH4]+,NA,NA,NA,Unknown,NA,Unknown,NA,Unknown,NA,Unknown,NA,NA,NA,NA,NA,NA,Glycerolipid,Diacylglycerols,Diacylglycerols,DAG(16:0/18:1) [M+NH4]+
x27212_592_50959_12_52,592.50959,12.52,18:1,27212,Unknown,NA,C40H65NO2,[M + H]+,C40H65NO2,Fatty acids,0.9984312653541564,Unknown,0.7518898248672485,Unknown,0.24996179342269895,N-acyl amines,0.9871347546577454,NA,NA,NA,NA,NA,NA,NA,NA,NA
x39321_930_84806_15_923,930.84806,15.923,18:1,39321,Unknown,NA,C27H32Cl6N2O7S7,[M + H]+,C27H32Cl6N2O7S7,Unknown,0.6613829135894775,Unknown,0.01028994284570217,Unknown,0.0029130729380995,Unknown,0.6046125888824463,NA,NA,NA,NA,NA,NA,NA,NA,NA
x39879_876_8406_16_153,876.8406,16.153,18:1,39879,Unknown,NA,NA,NA,NA,Unknown,NA,Unknown,NA,Unknown,NA,Unknown,NA,NA,NA,NA,NA,NA,NA,NA,NA,NA
x39474_964_8673_15_982,964.8673,15.982,18:1,39474,Triacylglycerols,NA,C63H113NO5,[M + H]+,C63H113NO5,Fatty acids,0.9998437166213988,Glycerolipids,0.9819263815879822,Triacylglycerols,0.9963435530662536,Unknown,0.5108606219291687,NA,NA,NA,NA,NA,NA,NA,NA,NA
x41391_836_808_17_083,836.808,17.083,18:1,41391,MADAG,MADAG(O-16:0/16:0/18:1) [M+NH4]+,NA,NA,NA,Unknown,NA,Unknown,NA,Unknown,NA,Unknown,NA,NA,NA,NA,NA,NA,Glycerolipid,Monoalkyldiacylglycerols,MADAG,MADAG(O-16:0/16:0/18:1) [M+NH4]+
x40991_886_81996_16_782,886.81996,16.782,18:1,40991,MADAG,MADAG(O-16:0/18:1/20:3) [M+NH4]+,C57H107NO5,[M + H]+,C57H107NO5,Fatty acids,0.9929379820823668,Unknown,0.5647477507591248,Triacylglycerols,0.9901108145713806,Unknown,0.743270218372345,NA,NA,NA,NA,NA,Glycerolipid,Monoalkyldiacylglycerols,MADAG,MADAG(O-16:0/18:1/20:3) [M+NH4]+
x12395_452_35157_6_187,452.35157,6.187,18:1,12395,Unknown,NA,C30H45NO2,[M + H]+,C30H45NO2,Unknown,0.5603600740432739,Unknown,0.34130504727363586,Unknown,0.4211167097091675,Unknown,0.7442737817764282,NA,NA,NA,NA,NA,NA,NA,NA,NA
x40817_936_83793_16_662,936.83793,16.662,18:1,40817,MADAG,MADAG(O-18:0/20:3/22:4) [M+NH4]+,NA,NA,NA,Unknown,NA,Unknown,NA,Unknown,NA,Unknown,NA,NA,NA,NA,NA,NA,Glycerolipid,Monoalkyldiacylglycerols,MADAG,MADAG(O-18:0/20:3/22:4) [M+NH4]+
x34568_738_66107_14_276,738.66107,14.276,18:1,34568,Triacylglycerols,TAG(12:0/14:0/16:1) / TAG(12:0/14:1/16:0) / TAG(10:0/16:0/16:1) [M+NH4]+,NA,NA,NA,Unknown,NA,Unknown,NA,Unknown,NA,Unknown,NA,NA,NA,NA,NA,NA,Glycerolipid,Triacylglycerols,Triacylglycerols,TAG(12:0/14:0/16:1) / TAG(12:0/14:1/16:0) / TAG(10:0/16:0/16:1) [M+NH4]+
x38832_808_73874_15_725,808.73874,15.725,18:1,38832,Triacylglycerols,TAG(15:0/16:0/16:1) / (14:0/16:0/17:1) [M+NH4]+,C50H97NO6,[M + H]+,C50H97NO6,Fatty acids,0.9996083378791808,Glycerolipids,0.9951386451721193,Triacylglycerols,0.9999185800552368,Triacylglycerols,0.997972309589386,NA,NA,NA,NA,NA,Glycerolipid,Triacylglycerols,Triacylglycerols,TAG(15:0/16:0/16:1) / (14:0/16:0/17:1) [M+NH4]+
x39923_850_82507_16_185,850.82507,16.185,18:1,39923,Triacylglycerols,NA,C54H104O5,[M + H3N + H]+,C54H107NO5,Fatty acids,0.9997219443321228,Glycerolipids,0.9985985159873962,Triacylglycerols,0.9997335076332092,Triacylglycerols,0.9462357759475708,NA,NA,NA,NA,NA,NA,NA,NA,NA
x28828_638_57161_12_944,638.57161,12.944,18:1,28828,Unknown,NA,NA,NA,NA,Unknown,NA,Unknown,NA,Unknown,NA,Unknown,NA,NA,NA,NA,NA,NA,NA,NA,NA,NA
x41374_862_82341_17_08,862.82341,17.08,18:1,41374,Unknown,NA,NA,NA,NA,Unknown,NA,Unknown,NA,Unknown,NA,Unknown,NA,NA,NA,NA,NA,NA,NA,NA,NA,NA
x41535_958_87946_17_235,958.87946,17.235,18:1,41535,Unknown,NA,NA,NA,NA,Unknown,NA,Unknown,NA,Unknown,NA,Unknown,NA,NA,NA,NA,NA,NA,NA,NA,NA,NA
x40587_918_88656_16_501,918.88656,16.501,18:1,40587,Unknown,NA,NA,NA,NA,Unknown,NA,Unknown,NA,Unknown,NA,Unknown,NA,NA,NA,NA,NA,NA,NA,NA,NA,NA
x38486_836_76856_15_633,836.76856,15.633,18:1,38486,Triacylglycerols,TAG(15:0/16:0/18:1) / (16:0/16:1/17:0) [M+NH4]+,NA,NA,NA,Unknown,NA,Unknown,NA,Unknown,NA,Unknown,NA,NA,NA,NA,NA,NA,Glycerolipid,Triacylglycerols,Triacylglycerols,TAG(15:0/16:0/18:1) / (16:0/16:1/17:0) [M+NH4]+
x16564_470_36389_7_936,470.36389,7.936,18:1,16564,Unknown,NA,C30H47NO3,[M + H]+,C30H47NO3,Terpenoids,0.9990718364715576,Steroids,0.998789131641388,Unknown,0.7873362302780151,Glycinated bile acids and derivatives,0.9980748891830444,NA,NA,NA,NA,NA,NA,NA,NA,NA
x24784_588_53567_11_863,588.53567,11.863,18:1,24784,Unknown,NA,NA,NA,NA,Unknown,NA,Unknown,NA,Unknown,NA,Unknown,NA,NA,NA,NA,NA,NA,NA,NA,NA,NA
x40641_892_87146_16_547,892.87146,16.547,18:1,40641,Unknown,NA,NA,NA,NA,Unknown,NA,Unknown,NA,Unknown,NA,Unknown,NA,NA,NA,NA,NA,NA,NA,NA,NA,NA
x41674_864_83947_17_435,864.83947,17.435,18:1,41674,MADAG,MADAG(O-18:0/16:0/18:1) / (O-18:0/14:0/20:1) [M+NH4]+,C55H106O5,[M + H3N + H]+,C55H109NO5,Fatty acids,0.9998718500137328,Glycerolipids,0.9988569021224976,Triacylglycerols,0.9998249411582948,Triacylglycerols,0.9800185561180116,NA,NA,NA,NA,NA,Glycerolipid,Monoalkyldiacylglycerols,MADAG,MADAG(O-18:0/16:0/18:1) / (O-18:0/14:0/20:1) [M+NH4]+
x30412_766_65637_13_301,766.65637,13.301,18:1,30412,Unknown,NA,C46H87NO7,[M + H]+,C46H87NO7,Fatty acids,0.9765849709510804,Unknown,0.8023783564567566,Unknown,0.6559434533119202,N-acyl amines,0.8540357947349548,NA,NA,NA,NA,NA,NA,NA,NA,NA
x32550_682_59842_13_77,682.59842,13.77,18:1,32550,Triacylglycerols,NA,C41H79NO6,[M + H]+,C41H79NO6,Fatty acids,0.9996887445449828,Unknown,0.632728099822998,Triacylglycerols,0.9280382990837096,Unknown,0.5018863677978516,NA,NA,NA,NA,NA,NA,NA,NA,NA
x16802_356_35226_8_049,356.35226,8.049,18:1,16802,Unknown,NA,C22H45NO2,[M + H]+,C22H45NO2,Unknown,0.7277104258537292,Unknown,0.44460755586624146,Unknown,0.11199548840522766,Unknown,0.564515233039856,NA,NA,NA,NA,NA,NA,NA,NA,NA
x38493_862_78466_15_631,862.78466,15.631,18:1,38493,Triacylglycerols,TAG(16:1/17:0/18:1) / (14:0/17:0/20:2) [M+NH4]+,NA,NA,NA,Unknown,NA,Unknown,NA,Unknown,NA,Unknown,NA,NA,NA,NA,NA,NA,Glycerolipid,Triacylglycerols,Triacylglycerols,TAG(16:1/17:0/18:1) / (14:0/17:0/20:2) [M+NH4]+
x39986_958_87991_16_253,958.87991,16.253,18:1,39986,Triacylglycerols,NA,C59H117NO6,[M + Na]+,C59H117NO6,Fatty acids,0.9988308548927308,Glycerolipids,0.9574544429779052,Triacylglycerols,0.9983766078948976,Unknown,0.8388457298278809,NA,NA,NA,NA,NA,NA,NA,NA,NA
x27436_542_49273_12_582,542.49273,12.582,18:1,27436,Unknown,NA,C36H63NO2,[M + H]+,C36H63NO2,Fatty acids,0.994354009628296,Fatty amides,0.8932512998580933,Unknown,0.23648518323898315,N-acyl amines,0.9972898960113524,NA,NA,NA,NA,NA,NA,NA,NA,NA
x37697_834_75304_15_278,834.75304,15.278,18:1,37697,Triacylglycerols,NA,C50H101NO6,[M + Na]+,C50H101NO6,Fatty acids,0.9992029070854188,Glycerolipids,0.9760593175888062,Triacylglycerols,0.9967129230499268,Unknown,0.7800022959709167,NA,NA,NA,NA,NA,NA,NA,NA,NA
x40489_906_88842_16_441,906.88842,16.441,18:1,40489,Unknown,NA,NA,NA,NA,Unknown,NA,Unknown,NA,Unknown,NA,Unknown,NA,NA,NA,NA,NA,NA,NA,NA,NA,NA
x40408_878_8572_16_404,878.8572,16.404,18:1,40408,Unknown,NA,NA,NA,NA,Unknown,NA,Unknown,NA,Unknown,NA,Unknown,NA,NA,NA,NA,NA,NA,NA,NA,NA,NA
x37413_874_78204_15_207,874.78204,15.207,18:1,37413,Triacylglycerols,TAG(16:0/18:1/18:2) [M+NH4]+,C55H103NO6,[M + H]+,C55H103NO6,Fatty acids,0.9983434677124025,Glycerolipids,0.9933613538742064,Triacylglycerols,0.9999121427536012,Triacylglycerols,0.9951900243759156,NA,NA,NA,NA,NA,Glycerolipid,Triacylglycerols,Triacylglycerols,TAG(16:0/18:1/18:2) [M+NH4]+
x38851_888_79745_15_73,888.79745,15.73,18:1,38851,Triacylglycerols,TAG(16:1/17:0/20:2) [M+NH4]+,C32H28Br4O4S3,[M + H]+,C32H28Br4O4S3,Unknown,0.7980943918228149,Unknown,0.10097809880971909,Unknown,0.13377869129180908,Unknown,0.564798891544342,NA,NA,NA,NA,NA,Glycerolipid,Triacylglycerols,Triacylglycerols,TAG(16:1/17:0/20:2) [M+NH4]+
x30737_778_65848_13_417,778.65848,13.417,18:1,30737,Unknown,NA,C47H87NO7,[M + H]+,C47H87NO7,Fatty acids,0.9185748100280762,Sphingolipids,0.9592138528823853,Unknown,0.7124882340431213,N-acyl amines,0.8557958006858826,NA,NA,NA,NA,NA,NA,NA,NA,NA
x8998_434_39937_4_917,434.39937,4.917,18:1,8998,Unknown,NA,NA,NA,NA,Unknown,NA,Unknown,NA,Unknown,NA,Unknown,NA,NA,NA,NA,NA,NA,NA,NA,NA,NA
x25727_686_57001_12_142,686.57001,12.142,18:1,25727,Unknown,NA,NA,NA,NA,Unknown,NA,Unknown,NA,Unknown,NA,Unknown,NA,NA,NA,NA,NA,NA,NA,NA,NA,NA
x41731_960_89796_17_579,960.89796,17.579,18:1,41731,Triacylglycerols,NA,C61H117NO6,[M + H]+,C61H117NO6,Fatty acids,0.9977631568908693,Glycerolipids,0.9955484867095948,Triacylglycerols,0.9999773502349854,Triacylglycerols,0.9779625535011292,NA,NA,NA,NA,NA,NA,NA,NA,NA
x36840_794_72207_14_99,794.72207,14.99,18:1,36840,Triacylglycerols,TAG(14:0/16:0/16:1) / TAG(14:0/14:0/18:1) [M+NH4]+,NA,NA,NA,Unknown,NA,Unknown,NA,Unknown,NA,Unknown,NA,NA,NA,NA,NA,NA,Glycerolipid,Triacylglycerols,Triacylglycerols,TAG(14:0/16:0/16:1) / TAG(14:0/14:0/18:1) [M+NH4]+
x39916_932_86586_16_19,932.86586,16.19,18:1,39916,Triacylglycerols,NA,C59H113NO6,[M + H]+,C59H113NO6,Fatty acids,0.9982240796089172,Glycerolipids,0.9469952583312988,Triacylglycerols,0.9973976612091064,Unknown,0.7448574304580688,NA,NA,NA,NA,NA,NA,NA,NA,NA
x40545_960_89925_16_501,960.89925,16.501,18:1,40545,Triacylglycerols,NA,C61H117NO6,[M + H]+,C61H117NO6,Fatty acids,0.99678635597229,Glycerolipids,0.9941797256469728,Triacylglycerols,0.9999499320983888,Triacylglycerols,0.9717000722885132,NA,NA,NA,NA,NA,NA,NA,NA,NA
x8202_484_41591_4_603,484.41591,4.603,18:1,8202,Unknown,NA,C32H53NO2,[M + H]+,C32H53NO2,Unknown,0.7650749087333679,Unknown,0.8009911179542542,Unknown,0.39199844002723694,Unknown,0.6999388933181763,NA,NA,NA,NA,NA,NA,NA,NA,NA
x34951_936_76168_14_353,936.76168,14.353,18:1,34951,Triacylglycerols,NA,C57H103NO7,[M + Na]+,C57H103NO7,Fatty acids,0.998080849647522,Glycerolipids,0.9605165719985962,Triacylglycerols,0.99887353181839,Unknown,0.665687620639801,NA,NA,NA,NA,NA,NA,NA,NA,NA
x28625_724_60759_12_902,724.60759,12.902,18:1,28625,Triacylglycerols,NA,C43H81NO7,[M + H]+,C43H81NO7,Fatty acids,0.9999715089797974,Glycerolipids,0.9992176294326782,Triacylglycerols,0.9991484880447388,Triacylglycerols,0.8942474722862244,NA,NA,NA,NA,NA,NA,NA,NA,NA
x1819_454_29234_1_927,454.29234,1.927,18:1,1819,Unknown,NA,NA,NA,NA,Unknown,NA,Unknown,NA,Unknown,NA,Unknown,NA,NA,NA,NA,NA,NA,NA,NA,NA,NA
x39922_918_84455_16_192,918.84455,16.192,18:1,39922,Triacylglycerols,NA,C56H113NO6,[M + Na]+,C56H113NO6,Fatty acids,0.9992881417274476,Glycerolipids,0.9950130581855774,Triacylglycerols,0.9999258518218994,Triacylglycerols,0.9812761545181274,NA,NA,NA,NA,NA,NA,NA,NA,NA
x37012_950_81264_15_032,950.81264,15.032,18:1,37012,Triacylglycerols,TAG(18:0/18:3/22:4) [M+NH4]+,NA,NA,NA,Unknown,NA,Unknown,NA,Unknown,NA,Unknown,NA,NA,NA,NA,NA,NA,Glycerolipid,Triacylglycerols,Triacylglycerols,TAG(18:0/18:3/22:4) [M+NH4]+
x19765_608_50592_9_293,608.50592,9.293,18:1,19765,Unknown,NA,C40H65NO3,[M + H]+,C40H65NO3,Fatty acids,0.9982677698135376,Unknown,0.7622098922729492,Unknown,0.4739038348197937,N-acyl amines,0.9883182644844056,NA,NA,NA,NA,NA,NA,NA,NA,NA
x29350_738_62619_13_067,738.62619,13.067,18:1,29350,Unknown,NA,C44H83NO7,[M + H]+,C44H83NO7,Fatty acids,0.9994761347770692,Unknown,0.1801956743001938,Unknown,0.7254060506820679,N-acyl amines,0.9137036204338074,NA,NA,NA,NA,NA,NA,NA,NA,NA
x5968_456_38482_3_914,456.38482,3.914,18:1,5968,Unknown,NA,C30H49NO2,[M + H]+,C30H49NO2,Terpenoids,0.9299365282058716,Unknown,0.8395252823829651,Unknown,0.8403705358505249,Unknown,0.7090803384780884,NA,NA,NA,NA,NA,NA,NA,NA,NA
x28056_696_57809_12_742,696.57809,12.742,18:1,28056,Triacylglycerols,NA,C41H77NO7,[M + H]+,C41H77NO7,Fatty acids,0.9999504089355468,Glycerolipids,0.997426688671112,Triacylglycerols,0.998636782169342,Triacylglycerols,0.9828353524208068,NA,NA,NA,NA,NA,NA,NA,NA,NA
x3092_380_32622_2_897,380.32622,2.897,18:1,3092,Unknown,NA,C22H41N3O2,[M + H]+,C22H41N3O2,Unknown,0.6564748883247375,Unknown,0.08733799308538437,Unknown,0.08829282224178314,Unknown,0.6539095640182495,NA,NA,NA,NA,NA,NA,NA,NA,NA
x10172_448_41503_5_335,448.41503,5.335,18:1,10172,Unknown,NA,C29H53NO2,[M + H]+,C29H53NO2,Fatty acids,0.986244022846222,Fatty amides,0.870543897151947,Unknown,0.3481387197971344,N-acyl amines,0.9767451882362366,NA,NA,NA,NA,NA,NA,NA,NA,NA
x32991_822_72042_13_902,822.72042,13.902,18:1,32991,Triacylglycerols,NA,C50H95NO7,[M + H]+,C50H95NO7,Fatty acids,0.9990376234054564,Unknown,0.689747154712677,Triacylglycerols,0.9219526052474976,Unknown,0.7095088362693787,NA,NA,NA,NA,NA,NA,NA,NA,NA
x29018_670_61639_12_979,670.61639,12.979,18:1,29018,Unknown,NA,C44H79NO3,[M + H]+,C44H79NO3,Fatty acids,0.9970811009407043,Unknown,0.6339071989059448,Unknown,0.5023458003997803,N-acyl amines,0.9849896430969238,NA,NA,NA,NA,NA,NA,NA,NA,NA
x30571_666_60267_13_368,666.60267,13.368,18:1,30571,Unknown,NA,NA,NA,NA,Unknown,NA,Unknown,NA,Unknown,NA,Unknown,NA,NA,NA,NA,NA,NA,NA,NA,NA,NA
x38024_888_8006_15_428,888.8006,15.428,18:1,38024,Triacylglycerols,TAG(16:1/17:0/20:2) [M+NH4]+,NA,NA,NA,Unknown,NA,Unknown,NA,Unknown,NA,Unknown,NA,NA,NA,NA,NA,NA,Glycerolipid,Triacylglycerols,Triacylglycerols,TAG(16:1/17:0/20:2) [M+NH4]+
x7155_462_3946_4_302,462.3946,4.302,18:1,7155,Unknown,NA,C29H51NO3,[M + H]+,C29H51NO3,Unknown,0.7705851197242737,Steroids,0.8706933259963989,Unknown,0.8012276887893677,Unknown,0.5739011168479919,NA,NA,NA,NA,NA,NA,NA,NA,NA
x31199_682_5985_13_572,682.5985,13.572,18:1,31199,Unknown,NA,C41H79NO6,[M + H]+,C41H79NO6,Fatty acids,0.9911672472953796,Unknown,0.8265486359596252,Unknown,0.41875159740448,N-acyl amines,0.960527241230011,NA,NA,NA,NA,NA,NA,NA,NA,NA
x6348_406_3685_4_054,406.3685,4.054,18:1,6348,Unknown,NA,C26H47NO2,[M + H]+,C26H47NO2,Fatty acids,0.9893688559532166,Fatty amides,0.8804796934127808,Unknown,0.7236568331718445,N-acyl amines,0.9827197790145874,NA,NA,NA,NA,NA,NA,NA,NA,NA
x4450_406_33146_3_48,406.33146,3.48,18:1,4450,Unknown,NA,C25H43NO3,[M + H]+,C25H43NO3,Unknown,0.7549445033073425,Unknown,0.32465869188308716,Unknown,0.28369078040122986,N-acyl amines,0.957654356956482,NA,NA,NA,NA,NA,NA,NA,NA,NA
x28189_762_63052_12_756,762.63052,12.756,18:1,28189,Unknown,NA,C43H85N3O6,[M + Na]+,C43H85N3O6,Unknown,0.7997397780418396,Oligopeptides,0.9556282758712769,Unknown,0.5233197212219238,Unknown,0.6953698992729187,NA,NA,NA,NA,NA,NA,NA,NA,NA
x40928_946_91777_16_707,946.91777,16.707,18:1,40928,Unknown,NA,NA,NA,NA,Unknown,NA,Unknown,NA,Unknown,NA,Unknown,NA,NA,NA,NA,NA,NA,NA,NA,NA,NA
x17725_675_53497_8_45,675.53497,8.45,18:1,17725,Unknown,NA,C41H66N6O2,[M + H]+,C41H66N6O2,Alkaloids,0.8580498099327087,Unknown,0.23923105001449585,Unknown,0.25476041436195374,Unknown,0.6113843321800232,NA,NA,NA,NA,NA,NA,NA,NA,NA
x7622_354_33714_4_444,354.33714,4.444,18:1,7622,Unknown,NA,C22H43NO2,[M + H]+,C22H43NO2,Fatty acids,0.9679059982299804,Unknown,0.6783571839332581,Unknown,0.5269014239311218,"1,2-aminoalcohols",0.8556857109069824,NA,NA,NA,NA,NA,NA,NA,NA,NA
x7027_470_40051_4_269,470.40051,4.269,18:1,7027,Unknown,NA,C31H51NO2,[M + H]+,C31H51NO2,Unknown,0.6797220706939697,Unknown,0.803544819355011,Unknown,0.3688684105873108,Unknown,0.748701810836792,NA,NA,NA,NA,NA,NA,NA,NA,NA
x28610_722_59368_12_858,722.59368,12.858,18:1,28610,Unknown,NA,C43H79NO7,[M + H]+,C43H79NO7,Unknown,0.81494903564453125,Unknown,0.6189073920249939,Unknown,0.33260059356689453,Unknown,0.5126553177833557,NA,NA,NA,NA,NA,NA,NA,NA,NA
x41738_986_91203_17_57,986.91203,17.57,18:1,41738,Triacylglycerols,NA,C63H119NO6,[M + H]+,C63H119NO6,Fatty acids,0.9904769659042358,Glycerolipids,0.9240952730178832,Triacylglycerols,0.9994814991950988,Unknown,0.6921323537826538,NA,NA,NA,NA,NA,NA,NA,NA,NA
x27322_594_54631_12_55,594.54631,12.55,18:1,27322,Unknown,NA,C37H71NO4,[M + H]+,C37H71NO4,Fatty acids,0.970869779586792,Unknown,0.6042285561561584,Unknown,0.7804118394851685,Unknown,0.570274829864502,NA,NA,NA,NA,NA,NA,NA,NA,NA
x7301_378_33721_4_362,378.33721,4.362,18:1,7301,Unknown,NA,C24H43NO2,[M + H]+,C24H43NO2,Fatty acids,0.9229674339294434,Unknown,0.23623913526535031,Unknown,0.5573474764823914,Unknown,0.6281902194023132,NA,NA,NA,NA,NA,NA,NA,NA,NA
x30183_724_60718_13_289,724.60718,13.289,18:1,30183,Triacylglycerols,NA,C43H81NO7,[M + H]+,C43H81NO7,Fatty acids,0.9997827410697936,Glycerolipids,0.979668915271759,Triacylglycerols,0.9947340488433838,Triacylglycerols,0.987971007823944,NA,NA,NA,NA,NA,NA,NA,NA,NA
x32175_918_77724_13_711,918.77724,13.711,18:1,32175,Unknown,NA,C56H103NO8,[M + H]+,C56H103NO8,Unknown,0.672515869140625,Unknown,0.16407892107963562,Unknown,0.04906025528907776,Unknown,0.7343568205833435,NA,NA,NA,NA,NA,NA,NA,NA,NA
x7986_488_4481_4_556,488.4481,4.556,18:1,7986,Unknown,NA,C32H57NO2,[M + H]+,C32H57NO2,Unknown,0.6574288606643677,Unknown,0.2708836793899536,Unknown,0.12026545405387878,Unknown,0.7837759256362915,NA,NA,NA,NA,NA,NA,NA,NA,NA
x7698_407_36701_4_428,407.36701,4.428,18:1,7698,Unknown,NA,C30H46,[M + H]+,C30H46,Terpenoids,0.9962169528007508,Unknown,0.6956942081451416,Unknown,0.11508136242628098,Unknown,0.5541766285896301,NA,NA,NA,NA,NA,NA,NA,NA,NA
x22925_632_52429_11_001,632.52429,11.001,18:1,22925,Diacylglycerols,DAG(18:1/18:4) / (18:2/18:3) [M+NH4]+,NA,NA,NA,Unknown,NA,Unknown,NA,Unknown,NA,Unknown,NA,NA,NA,NA,NA,NA,Glycerolipid,Diacylglycerols,Diacylglycerols,DAG(18:1/18:4) / (18:2/18:3) [M+NH4]+
x4000_380_35116_3_365,380.35116,3.365,18:1,4000,Unknown,NA,C24H45NO2,[M + H]+,C24H45NO2,Fatty acids,0.9946178793907166,Fatty amides,0.9793370962142944,Unknown,0.5797592401504517,N-acyl amines,0.9463707804679872,NA,NA,NA,NA,NA,NA,NA,NA,NA
x12236_576_46234_6_113,576.46234,6.113,18:1,12236,Unknown,NA,NA,NA,NA,Unknown,NA,Unknown,NA,Unknown,NA,Unknown,NA,NA,NA,NA,NA,NA,NA,NA,NA,NA
x17584_836_55484_8_286,836.55484,8.286,18:1,17584,Unknown,NA,C46H77NO12,[M + H]+,C46H77NO12,Fatty acids,0.9987394213676452,Glycerolipids,0.9102746844291688,Unknown,0.7515867948532104,Unknown,0.6857576370239258,NA,NA,NA,NA,NA,NA,NA,NA,NA
x31273_698_64581_13_543,698.64581,13.543,18:1,31273,Unknown,NA,C46H83NO3,[M + H]+,C46H83NO3,Fatty acids,0.9927292466163636,Unknown,0.8060449361801147,Unknown,0.8048245906829834,N-acyl amines,0.9510045051574708,NA,NA,NA,NA,NA,NA,NA,NA,NA
x30121_740_65529_13_278,740.65529,13.278,18:1,30121,Unknown,NA,C48H85NO4,[M + H]+,C48H85NO4,Fatty acids,0.9148408770561218,Unknown,0.6057556867599487,Unknown,0.4979890584945678,Unknown,0.5246039032936096,NA,NA,NA,NA,NA,NA,NA,NA,NA
x28612_762_62924_12_931,762.62924,12.931,18:1,28612,Unknown,NA,C13H21Br6O5P,[M + H]+,C13H21Br6O5P,Unknown,0.8213807344436646,Unknown,0.7040918469429016,Unknown,0.730485737323761,Alkyl bromides,0.9987154006958008,NA,NA,NA,NA,NA,NA,NA,NA,NA
x24407_528_49923_11_741,528.49923,11.741,18:1,24407,Unknown,NA,C32H65NO4,[M + H]+,C32H65NO4,Fatty acids,0.9932483434677124,Fatty amides,0.903039574623108,Unknown,0.8428450226783752,Unknown,0.6535881757736206,NA,NA,NA,NA,NA,NA,NA,NA,NA
x29399_668_59849_13_124,668.59849,13.124,18:1,29399,Unknown,NA,C44H77NO3,[M + H]+,C44H77NO3,Fatty acids,0.9949111342430116,Unknown,0.5244623422622681,Unknown,0.286709189414978,N-acyl amines,0.9887443780899048,NA,NA,NA,NA,NA,NA,NA,NA,NA
x19081_624_50044_8_948,624.50044,8.948,18:1,19081,Unknown,NA,C40H65NO4,[M + H]+,C40H65NO4,Unknown,0.8125205039978027,Unknown,0.3898846209049225,Unknown,0.726698637008667,Unknown,0.6891618967056274,NA,NA,NA,NA,NA,NA,NA,NA,NA
x18727_624_49964_8_749,624.49964,8.749,18:1,18727,Unknown,NA,C40H65NO4,[M + H]+,C40H65NO4,Unknown,0.7582328915596008,Unknown,0.1761944144964218,Unknown,0.24631215631961825,Unknown,0.7768334746360779,NA,NA,NA,NA,NA,NA,NA,NA,NA
x10372_460_415_5_458,460.415,5.458,18:1,10372,Unknown,NA,C30H53NO2,[M + H]+,C30H53NO2,Unknown,0.742409348487854,Unknown,0.8430219292640686,Unknown,0.05724567547440529,Unknown,0.5420757532119751,NA,NA,NA,NA,NA,NA,NA,NA,NA
x22968_578_51209_11_045,578.51209,11.045,18:1,22968,Unknown,NA,C36H67NO4,[M + H]+,C36H67NO4,Fatty acids,0.9808911085128784,Unknown,0.4285354912281037,Unknown,0.28953471779823303,N-acyl amines,0.9723418354988098,NA,NA,NA,NA,NA,NA,NA,NA,NA
x26614_640_56839_12_387,640.56839,12.387,18:1,26614,Unknown,NA,C42H73NO3,[M + H]+,C42H73NO3,Fatty acids,0.998948872089386,Unknown,0.6617256999015808,Unknown,0.47850075364112854,N-acyl amines,0.99692302942276,NA,NA,NA,NA,NA,NA,NA,NA,NA
x29331_652_58616_13_138,652.58616,13.138,18:1,29331,Unknown,NA,NA,NA,NA,Unknown,NA,Unknown,NA,Unknown,NA,Unknown,NA,NA,NA,NA,NA,NA,NA,NA,NA,NA
x20229_598_48173_9_582,598.48173,9.582,18:1,20229,Unknown,NA,C38H63NO4,[M + H]+,C38H63NO4,Terpenoids,0.8526825904846191,Unknown,0.7927345037460327,Unknown,0.09875801205635072,Unknown,0.7585927844047546,NA,NA,NA,NA,NA,NA,NA,NA,NA
x39162_1166_93304_15_835,1166.93304,15.835,18:1,39162,Unknown,NA,C74H121N5O4,[M + Na]+,C74H121N5O4,Unknown,0.7523444294929504,Unknown,0.6618621945381165,Unknown,0.35272809863090515,Unknown,0.5603817701339722,NA,NA,NA,NA,NA,NA,NA,NA,NA
x13561_650_49782_6_632,650.49782,6.632,18:1,13561,Unknown,NA,C36H69NO7,[M + Na]+,C36H69NO7,Fatty acids,0.9785482883453368,Unknown,0.7036505341529846,Unknown,0.2247879058122635,Unknown,0.6782376766204834,NA,NA,NA,NA,NA,NA,NA,NA,NA
x38537_1164_91356_15_579,1164.91356,15.579,18:1,38537,Unknown,NA,C60H117N13O9,[M + H]+,C60H117N13O9,Amino acids and Peptides,0.9845178723335266,Oligopeptides,0.9603835940361024,Unknown,0.5773575305938721,Unknown,0.727475106716156,NA,NA,NA,NA,NA,NA,NA,NA,NA
x26175_668_5446_12_231,668.5446,12.231,18:1,26175,Unknown,NA,C39H73NO7,[M + H]+,C39H73NO7,Fatty acids,0.9690075516700744,Unknown,0.35585668683052063,Unknown,0.0908472016453743,Unknown,0.5019872188568115,NA,NA,NA,NA,NA,NA,NA,NA,NA
x12183_633_48944_6_084,633.48944,6.084,18:1,12183,Unknown,NA,C42H64O4,[M + H]+,C42H64O4,Unknown,0.38042744994163513,Unknown,0.09559454023838045,Unknown,0.1468132585287094,Unknown,0.6348920464515686,NA,NA,NA,NA,NA,NA,NA,NA,NA
x7451_458_39959_4_403,458.39959,4.403,18:1,7451,Unknown,NA,C30H51NO2,[M + H]+,C30H51NO2,Fatty acids,0.9912158250808716,Unknown,0.8094176650047302,Unknown,0.3029320240020752,Unknown,0.8031893372535706,NA,NA,NA,NA,NA,NA,NA,NA,NA
x20989_530_49386_9_96,530.49386,9.96,18:1,20989,Unknown,NA,C35H63NO2,[M + H]+,C35H63NO2,Fatty acids,0.9967079162597656,Unknown,0.5372697710990906,Unknown,0.7492912411689758,N-acyl amines,0.9804243445396424,NA,NA,NA,NA,NA,NA,NA,NA,NA
x7797_444_38432_4_481,444.38432,4.481,18:1,7797,Unknown,NA,C29H49NO2,[M + H]+,C29H49NO2,Unknown,0.6100072264671326,Unknown,0.390719473361969,Unknown,0.24817177653312683,Lipids and lipid-like molecules,0.9117543697357178,NA,NA,NA,NA,NA,NA,NA,NA,NA
x8801_354_33714_4_738,354.33714,4.738,18:1,8801,Unknown,NA,C22H43NO2,[M + H]+,C22H43NO2,Fatty acids,0.8944385051727295,Unknown,0.7852526307106018,Unknown,0.576762318611145,Unknown,0.7976914644241333,NA,NA,NA,NA,NA,NA,NA,NA,NA
x27082_712_57318_12_485,712.57318,12.485,18:1,27082,Unknown,NA,C40H78N3O5P,[M + H]+,C40H78N3O5P,Fatty acids,0.9983699917793274,Glycerophospholipids,0.9182592630386353,Unknown,0.596322238445282,Monomethylphosphatidylethanolamines,0.896526575088501,NA,NA,NA,NA,NA,NA,NA,NA,NA
x5289_434_31077_3_726,434.31077,3.726,18:1,5289,Unknown,NA,C23H39N5O3,[M + H]+,C23H39N5O3,Alkaloids,0.9435205459594728,Unknown,0.559977114200592,Unknown,0.13901321589946747,Unknown,0.5767271518707275,NA,NA,NA,NA,NA,NA,NA,NA,NA
x25135_719_59788_11_917,719.59788,11.917,18:1,25135,Unknown,NA,C44H74N6O2,[M + H]+,C44H74N6O2,Unknown,0.09817669540643692,Unknown,0.06877881288528442,Unknown,0.19438500702381137,Unknown,0.5877553820610046,NA,NA,NA,NA,NA,NA,NA,NA,NA
x26117_694_56194_12_236,694.56194,12.236,18:1,26117,Unknown,NA,C41H75NO7,[M + H]+,C41H75NO7,Fatty acids,0.9563863277435304,Unknown,0.23121322691440585,Unknown,0.14292748272418976,Unknown,0.7954989671707153,NA,NA,NA,NA,NA,NA,NA,NA,NA
x39877_1220_97372_16_096,1220.97372,16.096,18:1,39877,Unknown,NA,C73H127N7O6,[M + Na]+,C73H127N7O6,Amino acids and Peptides,0.8885045647621155,Oligopeptides,0.8515568971633911,Unknown,0.5349823832511902,Unknown,0.6006174683570862,NA,NA,NA,NA,NA,NA,NA,NA,NA
x18041_498_45259_8_482,498.45259,8.482,18:1,18041,Unknown,NA,C30H59NO4,[M + H]+,C30H59NO4,Unknown,0.8418139815330505,Unknown,0.8246924877166748,Unknown,0.1711464822292328,N-acyl amines,0.8554839491844177,NA,NA,NA,NA,NA,NA,NA,NA,NA
x7735_474_39554_4_428,474.39554,4.428,18:1,7735,Unknown,NA,C30H51NO3,[M + H]+,C30H51NO3,Terpenoids,0.90421462059021,Unknown,0.6857234239578247,Unknown,0.8390098214149475,Unknown,0.8409923911094666,NA,NA,NA,NA,NA,NA,NA,NA,NA
x10685_548_43277_5_5,548.43277,5.5,18:1,10685,Unknown,NA,NA,NA,NA,Unknown,NA,Unknown,NA,Unknown,NA,Unknown,NA,NA,NA,NA,NA,NA,NA,NA,NA,NA
x4101_382_36747_3_406,382.36747,3.406,18:1,4101,Unknown,NA,C24H47NO2,[M + H]+,C24H47NO2,Fatty acids,0.989903450012207,Fatty amides,0.8746904134750366,Unknown,0.522138237953186,N-acyl amines,0.9614543914794922,NA,NA,NA,NA,NA,NA,NA,NA,NA
x37788_1162_9004_15_325,1162.9004,15.325,18:1,37788,Unknown,NA,C44H40I4O4,[M + Na]+,C44H40I4O4,Shikimates and Phenylpropanoids,0.870719313621521,Unknown,0.10571639984846117,Unknown,0.03724453970789909,Unknown,0.8351284265518188,NA,NA,NA,NA,NA,NA,NA,NA,NA
x24274_504_4421_11_698,504.4421,11.698,18:1,24274,Unknown,NA,C32H57NO3,[M + H]+,C32H57NO3,Fatty acids,0.9507039785385132,Unknown,0.382605105638504,Unknown,0.3224374055862427,N-acyl amines,0.9525028467178344,NA,NA,NA,NA,NA,NA,NA,NA,NA
x6565_482_40226_4_047,482.40226,4.047,18:1,6565,Unknown,NA,C27H47BN6O,[M + H]+,C27H47BN6O,Unknown,0.1848900318145752,Unknown,0.05720435082912445,Unknown,0.17473292350769043,Unknown,0.6611492037773132,NA,NA,NA,NA,NA,NA,NA,NA,NA
x39888_848_77057_16_173,848.77057,16.173,18:2,39888,Triacylglycerols,TAG(16:0/16:0/18:2) [M+NH4]+,C51H103NO6,[M + Na]+,C51H103NO6,Fatty acids,0.9996451139450072,Glycerolipids,0.9915878176689148,Triacylglycerols,0.9994412064552308,Triacylglycerols,0.9828203916549684,NA,NA,NA,NA,NA,Glycerolipid,Triacylglycerols,Triacylglycerols,TAG(16:0/16:0/18:2) [M+NH4]+
x39976_874_78599_16_215,874.78599,16.215,18:2,39976,Triacylglycerols,TAG(16:0/18:1/18:2) [M+NH4]+,C50H97N11,[M + Na]+,C50H97N11,Alkaloids,0.9716623425483704,Unknown,0.40893206000328064,Unknown,0.16425886750221252,Heteroaromatic compounds,0.965584635734558,NA,NA,NA,NA,NA,Glycerolipid,Triacylglycerols,Triacylglycerols,TAG(16:0/18:1/18:2) [M+NH4]+
x38869_820_73925_15_735,820.73925,15.735,18:2,38869,Triacylglycerols,TAG(14:0/16:1/18:1) / TAG(14:0/16:0/18:2) [M+NH4]+,C47H93N7O4,[M + H]+,C47H93N7O4,Fatty acids,0.9879109859466552,Unknown,0.6981591582298279,Unknown,0.45715561509132385,Unknown,0.5531683564186096,NA,NA,NA,NA,NA,Glycerolipid,Triacylglycerols,Triacylglycerols,TAG(14:0/16:1/18:1) / TAG(14:0/16:0/18:2) [M+NH4]+
x39186_898_78095_15_858,898.78095,15.858,18:2,39186,Triacylglycerols,TAG(18:0/18:2/18:3) [M+NH4]+,NA,NA,NA,Unknown,NA,Unknown,NA,Unknown,NA,Unknown,NA,NA,NA,NA,NA,NA,Glycerolipid,Triacylglycerols,Triacylglycerols,TAG(18:0/18:2/18:3) [M+NH4]+
x38479_872_76834_15_57,872.76834,15.57,18:2,38479,Triacylglycerols,TAG(16:0/18:2/18:2) [M+NH4]+,NA,NA,NA,Unknown,NA,Unknown,NA,Unknown,NA,Unknown,NA,NA,NA,NA,NA,NA,Glycerolipid,Triacylglycerols,Triacylglycerols,TAG(16:0/18:2/18:2) [M+NH4]+
x39609_900_79918_16_042,900.79918,16.042,18:2,39609,Unknown,NA,NA,NA,NA,Unknown,NA,Unknown,NA,Unknown,NA,Unknown,NA,NA,NA,NA,NA,NA,NA,NA,NA,NA
x38894_846_75465_15_748,846.75465,15.748,18:2,38894,Triacylglycerols,NA,C51H101NO6,[M + Na]+,C51H101NO6,Fatty acids,0.999194085597992,Glycerolipids,0.9808329343795776,Triacylglycerols,0.9951687455177308,Unknown,0.80234527587890625,NA,NA,NA,NA,NA,NA,NA,NA,NA
x37726_792_70779_15_276,792.70779,15.276,18:2,37726,Triacylglycerols,TAG(14:0/16:1/16:1) / TAG(14:0/14:0/18:2) [M+NH4]+,C49H93NO6,[M + H]+,C49H93NO6,Fatty acids,0.9997172951698304,Glycerolipids,0.9960541725158693,Triacylglycerols,0.9998701810836792,Triacylglycerols,0.9991590976715088,NA,NA,NA,NA,NA,Glycerolipid,Triacylglycerols,Triacylglycerols,TAG(14:0/16:1/16:1) / TAG(14:0/14:0/18:2) [M+NH4]+
x20375_572_50364_9_623,572.50364,9.623,18:2,20375,Unknown,NA,C37H65NO3,[M + H]+,C37H65NO3,Fatty acids,0.9748860597610474,Unknown,0.4095692038536072,Unknown,0.3881352245807648,Unknown,0.5596794486045837,NA,NA,NA,NA,NA,NA,NA,NA,NA
x3482_380_35229_3_091,380.35229,3.091,18:2,3482,Unknown,NA,C24H45NO2,[M + H]+,C24H45NO2,Fatty acids,0.9966304898262024,Fatty amides,0.984490931034088,Unknown,0.6176527142524719,N-acyl amines,0.9628949761390686,NA,NA,NA,NA,NA,NA,NA,NA,NA
x22310_572_50383_10_613,572.50383,10.613,18:2,22310,Unknown,NA,C37H65NO3,[M + H]+,C37H65NO3,Fatty acids,0.9931108951568604,Unknown,0.6477411389350891,Unknown,0.8238323926925659,Unknown,0.5691277980804443,NA,NA,NA,NA,NA,NA,NA,NA,NA
x38012_848_7693_15_368,848.7693,15.368,18:2,38012,Triacylglycerols,TAG(16:0/16:0/18:2) [M+NH4]+,C51H103NO6,[M + Na]+,C51H103NO6,Fatty acids,0.9991113543510436,Glycerolipids,0.9857579469680786,Triacylglycerols,0.9990216493606568,Triacylglycerols,0.9281586408615112,NA,NA,NA,NA,NA,Glycerolipid,Triacylglycerols,Triacylglycerols,TAG(16:0/16:0/18:2) [M+NH4]+
x37742_818_72331_15_285,818.72331,15.285,18:2,37742,Triacylglycerols,TAG(14:0/16:1/18:2) [M+NH4]+,C46H89N11,[M + Na]+,C46H89N11,Alkaloids,0.9930106997489928,Unknown,0.30088362097740173,Unknown,0.2476552426815033,Heteroaromatic compounds,0.9922296404838562,NA,NA,NA,NA,NA,Glycerolipid,Triacylglycerols,Triacylglycerols,TAG(14:0/16:1/18:2) [M+NH4]+
x36351_896_76781_14_784,896.76781,14.784,18:2,36351,Triacylglycerols,TAG(18:1/18:2/18:3) [M+NH4]+,C55H103NO6,[M + Na]+,C55H103NO6,Fatty acids,0.9991870522499084,Unknown,0.7484538555145264,Triacylglycerols,0.9426332116127014,N-acyl amines,0.9797590970993042,NA,NA,NA,NA,NA,Glycerolipid,Triacylglycerols,Triacylglycerols,TAG(18:1/18:2/18:3) [M+NH4]+
x37099_894_75125_15_027,894.75125,15.027,18:2,37099,Triacylglycerols,TAG(18:0/18:3/18:4) [M+NH4]+,C55H101NO6,[M + Na]+,C55H101NO6,Fatty acids,0.9988666772842408,Glycerolipids,0.8863407373428345,Triacylglycerols,0.9946351647377014,N-acyl amines,0.9917531609535216,NA,NA,NA,NA,NA,Glycerolipid,Triacylglycerols,Triacylglycerols,TAG(18:0/18:3/18:4) [M+NH4]+
x36387_764_67681_14_807,764.67681,14.807,18:2,36387,Triacylglycerols,TAG(14:0/14:0/16:2) / (12:0/16:0/16:2) [M+NH4]+,NA,NA,NA,Unknown,NA,Unknown,NA,Unknown,NA,Unknown,NA,NA,NA,NA,NA,NA,Glycerolipid,Triacylglycerols,Triacylglycerols,TAG(14:0/14:0/16:2) / (12:0/16:0/16:2) [M+NH4]+
x15376_379_33571_7_457,379.33571,7.457,18:2,15376,Unknown,NA,C28H42,[M + H]+,C28H42,Terpenoids,0.9969061017036438,Unknown,0.4542594850063324,Unknown,0.2278713583946228,Unknown,0.6103795766830444,NA,NA,NA,NA,NA,NA,NA,NA,NA
x39627_862_82356_16_055,862.82356,16.055,18:2,39627,Unknown,NA,NA,NA,NA,Unknown,NA,Unknown,NA,Unknown,NA,Unknown,NA,NA,NA,NA,NA,NA,NA,NA,NA,NA
x36292_792_70748_14_778,792.70748,14.778,18:2,36292,Triacylglycerols,TAG(14:0/16:1/16:1) / TAG(14:0/14:0/18:2) [M+NH4]+,C47H95NO6,[M + Na]+,C47H95NO6,Fatty acids,0.9997286200523376,Glycerolipids,0.988597333431244,Triacylglycerols,0.9967183470726012,Triacylglycerols,0.9772776365280152,NA,NA,NA,NA,NA,Glycerolipid,Triacylglycerols,Triacylglycerols,TAG(14:0/16:1/16:1) / TAG(14:0/14:0/18:2) [M+NH4]+
x36611_846_7523_14_855,846.7523,14.855,18:2,36611,Triacylglycerols,NA,C51H101NO6,[M + Na]+,C51H101NO6,Fatty acids,0.9994346499443054,Glycerolipids,0.991565465927124,Triacylglycerols,0.999283730983734,Triacylglycerols,0.96478867530822765,NA,NA,NA,NA,NA,NA,NA,NA,NA
x38953_834_79157_15_785,834.79157,15.785,18:2,38953,Unknown,NA,NA,NA,NA,Unknown,NA,Unknown,NA,Unknown,NA,Unknown,NA,NA,NA,NA,NA,NA,NA,NA,NA,NA
x20362_554_49284_9_622,554.49284,9.622,18:2,20362,Unknown,NA,C35H65NO2,[M + Na]+,C35H65NO2,Fatty acids,0.9494357109069824,Unknown,0.5554035902023315,Unknown,0.41269803047180176,N-acyl amines,0.9768952131271362,NA,NA,NA,NA,NA,NA,NA,NA,NA
x26375_610_53921_12_32,610.53921,12.32,18:2,26375,Diacylglycerols,DAG(18:2/16:0) [M+NH4]+,NA,NA,NA,Unknown,NA,Unknown,NA,Unknown,NA,Unknown,NA,NA,NA,NA,NA,NA,Glycerolipid,Diacylglycerols,Diacylglycerols,DAG(18:2/16:0) [M+NH4]+
x34619_736_64633_14_281,736.64633,14.281,18:2,34619,Unknown,NA,C45H86ClN3O2,[M + H]+,C45H86ClN3O2,Unknown,0.7178815603256226,Unknown,0.816975474357605,Unknown,0.8247931003570557,Unknown,0.504561722278595,NA,NA,NA,NA,NA,NA,NA,NA,NA
x34743_764_67632_14_323,764.67632,14.323,18:2,34743,Triacylglycerols,TAG(14:0/14:0/16:2) / (12:0/16:0/16:2) [M+NH4]+,C47H89NO6,[M + H]+,C47H89NO6,Fatty acids,0.9992228746414183,Glycerolipids,0.9898514747619628,Triacylglycerols,0.9996339082717896,Triacylglycerols,0.9970917701721193,NA,NA,NA,NA,NA,Glycerolipid,Triacylglycerols,Triacylglycerols,TAG(14:0/14:0/16:2) / (12:0/16:0/16:2) [M+NH4]+
x13719_468_34813_6_731,468.34813,6.731,18:2,13719,Unknown,NA,C30H45NO3,[M + H]+,C30H45NO3,Terpenoids,0.9774439930915833,Steroids,0.9182090163230896,Unknown,0.46653857827186584,Glycinated bile acids and derivatives,0.9383664131164552,NA,NA,NA,NA,NA,NA,NA,NA,NA
x21915_572_50384_10_419,572.50384,10.419,18:2,21915,Unknown,NA,C37H65NO3,[M + H]+,C37H65NO3,Fatty acids,0.9757397174835204,Unknown,0.3945313692092895,Unknown,0.5217823386192322,Unknown,0.5354365110397339,NA,NA,NA,NA,NA,NA,NA,NA,NA
x12395_452_35157_6_187,452.35157,6.187,18:2,12395,Unknown,NA,C30H45NO2,[M + H]+,C30H45NO2,Unknown,0.5603600740432739,Unknown,0.34130504727363586,Unknown,0.4211167097091675,Unknown,0.7442737817764282,NA,NA,NA,NA,NA,NA,NA,NA,NA
x36166_818_72209_14_77,818.72209,14.77,18:2,36166,Triacylglycerols,TAG(14:0/16:1/18:2) [M+NH4]+,C49H97NO6,[M + Na]+,C49H97NO6,Fatty acids,0.997866690158844,Unknown,0.6946008205413818,Unknown,0.8335201144218445,N-acyl amines,0.9392330646514891,NA,NA,NA,NA,NA,Glycerolipid,Triacylglycerols,Triacylglycerols,TAG(14:0/16:1/18:2) [M+NH4]+
x40923_834_79133_16_725,834.79133,16.725,18:2,40923,Unknown,NA,NA,NA,NA,Unknown,NA,Unknown,NA,Unknown,NA,Unknown,NA,NA,NA,NA,NA,NA,NA,NA,NA,NA
x22300_554_49302_10_612,554.49302,10.612,18:2,22300,Unknown,NA,C37H63NO2,[M + H]+,C37H63NO2,Terpenoids,0.9164295792579652,Unknown,0.5691657662391663,Unknown,0.3078364431858063,Unknown,0.8249654173851013,NA,NA,NA,NA,NA,NA,NA,NA,NA
x1728_368_28017_1_826,368.28017,1.826,18:2,1728,Unknown,NA,C27H33B,[M + H]+,C27H33B,Terpenoids,0.9880405068397522,Unknown,0.4291159212589264,Unknown,0.34652599692344666,Unknown,0.764001190662384,NA,NA,NA,NA,NA,NA,NA,NA,NA
x40587_918_88656_16_501,918.88656,16.501,18:2,40587,Unknown,NA,NA,NA,NA,Unknown,NA,Unknown,NA,Unknown,NA,Unknown,NA,NA,NA,NA,NA,NA,NA,NA,NA,NA
x37803_554_4944_15_302,554.4944,15.302,18:2,37803,Unknown,NA,C37H63NO2,[M + H]+,C37H63NO2,Fatty acids,0.904478132724762,Unknown,0.2934095561504364,Unknown,0.3543481230735779,Unknown,0.7037141919136047,NA,NA,NA,NA,NA,NA,NA,NA,NA
x16564_470_36389_7_936,470.36389,7.936,18:2,16564,Unknown,NA,C30H47NO3,[M + H]+,C30H47NO3,Terpenoids,0.9990718364715576,Steroids,0.998789131641388,Unknown,0.7873362302780151,Glycinated bile acids and derivatives,0.9980748891830444,NA,NA,NA,NA,NA,NA,NA,NA,NA
x37809_572_50465_15_302,572.50465,15.302,18:2,37809,Unknown,NA,C37H65NO3,[M + H]+,C37H65NO3,Fatty acids,0.9644386172294616,Unknown,0.3102814257144928,Unknown,0.3192203640937805,Unknown,0.7075603604316711,NA,NA,NA,NA,NA,NA,NA,NA,NA
x10000_596_4692_5_255,596.4692,5.255,18:2,10000,Unknown,NA,C38H61NO4,[M + H]+,C38H61NO4,Fatty acids,0.94956636428833,Unknown,0.5101571679115295,Unknown,0.20125989615917209,N-acyl amines,0.8850342035293579,NA,NA,NA,NA,NA,NA,NA,NA,NA
x36520_572_5049_14_844,572.5049,14.844,18:2,36520,Unknown,NA,C37H65NO3,[M + H]+,C37H65NO3,Fatty acids,0.9767665863037108,Unknown,0.3020511567592621,Unknown,0.4708031117916107,Unknown,0.5778096914291382,NA,NA,NA,NA,NA,NA,NA,NA,NA
x27436_542_49273_12_582,542.49273,12.582,18:2,27436,Unknown,NA,C36H63NO2,[M + H]+,C36H63NO2,Fatty acids,0.994354009628296,Fatty amides,0.8932512998580933,Unknown,0.23648518323898315,N-acyl amines,0.9972898960113524,NA,NA,NA,NA,NA,NA,NA,NA,NA
x12485_500_35304_6_224,500.35304,6.224,18:2,12485,Unknown,NA,C34H45NO2,[M + H]+,C34H45NO2,Unknown,0.4204660952091217,Unknown,0.23764123022556305,Unknown,0.25992581248283386,Unknown,0.6736465096473694,NA,NA,NA,NA,NA,NA,NA,NA,NA
x37413_874_78204_15_207,874.78204,15.207,18:2,37413,Triacylglycerols,TAG(16:0/18:1/18:2) [M+NH4]+,C55H103NO6,[M + H]+,C55H103NO6,Fatty acids,0.9983434677124025,Glycerolipids,0.9933613538742064,Triacylglycerols,0.9999121427536012,Triacylglycerols,0.9951900243759156,NA,NA,NA,NA,NA,Glycerolipid,Triacylglycerols,Triacylglycerols,TAG(16:0/18:1/18:2) [M+NH4]+
x8998_434_39937_4_917,434.39937,4.917,18:2,8998,Unknown,NA,NA,NA,NA,Unknown,NA,Unknown,NA,Unknown,NA,Unknown,NA,NA,NA,NA,NA,NA,NA,NA,NA,NA
x22485_632_52437_10_725,632.52437,10.725,18:2,22485,Diacylglycerols,DAG(18:2/18:3)  [M+NH4]+,NA,NA,NA,Unknown,NA,Unknown,NA,Unknown,NA,Unknown,NA,NA,NA,NA,NA,NA,Glycerolipid,Diacylglycerols,Diacylglycerols,DAG(18:2/18:3)  [M+NH4]+
x5548_460_37961_3_772,460.37961,3.772,18:2,5548,Unknown,NA,C29H49NO3,[M + H]+,C29H49NO3,Terpenoids,0.9754977822303772,Unknown,0.6343713998794556,Unknown,0.5732196569442749,Triterpenoids,0.9625029563903807,NA,NA,NA,NA,NA,NA,NA,NA,NA
x36284_848_76414_14_808,848.76414,14.808,18:2,36284,Triacylglycerols,TAG(16:0/16:0/18:2) [M+NH4]+,C51H103NO6,[M + Na]+,C51H103NO6,Fatty acids,0.9996095299720764,Glycerolipids,0.963366448879242,Triacylglycerols,0.9973829388618468,Unknown,0.6017723679542542,NA,NA,NA,NA,NA,Glycerolipid,Triacylglycerols,Triacylglycerols,TAG(16:0/16:0/18:2) [M+NH4]+
x17966_606_50802_8_491,606.50802,8.491,18:2,17966,Unknown,NA,NA,NA,NA,Unknown,NA,Unknown,NA,Unknown,NA,Unknown,NA,NA,NA,NA,NA,NA,NA,NA,NA,NA
x18990_532_41538_8_925,532.41538,8.925,18:2,18990,Unknown,NA,C36H53NO2,[M + H]+,C36H53NO2,Unknown,0.7455491423606873,Unknown,0.3070976138114929,Unknown,0.2393108457326889,Unknown,0.802570641040802,NA,NA,NA,NA,NA,NA,NA,NA,NA
x32648_708_61286_13_776,708.61286,13.776,18:2,32648,Unknown,NA,C43H81NO6,[M + H]+,C43H81NO6,Fatty acids,0.9980000853538512,Unknown,0.5602324604988098,Unknown,0.7789767384529114,Unknown,0.6468481421470642,NA,NA,NA,NA,NA,NA,NA,NA,NA
x8202_484_41591_4_603,484.41591,4.603,18:2,8202,Unknown,NA,C32H53NO2,[M + H]+,C32H53NO2,Unknown,0.7650749087333679,Unknown,0.8009911179542542,Unknown,0.39199844002723694,Unknown,0.6999388933181763,NA,NA,NA,NA,NA,NA,NA,NA,NA
x20296_604_4917_9_582,604.4917,9.582,18:2,20296,Unknown,NA,NA,NA,NA,Unknown,NA,Unknown,NA,Unknown,NA,Unknown,NA,NA,NA,NA,NA,NA,NA,NA,NA,NA
x5968_456_38482_3_914,456.38482,3.914,18:2,5968,Unknown,NA,C30H49NO2,[M + H]+,C30H49NO2,Terpenoids,0.9299365282058716,Unknown,0.8395252823829651,Unknown,0.8403705358505249,Unknown,0.7090803384780884,NA,NA,NA,NA,NA,NA,NA,NA,NA
x31501_666_60215_13_574,666.60215,13.574,18:2,31501,Unknown,NA,NA,NA,NA,Unknown,NA,Unknown,NA,Unknown,NA,Unknown,NA,NA,NA,NA,NA,NA,NA,NA,NA,NA
x33034_736_64452_13_877,736.64452000000006,13.877,18:2,33034,Triacylglycerols,NA,C45H85NO6,[M + H]+,C45H85NO6,Fatty acids,0.9985997080802916,Glycerolipids,0.9833979606628418,Triacylglycerols,0.9994953870773317,Triacylglycerols,0.9888729453086852,NA,NA,NA,NA,NA,NA,NA,NA,NA
x36657_554_49364_14_89,554.49364,14.89,18:2,36657,Unknown,NA,C37H63NO2,[M + H]+,C37H63NO2,Fatty acids,0.9410337209701538,Unknown,0.7592888474464417,Unknown,0.42643696069717407,N-acyl amines,0.9594383239746094,NA,NA,NA,NA,NA,NA,NA,NA,NA
x2297_450_32261_2_287,450.32261,2.287,18:2,2297,Unknown,NA,C26H43NO5,[M + H]+,C26H43NO5,Unknown,0.6911188364028931,Unknown,0.5386787056922913,Unknown,0.3554600179195404,Unknown,0.6060225367546082,NA,NA,NA,NA,NA,NA,NA,NA,NA
x38905_572_50418_15_756,572.50418,15.756,18:2,38905,Unknown,NA,C37H65NO3,[M + H]+,C37H65NO3,Fatty acids,0.9578222036361694,Unknown,0.33819127082824707,Unknown,0.32556256651878357,Unknown,0.5485178828239441,NA,NA,NA,NA,NA,NA,NA,NA,NA
x15580_504_38402_7_5,504.38402,7.5,18:2,15580,Unknown,NA,C27H47BN6O,[M + Na]+,C27H47BN6O,Unknown,0.14403069019317627,Unknown,0.12174684554338457,Unknown,0.13705885410308838,Unknown,0.6893565654754639,NA,NA,NA,NA,NA,NA,NA,NA,NA
x35426_572_50542_14_469,572.50542,14.469,18:2,35426,Unknown,NA,C37H65NO3,[M + H]+,C37H65NO3,Fatty acids,0.9709373116493224,Unknown,0.3790323138236999,Unknown,0.3978930711746216,Unknown,0.7210143804550171,NA,NA,NA,NA,NA,NA,NA,NA,NA
x6348_406_3685_4_054,406.3685,4.054,18:2,6348,Unknown,NA,C26H47NO2,[M + H]+,C26H47NO2,Fatty acids,0.9893688559532166,Fatty amides,0.8804796934127808,Unknown,0.7236568331718445,N-acyl amines,0.9827197790145874,NA,NA,NA,NA,NA,NA,NA,NA,NA
x23718_658_53957_11_51,658.53957,11.51,18:2,23718,Unknown,NA,NA,NA,NA,Unknown,NA,Unknown,NA,Unknown,NA,Unknown,NA,NA,NA,NA,NA,NA,NA,NA,NA,NA
x7027_470_40051_4_269,470.40051,4.269,18:2,7027,Unknown,NA,C31H51NO2,[M + H]+,C31H51NO2,Unknown,0.6797220706939697,Unknown,0.803544819355011,Unknown,0.3688684105873108,Unknown,0.748701810836792,NA,NA,NA,NA,NA,NA,NA,NA,NA
x17323_837_47823_8_257,837.47823,8.257,18:2,17323,Unknown,NA,C37H64N12O8S,[M + H]+,C37H64N12O8S,Amino acids and Peptides,0.9659783244132996,Unknown,0.5936259627342224,Unknown,0.5136986374855042,Unknown,0.7868511080741882,NA,NA,NA,NA,NA,NA,NA,NA,NA
x11393_820_62917_5_782,820.62917,5.782,18:2,11393,Unknown,NA,NA,NA,NA,Unknown,NA,Unknown,NA,Unknown,NA,Unknown,NA,NA,NA,NA,NA,NA,NA,NA,NA,NA
x5357_516_44249_3_728,516.44249,3.728,18:2,5357,Unknown,NA,C33H57NO3,[M + H]+,C33H57NO3,Unknown,0.6752266883850098,Unknown,0.10124801844358444,Unknown,0.14322830736637115,N-acyl amines,0.8625521063804626,NA,NA,NA,NA,NA,NA,NA,NA,NA
x7301_378_33721_4_362,378.33721,4.362,18:2,7301,Unknown,NA,C24H43NO2,[M + H]+,C24H43NO2,Fatty acids,0.9229674339294434,Unknown,0.23623913526535031,Unknown,0.5573474764823914,Unknown,0.6281902194023132,NA,NA,NA,NA,NA,NA,NA,NA,NA
x3681_406_29517_3_152,406.29517,3.152,18:2,3681,Unknown,NA,C24H39NO4,[M + H]+,C24H39NO4,Unknown,0.23471251130104065,Unknown,0.2942787706851959,Unknown,0.10976465046405792,Unknown,0.5156320929527283,NA,NA,NA,NA,NA,NA,NA,NA,NA
x11792_598_48396_5_948,598.48396,5.948,18:2,11792,Unknown,NA,C38H63NO4,[M + H]+,C38H63NO4,Unknown,0.5815624594688416,Unknown,0.6314203143119812,Unknown,0.11403341591358183,Unknown,0.5743186473846436,NA,NA,NA,NA,NA,NA,NA,NA,NA
x7986_488_4481_4_556,488.4481,4.556,18:2,7986,Unknown,NA,C32H57NO2,[M + H]+,C32H57NO2,Unknown,0.6574288606643677,Unknown,0.2708836793899536,Unknown,0.12026545405387878,Unknown,0.7837759256362915,NA,NA,NA,NA,NA,NA,NA,NA,NA
x7698_407_36701_4_428,407.36701,4.428,18:2,7698,Unknown,NA,C30H46,[M + H]+,C30H46,Terpenoids,0.9962169528007508,Unknown,0.6956942081451416,Unknown,0.11508136242628098,Unknown,0.5541766285896301,NA,NA,NA,NA,NA,NA,NA,NA,NA
x30471_658_57607_13_27,658.57607,13.27,18:2,30471,Unknown,NA,C42H75NO4,[M + H]+,C42H75NO4,Fatty acids,0.9805244207382202,Unknown,0.22999931871891025,Unknown,0.503304660320282,Unknown,0.6127718687057495,NA,NA,NA,NA,NA,NA,NA,NA,NA
x4000_380_35116_3_365,380.35116,3.365,18:2,4000,Unknown,NA,C24H45NO2,[M + H]+,C24H45NO2,Fatty acids,0.9946178793907166,Fatty amides,0.9793370962142944,Unknown,0.5797592401504517,N-acyl amines,0.9463707804679872,NA,NA,NA,NA,NA,NA,NA,NA,NA
x20928_540_47725_9_913,540.47725,9.913,18:2,20928,Unknown,NA,C34H63NO2,[M + Na]+,C34H63NO2,Fatty acids,0.9969053864479064,Unknown,0.6975802779197693,Unknown,0.698050856590271,N-acyl amines,0.9643335342407228,NA,NA,NA,NA,NA,NA,NA,NA,NA
x31081_660_59152_13_471,660.59152,13.471,18:2,31081,Unknown,NA,C42H77NO4,[M + H]+,C42H77NO4,Fatty acids,0.9953044652938844,Unknown,0.8250150680541992,Unknown,0.6697983145713806,N-acyl-alpha amino acids,0.977670431137085,NA,NA,NA,NA,NA,NA,NA,NA,NA
x10372_460_415_5_458,460.415,5.458,18:2,10372,Unknown,NA,C30H53NO2,[M + H]+,C30H53NO2,Unknown,0.742409348487854,Unknown,0.8430219292640686,Unknown,0.05724567547440529,Unknown,0.5420757532119751,NA,NA,NA,NA,NA,NA,NA,NA,NA
x4094_392_31507_3_351,392.31507,3.351,18:2,4094,Unknown,NA,C24H41NO3,[M + H]+,C24H41NO3,Unknown,0.4723208546638489,Unknown,0.5014069080352783,Unknown,0.5676162242889404,Unknown,0.7872410416603088,NA,NA,NA,NA,NA,NA,NA,NA,NA
x23652_576_50031_11_458,576.50031,11.458,18:2,23652,Unknown,NA,C36H65NO4,[M + H]+,C36H65NO4,Fatty acids,0.9856106638908386,Unknown,0.5867940187454224,Unknown,0.5259855389595032,N-acyl-alpha amino acids,0.984683096408844,NA,NA,NA,NA,NA,NA,NA,NA,NA
x19037_628_49403_8_922,628.49403,8.922,18:2,19037,Unknown,NA,NA,NA,NA,Unknown,NA,Unknown,NA,Unknown,NA,Unknown,NA,NA,NA,NA,NA,NA,NA,NA,NA,NA
x12964_442_33739_6_447,442.33739,6.447,18:2,12964,Unknown,NA,C27H43BO4,[M + H]+,C27H43BO4,Terpenoids,0.9927574396133424,Steroids,0.8652568459510803,Unknown,0.14361301064491272,Unknown,0.6598217487335205,NA,NA,NA,NA,NA,NA,NA,NA,NA
x26435_650_53495_12_308,650.53495,12.308,18:2,26435,Unknown,NA,C43H69BO2,[M + Na]+,C43H69BO2,Unknown,0.6571213006973267,Unknown,0.15883643925189972,Unknown,0.75720977783203125,Unknown,0.5136263966560364,NA,NA,NA,NA,NA,NA,NA,NA,NA
x21378_606_50817_10_213,606.50817,10.213,18:2,21378,Unknown,NA,NA,NA,NA,Unknown,NA,Unknown,NA,Unknown,NA,Unknown,NA,NA,NA,NA,NA,NA,NA,NA,NA,NA
x24398_638_5529_11_766,638.5529,11.766,18:2,24398,Unknown,NA,C42H71NO3,[M + H]+,C42H71NO3,Fatty acids,0.9938954710960388,Unknown,0.3940010368824005,Unknown,0.2980228066444397,N-acyl amines,0.933936893939972,NA,NA,NA,NA,NA,NA,NA,NA,NA
x7451_458_39959_4_403,458.39959,4.403,18:2,7451,Unknown,NA,C30H51NO2,[M + H]+,C30H51NO2,Fatty acids,0.9912158250808716,Unknown,0.8094176650047302,Unknown,0.3029320240020752,Unknown,0.8031893372535706,NA,NA,NA,NA,NA,NA,NA,NA,NA
x8801_354_33714_4_738,354.33714,4.738,18:2,8801,Unknown,NA,C22H43NO2,[M + H]+,C22H43NO2,Fatty acids,0.8944385051727295,Unknown,0.7852526307106018,Unknown,0.576762318611145,Unknown,0.7976914644241333,NA,NA,NA,NA,NA,NA,NA,NA,NA
x5289_434_31077_3_726,434.31077,3.726,18:2,5289,Unknown,NA,C23H39N5O3,[M + H]+,C23H39N5O3,Alkaloids,0.9435205459594728,Unknown,0.559977114200592,Unknown,0.13901321589946747,Unknown,0.5767271518707275,NA,NA,NA,NA,NA,NA,NA,NA,NA
x13397_598_48349_6_588,598.48349,6.588,18:2,13397,Unknown,NA,C36H65NO4,[M + Na]+,C36H65NO4,Unknown,0.6410137414932251,Unknown,0.32919037342071533,Unknown,0.46865448355674744,Unknown,0.6443724632263184,NA,NA,NA,NA,NA,NA,NA,NA,NA
x6448_652_38339_4_074,652.38339,4.074,18:2,6448,Unknown,NA,C36H55NO8,[M + Na]+,C36H55NO8,Terpenoids,0.9060871005058287,Unknown,0.26564180850982666,Unknown,0.1479042023420334,Unknown,0.6460714340209961,NA,NA,NA,NA,NA,NA,NA,NA,NA
x29670_680_58079_13_147,680.58079,13.147,18:2,29670,Unknown,NA,C41H77NO6,[M + H]+,C41H77NO6,Fatty acids,0.9990851879119872,Unknown,0.4944173991680145,Unknown,0.5709049105644226,Unknown,0.6566332578659058,NA,NA,NA,NA,NA,NA,NA,NA,NA
x8893_570_45431_4_834,570.45431,4.834,18:2,8893,Unknown,NA,C36H59NO4,[M + H]+,C36H59NO4,Unknown,0.6744123697280884,Unknown,0.35746943950653076,Unknown,0.199874684214592,Unknown,0.8234196305274963,NA,NA,NA,NA,NA,NA,NA,NA,NA
x29063_656_5599_12_972,656.5599,12.972,18:2,29063,Unknown,NA,C42H73NO4,[M + H]+,C42H73NO4,Fatty acids,0.9322367906570436,Steroids,0.8860869407653809,Unknown,0.614966869354248,Unknown,0.6138235926628113,NA,NA,NA,NA,NA,NA,NA,NA,NA
x2188_352_31986_2_208,352.31986,2.208,18:2,2188,Unknown,NA,C22H41NO2,[M + H]+,C22H41NO2,Fatty acids,0.8823201060295105,Unknown,0.7165505290031433,Unknown,0.20309585332870483,Unknown,0.538963794708252,NA,NA,NA,NA,NA,NA,NA,NA,NA
x5590_468_38576_3_799,468.38576,3.799,18:2,5590,Unknown,NA,C31H49NO2,[M + H]+,C31H49NO2,Terpenoids,0.9734041094779968,Unknown,0.7130728363990784,Unknown,0.2687760591506958,Unknown,0.5187395215034485,NA,NA,NA,NA,NA,NA,NA,NA,NA
x37256_1182_92665_15_083,1182.92665,15.083,18:2,37256,Unknown,NA,NA,NA,NA,Unknown,NA,Unknown,NA,Unknown,NA,Unknown,NA,NA,NA,NA,NA,NA,NA,NA,NA,NA
x6565_482_40226_4_047,482.40226,4.047,18:2,6565,Unknown,NA,C27H47BN6O,[M + H]+,C27H47BN6O,Unknown,0.1848900318145752,Unknown,0.05720435082912445,Unknown,0.17473292350769043,Unknown,0.6611492037773132,NA,NA,NA,NA,NA,NA,NA,NA,NA
x39288_846_75538_15_912,846.75538,15.912,18:3,39288,Triacylglycerols,TAG(16:0/16:0/18:3) [M+NH4]+,C51H101NO6,[M + Na]+,C51H101NO6,Fatty acids,0.9998013377189636,Glycerolipids,0.9912105798721312,Triacylglycerols,0.9966957569122314,Unknown,0.6698206067085266,NA,NA,NA,NA,NA,Glycerolipid,Triacylglycerols,Triacylglycerols,TAG(16:0/16:0/18:3) [M+NH4]+
x37545_868_73949_15_207,868.73949,15.207,18:3,37545,Triacylglycerols,TAG(16:0/18:3/18:3) / (16:0/16:1/20:5) [M+NH4]+,NA,NA,NA,Unknown,NA,Unknown,NA,Unknown,NA,Unknown,NA,NA,NA,NA,NA,NA,Glycerolipid,Triacylglycerols,Triacylglycerols,TAG(16:0/18:3/18:3) / (16:0/16:1/20:5) [M+NH4]+
x39261_872_77072_15_898,872.77072,15.898,18:3,39261,Triacylglycerols,TAG(16:0/18:2/18:2) [M+NH4]+,C53H103NO6,[M + Na]+,C53H103NO6,Fatty acids,0.9996758699417114,Glycerolipids,0.9875643849372864,Triacylglycerols,0.9993484616279602,Triacylglycerols,0.98138028383255,NA,NA,NA,NA,NA,Glycerolipid,Triacylglycerols,Triacylglycerols,TAG(16:0/18:2/18:2) [M+NH4]+
x38192_818_72388_15_459,818.72388,15.459,18:3,38192,Triacylglycerols,TAG(14:0/16:0/18:3) [M+NH4]+,NA,NA,NA,Unknown,NA,Unknown,NA,Unknown,NA,Unknown,NA,NA,NA,NA,NA,NA,Glycerolipid,Triacylglycerols,Triacylglycerols,TAG(14:0/16:0/18:3) [M+NH4]+
x38158_844_73924_15_454,844.73924,15.454,18:3,38158,Triacylglycerols,TAG(16:0/16:1/18:3) / TAG(14:0/18:1/18:3) [M+NH4]+,C51H99NO6,[M + Na]+,C51H99NO6,Fatty acids,0.9993886947631836,Glycerolipids,0.970704197883606,Triacylglycerols,0.9897000789642334,Unknown,0.5980072617530823,NA,NA,NA,NA,NA,Glycerolipid,Triacylglycerols,Triacylglycerols,TAG(16:0/16:1/18:3) / TAG(14:0/18:1/18:3) [M+NH4]+
x38350_870_75456_15_522,870.75456,15.522,18:3,38350,Triacylglycerols,TAG(16:0/18:2/18:3) [M+NH4]+,NA,NA,NA,Unknown,NA,Unknown,NA,Unknown,NA,Unknown,NA,NA,NA,NA,NA,NA,Glycerolipid,Triacylglycerols,Triacylglycerols,TAG(16:0/18:2/18:3) [M+NH4]+
x39186_898_78095_15_858,898.78095,15.858,18:3,39186,Triacylglycerols,TAG(18:0/18:2/18:3) [M+NH4]+,NA,NA,NA,Unknown,NA,Unknown,NA,Unknown,NA,Unknown,NA,NA,NA,NA,NA,NA,Glycerolipid,Triacylglycerols,Triacylglycerols,TAG(18:0/18:2/18:3) [M+NH4]+
x38432_896_77026_15_563,896.77026,15.563,18:3,38432,Triacylglycerols,TAG(18:1/18:2/18:3) [M+NH4]+,C55H103NO6,[M + Na]+,C55H103NO6,Fatty acids,0.9981701374053956,Unknown,0.6322544813156128,Triacylglycerols,0.8832212090492249,N-acyl amines,0.9720258116722108,NA,NA,NA,NA,NA,Glycerolipid,Triacylglycerols,Triacylglycerols,TAG(18:1/18:2/18:3) [M+NH4]+
x38057_896_76733_15_388,896.76733,15.388,18:3,38057,Triacylglycerols,TAG(18:1/18:2/18:3) [M+NH4]+,C21H22I4N2O4,[M + Na]+,C21H22I4N2O4,Unknown,0.1687879115343094,Unknown,0.02233907021582126,Unknown,0.01126723643392324,Unknown,0.8133876323699951,NA,NA,NA,NA,NA,Glycerolipid,Triacylglycerols,Triacylglycerols,TAG(18:1/18:2/18:3) [M+NH4]+
x37213_842_72354_15_079,842.72354,15.079,18:3,37213,Triacylglycerols,TAG(16:0/16:1/18:4) / (16:0/16:2/18:3) / 18:1 18:2 20:4 [M+NH4]+,NA,NA,NA,Unknown,NA,Unknown,NA,Unknown,NA,Unknown,NA,NA,NA,NA,NA,NA,Glycerolipid,Triacylglycerols,Triacylglycerols,TAG(16:0/16:1/18:4) / (16:0/16:2/18:3) / 18:1 18:2 20:4 [M+NH4]+
x37540_894_75402_15_211,894.75402,15.211,18:3,37540,Triacylglycerols,TAG(18:0/18:3/18:4) [M+NH4]+,C55H101NO6,[M + Na]+,C55H101NO6,Fatty acids,0.9993131160736084,Glycerolipids,0.953660249710083,Triacylglycerols,0.997191846370697,Unknown,0.7106214165687561,NA,NA,NA,NA,NA,Glycerolipid,Triacylglycerols,Triacylglycerols,TAG(18:0/18:3/18:4) [M+NH4]+
x36913_790_69265_14_973,790.69265,14.973,18:3,36913,Triacylglycerols,TAG(14:0/16:1/16:2) [M+NH4]+,C47H93NO6,[M + Na]+,C47H93NO6,Fatty acids,0.9995914101600648,Glycerolipids,0.984402060508728,Triacylglycerols,0.9969837069511414,Triacylglycerols,0.9530778527259828,NA,NA,NA,NA,NA,Glycerolipid,Triacylglycerols,Triacylglycerols,TAG(14:0/16:1/16:2) [M+NH4]+
x36097_840_70824_14_698,840.70824,14.698,18:3,36097,Triacylglycerols,TAG(14:0/18:3/18:3) / (14:0/16:1/20:5) [M+NH4]+,C51H95NO6,[M + Na]+,C51H95NO6,Fatty acids,0.999026656150818,Glycerolipids,0.9105833768844604,Triacylglycerols,0.9585139155387878,Unknown,0.5561586618423462,NA,NA,NA,NA,NA,Glycerolipid,Triacylglycerols,Triacylglycerols,TAG(14:0/18:3/18:3) / (14:0/16:1/20:5) [M+NH4]+
x35042_890_72194_14_4,890.72194,14.4,18:3,35042,Triacylglycerols,TAG(14:0/18:3/22:6) [M+NH4]+,NA,NA,NA,Unknown,NA,Unknown,NA,Unknown,NA,Unknown,NA,NA,NA,NA,NA,NA,Glycerolipid,Triacylglycerols,Triacylglycerols,TAG(14:0/18:3/22:6) [M+NH4]+
x36776_818_72215_14_93,818.72215,14.93,18:3,36776,Triacylglycerols,TAG(14:0/16:0/18:3) [M+NH4]+,C49H97NO6,[M + Na]+,C49H97NO6,Fatty acids,0.999903917312622,Glycerolipids,0.9963743090629578,Triacylglycerols,0.9995328187942504,Triacylglycerols,0.9751161336898804,NA,NA,NA,NA,NA,Glycerolipid,Triacylglycerols,Triacylglycerols,TAG(14:0/16:0/18:3) [M+NH4]+
x36696_868_73683_14_878,868.73683,14.878,18:3,36696,Triacylglycerols,TAG(16:0/18:3/18:3) / (16:0/16:1/20:5) [M+NH4]+,C53H99NO6,[M + Na]+,C53H99NO6,Fatty acids,0.9990622401237488,Glycerolipids,0.9327948093414308,Triacylglycerols,0.9909324645996094,Unknown,0.6065909266471863,NA,NA,NA,NA,NA,Glycerolipid,Triacylglycerols,Triacylglycerols,TAG(16:0/18:3/18:3) / (16:0/16:1/20:5) [M+NH4]+
x33511_888_70653_14_015,888.70653,14.015,18:3,33511,Triacylglycerols,TAG(16:1/18:4/20:5) [M+NH4]+,C52H93N3O8,[M + H]+,C52H93N3O8,Unknown,0.7834553718566895,Unknown,0.7069277763366699,Unknown,0.3737364709377289,Unknown,0.5086002945899963,NA,NA,NA,NA,NA,Glycerolipid,Triacylglycerols,Triacylglycerols,TAG(16:1/18:4/20:5) [M+NH4]+
x34662_838_69195_14_288,838.69195,14.288,18:3,34662,Triacylglycerols,TAG(16:0/16:3/18:4) [M+NH4]+,C51H93NO6,[M + Na]+,C51H93NO6,Fatty acids,0.9991697072982788,Unknown,0.6902709007263184,Unknown,0.48775535821914673,N-acyl amines,0.9712108969688416,NA,NA,NA,NA,NA,Glycerolipid,Triacylglycerols,Triacylglycerols,TAG(16:0/16:3/18:4) [M+NH4]+
x37774_946_7821_15_31,946.7821,15.31,18:3,37774,Triacylglycerols,TAG(16:0/20:3/22:6) / (16:0/20:4/22:5) [M+NH4]+,C54H105N3O8,[M + Na]+,C54H105N3O8,Unknown,0.8100972175598145,Unknown,0.6592237949371338,Unknown,0.46554598212242126,Unknown,0.523414671421051,NA,NA,NA,NA,NA,Glycerolipid,Triacylglycerols,Triacylglycerols,TAG(16:0/20:3/22:6) / (16:0/20:4/22:5) [M+NH4]+
x38311_874_78602_15_455,874.78602,15.455,18:3,38311,Triacylglycerols,TAG(16:0/18:0/18:3) [M+NH4]+,C50H97N11,[M + Na]+,C50H97N11,Alkaloids,0.8561683893203735,Unknown,0.540043294429779,Unknown,0.19513723254203796,Unknown,0.557887852191925,NA,NA,NA,NA,NA,Glycerolipid,Triacylglycerols,Triacylglycerols,TAG(16:0/18:0/18:3) [M+NH4]+
x36672_842_72239_14_928,842.72239,14.928,18:3,36672,Triacylglycerols,TAG(16:0/16:1/18:4) / (16:0/16:2/18:3) / 18:1 18:2 20:4 [M+NH4]+,NA,NA,NA,Unknown,NA,Unknown,NA,Unknown,NA,Unknown,NA,NA,NA,NA,NA,NA,Glycerolipid,Triacylglycerols,Triacylglycerols,TAG(16:0/16:1/18:4) / (16:0/16:2/18:3) / 18:1 18:2 20:4 [M+NH4]+
x36147_892_73635_14_741,892.73635,14.741,18:3,36147,Triacylglycerols,TAG(18:1/18:3/18:4) / (16:1/18:2/20:5) [M+NH4]+,NA,NA,NA,Unknown,NA,Unknown,NA,Unknown,NA,Unknown,NA,NA,NA,NA,NA,NA,Glycerolipid,Triacylglycerols,Triacylglycerols,TAG(18:1/18:3/18:4) / (16:1/18:2/20:5) [M+NH4]+
x37099_894_75125_15_027,894.75125,15.027,18:3,37099,Triacylglycerols,TAG(18:0/18:3/18:4) [M+NH4]+,C55H101NO6,[M + Na]+,C55H101NO6,Fatty acids,0.9988666772842408,Glycerolipids,0.8863407373428345,Triacylglycerols,0.9946351647377014,N-acyl amines,0.9917531609535216,NA,NA,NA,NA,NA,Glycerolipid,Triacylglycerols,Triacylglycerols,TAG(18:0/18:3/18:4) [M+NH4]+
x10615_440_31593_5_476,440.31593,5.476,18:3,10615,Unknown,NA,C28H41NO3,[M + H]+,C28H41NO3,Fatty acids,0.9166287779808044,Unknown,0.6869436502456665,Unknown,0.4749084413051605,N-acyl-alpha amino acids,0.8733140230178833,NA,NA,NA,NA,NA,NA,NA,NA,NA
x37622_846_75387_15_254,846.75387,15.254,18:3,37622,Triacylglycerols,TAG(16:0/16:0/18:3) [M+NH4]+,NA,NA,NA,Unknown,NA,Unknown,NA,Unknown,NA,Unknown,NA,NA,NA,NA,NA,NA,Glycerolipid,Triacylglycerols,Triacylglycerols,TAG(16:0/16:0/18:3) [M+NH4]+
x34607_864_70614_14_274,864.70614,14.274,18:3,34607,Triacylglycerols,TAG(16:1/18:3/18:4) [M+NH4]+,C53H95NO6,[M + Na]+,C53H95NO6,Fatty acids,0.9997199177742004,Glycerolipids,0.9814451336860656,Triacylglycerols,0.9994799494743348,Triacylglycerols,0.8892834186553955,NA,NA,NA,NA,NA,Glycerolipid,Triacylglycerols,Triacylglycerols,TAG(16:1/18:3/18:4) [M+NH4]+
x35275_762_66097_14_455,762.66097,14.455,18:3,35275,Triacylglycerols,TAG(12:0/14:0/18:3) / TAG(14:0/14:0/16:3) [M+NH4]+,C45H89NO6,[M + Na]+,C45H89NO6,Fatty acids,0.9996682405471802,Unknown,0.6123102903366089,Unknown,0.5069051384925842,N-acyl amines,0.9647720456123352,NA,NA,NA,NA,NA,Glycerolipid,Triacylglycerols,Triacylglycerols,TAG(12:0/14:0/18:3) / TAG(14:0/14:0/16:3) [M+NH4]+
x32843_886_69011_13_855,886.69011,13.855,18:3,32843,Triacylglycerols,TAG(18:3/18:3/18:5) [M+NH4]+,C55H93NO6,[M + Na]+,C55H93NO6,Fatty acids,0.987296223640442,Unknown,0.40106552839279175,Unknown,0.7604035139083862,N-acyl amines,0.9419755935668944,NA,NA,NA,NA,NA,Glycerolipid,Triacylglycerols,Triacylglycerols,TAG(18:3/18:3/18:5) [M+NH4]+
x31784_886_68916_13_629,886.68916,13.629,18:3,31784,Triacylglycerols,TAG(18:3/18:4/18:4) [M+NH4]+,C55H93NO6,[M + Na]+,C55H93NO6,Fatty acids,0.9942775368690492,Unknown,0.7387559413909912,Triacylglycerols,0.9285285472869872,Unknown,0.6471320986747742,NA,NA,NA,NA,NA,Glycerolipid,Triacylglycerols,Triacylglycerols,TAG(18:3/18:4/18:4) [M+NH4]+
x35350_790_69172_14_469,790.69172,14.469,18:3,35350,Triacylglycerols,TAG(14:0/16:1/16:2) [M+NH4]+,C47H93NO6,[M + Na]+,C47H93NO6,Fatty acids,0.9995504021644592,Glycerolipids,0.9736908674240112,Triacylglycerols,0.9864396452903748,Unknown,0.635891854763031,NA,NA,NA,NA,NA,Glycerolipid,Triacylglycerols,Triacylglycerols,TAG(14:0/16:1/16:2) [M+NH4]+
x37326_872_76801_15_133,872.76801,15.133,18:3,37326,Triacylglycerols,TAG(16:0/18:2/18:2) [M+NH4]+,C53H103NO6,[M + Na]+,C53H103NO6,Fatty acids,0.9994051456451416,Glycerolipids,0.9831408262252808,Triacylglycerols,0.9963812828063964,Unknown,0.5955895781517029,NA,NA,NA,NA,NA,Glycerolipid,Triacylglycerols,Triacylglycerols,TAG(16:0/18:2/18:2) [M+NH4]+
x34077_812_67554_14_149,812.67554,14.149,18:3,34077,Triacylglycerols,TAG(14:0/16:3/18:3) [M+NH4]+,NA,NA,NA,Unknown,NA,Unknown,NA,Unknown,NA,Unknown,NA,NA,NA,NA,NA,NA,Glycerolipid,Triacylglycerols,Triacylglycerols,TAG(14:0/16:3/18:3) [M+NH4]+
x24803_608_52433_11_848,608.52433,11.848,18:3,24803,Diacylglycerols,DAG(16:0/18:3) [M+NH4]+,NA,NA,NA,Unknown,NA,Unknown,NA,Unknown,NA,Unknown,NA,NA,NA,NA,NA,NA,Glycerolipid,Diacylglycerols,Diacylglycerols,DAG(16:0/18:3) [M+NH4]+
x20455_680_52366_9_671,680.52366,9.671,18:3,20455,Diacylglycerols,DAG(40:9) [M+NH4]+,NA,NA,NA,Unknown,NA,Unknown,NA,Unknown,NA,Unknown,NA,NA,NA,NA,NA,NA,Glycerolipid,Diacylglycerols,Diacylglycerols,DAG(40:9) [M+NH4]+
x39322_880_77617_15_921,880.77617,15.921,18:3,39322,MADAG,MADAG(O-16:0/18:3/20:4) [M+NH4]+,NA,NA,NA,Unknown,NA,Unknown,NA,Unknown,NA,Unknown,NA,NA,NA,NA,NA,NA,Glycerolipid,Monoalkyldiacylglycerols,MADAG,MADAG(O-16:0/18:3/20:4) [M+NH4]+
x39314_860_80829_15_879,860.80829,15.879,18:3,39314,MADAG,MADAG(O-16:0/18:0/18:3) / (O-16:0/16:0/20:3) [M+NH4]+,NA,NA,NA,Unknown,NA,Unknown,NA,Unknown,NA,Unknown,NA,NA,NA,NA,NA,NA,Glycerolipid,Monoalkyldiacylglycerols,MADAG,MADAG(O-16:0/18:0/18:3) / (O-16:0/16:0/20:3) [M+NH4]+
x32321_810_66044_13_745,810.66044,13.745,18:3,32321,Triacylglycerols,TAG(12:0/18:3/18:4) [M+NH4]+,NA,NA,NA,Unknown,NA,Unknown,NA,Unknown,NA,Unknown,NA,NA,NA,NA,NA,NA,Glycerolipid,Triacylglycerols,Triacylglycerols,TAG(12:0/18:3/18:4) [M+NH4]+
x17823_628_49317_8_423,628.49317,8.423,18:3,17823,Diacylglycerols,DAG(36:7) [M+NH4]+,NA,NA,NA,Unknown,NA,Unknown,NA,Unknown,NA,Unknown,NA,NA,NA,NA,NA,NA,Glycerolipid,Diacylglycerols,Diacylglycerols,DAG(36:7) [M+NH4]+
x35917_864_70597_14_639,864.70597,14.639,18:3,35917,Triacylglycerols,TAG(14:0/18:3/20:5) / (16:0/18:3/18:5) [M+NH4]+,C53H95NO6,[M + Na]+,C53H95NO6,Fatty acids,0.9997509121894836,Glycerolipids,0.9652019739151,Triacylglycerols,0.994840919971466,Triacylglycerols,0.9374083876609802,NA,NA,NA,NA,NA,Glycerolipid,Triacylglycerols,Triacylglycerols,TAG(14:0/18:3/20:5) / (16:0/18:3/18:5) [M+NH4]+
x3477_424_31823_3_083,424.31823,3.083,18:3,3477,Unknown,dopamine-C20:3,C21H38FN7O,[M + H]+,C21H38FN7O,Alkaloids,0.9993125200271606,Unknown,0.46155139803886414,Unknown,0.18947207927703855,Unknown,0.6289271712303162,0.852216,4.24335,dopamine-C20:3,Phenols,Benzenediols,NA,NA,NA,NA
x40531_832_7758_16_473,832.7758,16.473,18:3,40531,MADAG,MADAG(O-16:0/16:0/18:3) [M+NH4]+,NA,NA,NA,Unknown,NA,Unknown,NA,Unknown,NA,Unknown,NA,NA,NA,NA,NA,NA,Glycerolipid,Monoalkyldiacylglycerols,MADAG,MADAG(O-16:0/16:0/18:3) [M+NH4]+
x34104_892_7326_14_15,892.7326,14.15,18:3,34104,Triacylglycerols,TAG(18:1/18:3/18:4) / (16:1/18:2/20:5) [M+NH4]+,C55H99NO6,[M + Na]+,C55H99NO6,Fatty acids,0.996580183506012,Unknown,0.7267119884490967,Triacylglycerols,0.942265510559082,N-acyl amines,0.9740973711013794,NA,NA,NA,NA,NA,Glycerolipid,Triacylglycerols,Triacylglycerols,TAG(18:1/18:3/18:4) / (16:1/18:2/20:5) [M+NH4]+
x38646_832_77693_15_623,832.77693,15.623,18:3,38646,MADAG,MADAG(O-16:0/16:0/18:3) [M+NH4]+,NA,NA,NA,Unknown,NA,Unknown,NA,Unknown,NA,Unknown,NA,NA,NA,NA,NA,NA,Glycerolipid,Monoalkyldiacylglycerols,MADAG,MADAG(O-16:0/16:0/18:3) [M+NH4]+
x33061_734_63005_13_895,734.63005,13.895,18:3,33061,Triacylglycerols,NA,C45H83NO6,[M + H]+,C45H83NO6,Fatty acids,0.9982355833053588,Glycerolipids,0.8942867517471313,Triacylglycerols,0.9924383759498596,Unknown,0.8145103454589844,NA,NA,NA,NA,NA,NA,NA,NA,NA
x38454_878_76101_15_567,878.76101,15.567,18:3,38454,MADAG,MADAG(O-16:0/18:3/20:5) / (O-16:0/18:4/20:4) [M+NH4]+,NA,NA,NA,Unknown,NA,Unknown,NA,Unknown,NA,Unknown,NA,NA,NA,NA,NA,NA,Glycerolipid,Monoalkyldiacylglycerols,MADAG,MADAG(O-16:0/18:3/20:5) / (O-16:0/18:4/20:4) [M+NH4]+
x38801_904_77237_15_725,904.77237,15.725,18:3,38801,MADAG,MADAG(O-16:0/20:4/20:5) / (O-16:0/18:3/22:6) [M+NH4]+,C57H103NO5,[M + Na]+,C57H103NO5,Fatty acids,0.9998886585235596,Glycerolipids,0.9809788465499878,Triacylglycerols,0.9864641427993774,Unknown,0.7148334980010986,NA,NA,NA,NA,NA,Glycerolipid,Monoalkyldiacylglycerols,MADAG,MADAG(O-16:0/20:4/20:5) / (O-16:0/18:3/22:6) [M+NH4]+
x19109_654_50697_8_977,654.50697,8.977,18:3,19109,Diacylglycerols,DAG(38:8) [M+NH4]+,NA,NA,NA,Unknown,NA,Unknown,NA,Unknown,NA,Unknown,NA,NA,NA,NA,NA,NA,Glycerolipid,Diacylglycerols,Diacylglycerols,DAG(38:8) [M+NH4]+
x20431_630_5074_9_662,630.5074,9.662,18:3,20431,Diacylglycerols,DAG(18:3/18:3) [M+NH4]+,NA,NA,NA,Unknown,NA,Unknown,NA,Unknown,NA,Unknown,NA,NA,NA,NA,NA,NA,Glycerolipid,Diacylglycerols,Diacylglycerols,DAG(18:3/18:3) [M+NH4]+
x16493_626_47879_7_895,626.47879,7.895,18:3,16493,Diacylglycerols,DAG(36:8) [M+NH4]+,NA,NA,NA,Unknown,NA,Unknown,NA,Unknown,NA,Unknown,NA,NA,NA,NA,NA,NA,Glycerolipid,Diacylglycerols,Diacylglycerols,DAG(36:8) [M+NH4]+
x38743_832_73816_15_68,832.73816,15.68,18:3,38743,Triacylglycerols,TAG(16:0/16:0/18:3) [M+NH4]+,C52H97NO6,[M + H]+,C52H97NO6,Fatty acids,0.9978164434432985,Unknown,0.641789972782135,Triacylglycerols,0.8984701633453369,N-acyl amines,0.9865055680274964,NA,NA,NA,NA,NA,Glycerolipid,Triacylglycerols,Triacylglycerols,TAG(16:0/16:0/18:3) [M+NH4]+
x33155_762_66077_13_941,762.66077,13.941,18:3,33155,Triacylglycerols,TAG(12:0/14:0/18:3) / TAG(14:0/14:0/16:3) [M+NH4]+,C47H87NO6,[M + H]+,C47H87NO6,Fatty acids,0.9946354031562804,Unknown,0.4931688010692597,Unknown,0.5961041450500488,N-acyl amines,0.947365939617157,NA,NA,NA,NA,NA,Glycerolipid,Triacylglycerols,Triacylglycerols,TAG(12:0/14:0/18:3) / TAG(14:0/14:0/16:3) [M+NH4]+
x39062_854_76003_15_823,854.76003,15.823,18:3,39062,MADAG,MADAG(O-16:0/18:3/18:3) [M+NH4]+,NA,NA,NA,Unknown,NA,Unknown,NA,Unknown,NA,Unknown,NA,NA,NA,NA,NA,NA,Glycerolipid,Monoalkyldiacylglycerols,MADAG,MADAG(O-16:0/18:3/18:3) [M+NH4]+
x25576_391_78815_12_069,391.78815,12.069,18:3,25576,Unknown,NA,NA,NA,NA,Unknown,NA,Unknown,NA,Unknown,NA,Unknown,NA,NA,NA,NA,NA,NA,NA,NA,NA,NA
x39825_830_76252_16_159,830.76252,16.159,18:3,39825,MADAG,MADAG(O-16:0/16:0/18:4) / (O-16:0/14:0/20:4) [M+NH4]+,C53H96O5,[M + H3N + H]+,C53H99NO5,Fatty acids,0.9999966621398926,Glycerolipids,0.9998867511749268,Triacylglycerols,0.9952481389045716,Triacylglycerols,0.9236792922019958,NA,NA,NA,NA,NA,Glycerolipid,Monoalkyldiacylglycerols,MADAG,MADAG(O-16:0/16:0/18:4) / (O-16:0/14:0/20:4) [M+NH4]+
x23207_658_53965_11_183,658.53965,11.183,18:3,23207,Unknown,NA,NA,NA,NA,Unknown,NA,Unknown,NA,Unknown,NA,Unknown,NA,NA,NA,NA,NA,NA,NA,NA,NA,NA
x30547_886_68524_13_361,886.68524,13.361,18:3,30547,Triacylglycerols,TAG(18:3/18:4/18:4) [M+NH4]+,C55H93NO6,[M + Na]+,C55H93NO6,Fatty acids,0.9966118931770324,Unknown,0.651481568813324,Triacylglycerols,0.8795514702796936,Unknown,0.524533748626709,NA,NA,NA,NA,NA,Glycerolipid,Triacylglycerols,Triacylglycerols,TAG(18:3/18:4/18:4) [M+NH4]+
x18331_570_48882_8_614,570.48882,8.614,18:3,18331,Unknown,NA,C37H63NO3,[M + H]+,C37H63NO3,Fatty acids,0.89105987548828125,Unknown,0.0692177563905716,Unknown,0.1435331404209137,N-acyl amines,0.9819208979606628,NA,NA,NA,NA,NA,NA,NA,NA,NA
x13584_365_32046_6_686,365.32046,6.686,18:3,13584,Unknown,NA,C27H40,[M + H]+,C27H40,Terpenoids,0.9958140254020692,Unknown,0.17288228869438171,Unknown,0.0824861079454422,Unknown,0.7209771871566772,NA,NA,NA,NA,NA,NA,NA,NA,NA
x31194_732_61446_13_476,732.61446,13.476,18:3,31194,Unknown,NA,C45H81NO6,[M + H]+,C45H81NO6,Fatty acids,0.9994062185287476,Unknown,0.6561241149902344,Unknown,0.6088727712631226,N-acyl amines,0.9236661791801452,NA,NA,NA,NA,NA,NA,NA,NA,NA
x27436_542_49273_12_582,542.49273,12.582,18:3,27436,Unknown,NA,C36H63NO2,[M + H]+,C36H63NO2,Fatty acids,0.994354009628296,Fatty amides,0.8932512998580933,Unknown,0.23648518323898315,N-acyl amines,0.9972898960113524,NA,NA,NA,NA,NA,NA,NA,NA,NA
x2320_408_31188_2_321,408.31188,2.321,18:3,2320,Unknown,NA,C24H41NO4,[M + H]+,C24H41NO4,Unknown,0.4385916292667389,Unknown,0.2730499505996704,Unknown,0.39437466859817505,N-acyl-alpha amino acids,0.9398688673973083,NA,NA,NA,NA,NA,NA,NA,NA,NA
x37595_804_70741_15_223,804.70741,15.223,18:3,37595,Unknown,NA,C50H93NO6,[M + H]+,C50H93NO6,Fatty acids,0.9666756391525269,Unknown,0.7814133167266846,Unknown,0.4615004956722259,N-acyl amines,0.8731151819229126,NA,NA,NA,NA,NA,NA,NA,NA,NA
x30398_706_5973_13_329,706.5973,13.329,18:3,30398,Triacylglycerols,NA,C43H79NO6,[M + H]+,C43H79NO6,Fatty acids,0.9957196116447448,Unknown,0.7631807923316956,Triacylglycerols,0.9630947113037108,Unknown,0.782555878162384,NA,NA,NA,NA,NA,NA,NA,NA,NA
x9810_462_33807_5_167,462.33807,5.167,18:3,9810,Unknown,NA,C31H43NO2,[M + H]+,C31H43NO2,Unknown,0.3857828080654144,Unknown,0.24519650638103485,Unknown,0.26656731963157654,Unknown,0.574046790599823,NA,NA,NA,NA,NA,NA,NA,NA,NA
x12485_500_35304_6_224,500.35304,6.224,18:3,12485,Unknown,NA,C34H45NO2,[M + H]+,C34H45NO2,Unknown,0.4204660952091217,Unknown,0.23764123022556305,Unknown,0.25992581248283386,Unknown,0.6736465096473694,NA,NA,NA,NA,NA,NA,NA,NA,NA
x13681_391_33628_6_723,391.33628,6.723,18:3,13681,Unknown,NA,C29H42,[M + H]+,C29H42,Terpenoids,0.9974141120910645,Unknown,0.07703055441379547,Unknown,0.02763130329549312,Unknown,0.7415968775749207,NA,NA,NA,NA,NA,NA,NA,NA,NA
x21797_682_54072_10_367,682.54072,10.367,18:3,21797,Diacylglycerols,DAG(40:8) [M+NH4]+,C41H73NO5,[M + Na]+,C41H73NO5,Fatty acids,0.99266982078552235,Unknown,0.30483579635620117,Unknown,0.24222001433372495,N-acyl amines,0.9658955931663512,NA,NA,NA,NA,NA,Glycerolipid,Diacylglycerols,Diacylglycerols,DAG(40:8) [M+NH4]+
x20925_580_49296_9_91,580.49296,9.91,18:3,20925,Diacylglycerols,DAG(14:0/18:3) [M+NH4]+,NA,NA,NA,Unknown,NA,Unknown,NA,Unknown,NA,Unknown,NA,NA,NA,NA,NA,NA,Glycerolipid,Diacylglycerols,Diacylglycerols,DAG(14:0/18:3) [M+NH4]+
x10165_450_33819_5_34,450.33819,5.34,18:3,10165,Unknown,NA,C30H43NO2,[M + H]+,C30H43NO2,Unknown,0.43936887383461,Unknown,0.17340689897537231,Unknown,0.18296808004379272,Unknown,0.8098655343055725,NA,NA,NA,NA,NA,NA,NA,NA,NA
x16706_630_50641_8_062,630.50641,8.062,18:3,16706,Diacylglycerols,DAG(18:3/18:3) [M+NH4]+,NA,NA,NA,Unknown,NA,Unknown,NA,Unknown,NA,Unknown,NA,NA,NA,NA,NA,NA,Glycerolipid,Diacylglycerols,Diacylglycerols,DAG(18:3/18:3) [M+NH4]+
x29789_782_63239_13_2,782.63239,13.2,18:3,29789,Unknown,NA,C42H81N9O3,[M + Na]+,C42H81N9O3,Unknown,0.4597349464893341,Unknown,0.06985339522361755,Unknown,0.04450253769755363,Unknown,0.8484994173049927,NA,NA,NA,NA,NA,NA,NA,NA,NA
x2569_392_31569_2_514,392.31569,2.514,18:3,2569,Unknown,NA,C24H41NO3,[M + H]+,C24H41NO3,Unknown,0.6591777801513672,Unknown,0.6572177410125732,Unknown,0.31018325686454773,Unknown,0.5303970575332642,NA,NA,NA,NA,NA,NA,NA,NA,NA
x21858_606_50815_10_395,606.50815,10.395,18:3,21858,Diacylglycerols,DAG(18:3/16:1) [M+NH4]+,NA,NA,NA,Unknown,NA,Unknown,NA,Unknown,NA,Unknown,NA,NA,NA,NA,NA,NA,Glycerolipid,Diacylglycerols,Diacylglycerols,DAG(18:3/16:1) [M+NH4]+
x14244_628_49257_6_96,628.49257,6.96,18:3,14244,Diacylglycerols,DAG(36:7) [M+NH4]+,NA,NA,NA,Unknown,NA,Unknown,NA,Unknown,NA,Unknown,NA,NA,NA,NA,NA,NA,Glycerolipid,Diacylglycerols,Diacylglycerols,DAG(36:7) [M+NH4]+
x2678_402_30069_2_609,402.30069,2.609,18:3,2678,Unknown,NA,C25H39NO3,[M + H]+,C25H39NO3,Unknown,0.8081864714622498,Unknown,0.42298272252082825,Unknown,0.43262359499931335,N-acyl amines,0.8951244950294495,NA,NA,NA,NA,NA,NA,NA,NA,NA
x22485_632_52437_10_725,632.52437,10.725,18:3,22485,Diacylglycerols,DAG(18:2/18:3)  [M+NH4]+,NA,NA,NA,Unknown,NA,Unknown,NA,Unknown,NA,Unknown,NA,NA,NA,NA,NA,NA,Glycerolipid,Diacylglycerols,Diacylglycerols,DAG(18:2/18:3)  [M+NH4]+
x34031_762_66149_14_199,762.66149,14.199,18:3,34031,Triacylglycerols,TAG(12:0/14:0/18:3) / TAG(14:0/14:0/16:3) [M+NH4]+,C47H87NO6,[M + H]+,C47H87NO6,Fatty acids,0.9971922039985656,Unknown,0.5304113626480103,Unknown,0.5366241335868835,N-acyl amines,0.9398900270462036,NA,NA,NA,NA,NA,Glycerolipid,Triacylglycerols,Triacylglycerols,TAG(12:0/14:0/18:3) / TAG(14:0/14:0/16:3) [M+NH4]+
x13222_626_47888_6_549,626.47888,6.549,18:3,13222,Diacylglycerols,DAG(36:8) [M+NH4]+,NA,NA,NA,Unknown,NA,Unknown,NA,Unknown,NA,Unknown,NA,NA,NA,NA,NA,NA,Glycerolipid,Diacylglycerols,Diacylglycerols,DAG(36:8) [M+NH4]+
x17915_602_47697_8_484,602.47697,8.484,18:3,17915,Diacylglycerols,DAG(18:4/16:2) / (18:3/16:3) [M+NH4]+,NA,NA,NA,Unknown,NA,Unknown,NA,Unknown,NA,Unknown,NA,NA,NA,NA,NA,NA,Glycerolipid,Diacylglycerols,Diacylglycerols,DAG(18:4/16:2) / (18:3/16:3) [M+NH4]+
x8202_484_41591_4_603,484.41591,4.603,18:3,8202,Unknown,NA,C32H53NO2,[M + H]+,C32H53NO2,Unknown,0.7650749087333679,Unknown,0.8009911179542542,Unknown,0.39199844002723694,Unknown,0.6999388933181763,NA,NA,NA,NA,NA,NA,NA,NA,NA
x2143_376_28468_2_128,376.28468,2.128,18:3,2143,Unknown,NA,C23H37NO3,[M + H]+,C23H37NO3,Unknown,0.6804336905479431,Unknown,0.5509997606277466,Unknown,0.7536165714263916,Unknown,0.8240638971328735,NA,NA,NA,NA,NA,NA,NA,NA,NA
x2375_380_2819_2_322,380.2819,2.322,18:3,2375,Unknown,NA,C17H33BN6O3,[M + H]+,C17H33BN6O3,Unknown,0.16531667113304138,Unknown,0.13875249028205872,Unknown,0.0733504444360733,Unknown,0.5957496762275696,NA,NA,NA,NA,NA,NA,NA,NA,NA
x39614_804_74322_16_046,804.74322,16.046,18:3,39614,Unknown,NA,NA,NA,NA,Unknown,NA,Unknown,NA,Unknown,NA,Unknown,NA,NA,NA,NA,NA,NA,NA,NA,NA,NA
x5968_456_38482_3_914,456.38482,3.914,18:3,5968,Unknown,NA,C30H49NO2,[M + H]+,C30H49NO2,Terpenoids,0.9299365282058716,Unknown,0.8395252823829651,Unknown,0.8403705358505249,Unknown,0.7090803384780884,NA,NA,NA,NA,NA,NA,NA,NA,NA
x1539_372_25176_1_715,372.25176,1.715,18:3,1539,Unknown,NA,C21H35NO3,[M + Na]+,C21H35NO3,Unknown,0.676778256893158,Unknown,0.5112695693969727,Unknown,0.36680418252944946,Unknown,0.5553930997848511,NA,NA,NA,NA,NA,NA,NA,NA,NA
x41488_1100_98373_17_171,1100.98373,17.171,18:3,41488,Triacylglycerols,NA,C69H129NO8,[M + H]+,C69H129NO8,Fatty acids,0.999562919139862,Glycerolipids,0.9877960681915284,Triacylglycerols,0.9999027252197266,Triacylglycerols,0.9992172718048096,NA,NA,NA,NA,NA,NA,NA,NA,NA
x25225_660_55428_11_979,660.55428,11.979,18:3,25225,Unknown,NA,NA,NA,NA,Unknown,NA,Unknown,NA,Unknown,NA,Unknown,NA,NA,NA,NA,NA,NA,NA,NA,NA,NA
x2594_366_30023_2_55,366.30023,2.55,18:3,2594,Unknown,NA,C22H39NO3,[M + H]+,C22H39NO3,Unknown,0.7045652270317078,Unknown,0.8303161263465881,Unknown,0.5430635213851929,Unknown,0.5533105134963989,NA,NA,NA,NA,NA,NA,NA,NA,NA
x24051_684_55544_11_611,684.55544,11.611,18:3,24051,Unknown,NA,NA,NA,NA,Unknown,NA,Unknown,NA,Unknown,NA,Unknown,NA,NA,NA,NA,NA,NA,NA,NA,NA,NA
x21607_580_49238_10_294,580.49238,10.294,18:3,21607,Diacylglycerols,DAG(14:0/18:3) [M+NH4]+,NA,NA,NA,Unknown,NA,Unknown,NA,Unknown,NA,Unknown,NA,NA,NA,NA,NA,NA,Glycerolipid,Diacylglycerols,Diacylglycerols,DAG(14:0/18:3) [M+NH4]+
x2357_396_31085_2_36,396.31085,2.36,18:3,2357,Unknown,NA,C23H41NO4,[M + H]+,C23H41NO4,Unknown,0.23437045514583588,Unknown,0.2706155776977539,Unknown,0.23486469686031344,Lipids and lipid-like molecules,0.92131906747818,NA,NA,NA,NA,NA,NA,NA,NA,NA
x20271_508_41511_9_588,508.41511,9.588,18:3,20271,Unknown,NA,C34H53NO2,[M + H]+,C34H53NO2,Unknown,0.8356760144233704,Unknown,0.2996828854084015,Unknown,0.24732327461242676,Unknown,0.6264035105705261,NA,NA,NA,NA,NA,NA,NA,NA,NA
x7524_460_32276_4_393,460.32276,4.393,18:3,7524,Unknown,NA,C31H41NO2,[M + H]+,C31H41NO2,Unknown,0.5104775428771973,Unknown,0.4977656900882721,Unknown,0.12444545328617096,Unknown,0.6886383295059204,NA,NA,NA,NA,NA,NA,NA,NA,NA
x5120_486_35864_3_686,486.35864,3.686,18:3,5120,Unknown,NA,C30H47NO4,[M + H]+,C30H47NO4,Terpenoids,0.8665523529052734,Unknown,0.7933580875396729,Unknown,0.5868474245071411,Unknown,0.5264037847518921,NA,NA,NA,NA,NA,NA,NA,NA,NA
x14111_594_45839_6_956,594.45839,6.956,18:3,14111,Unknown,NA,C31H63NO9,[M + H]+,C31H63NO9,Unknown,0.19344837963581085,Unknown,0.43109408020973206,Unknown,0.30477067828178406,Amino acids and derivatives,0.9077902436256408,NA,NA,NA,NA,NA,NA,NA,NA,NA
x23718_658_53957_11_51,658.53957,11.51,18:3,23718,Unknown,NA,NA,NA,NA,Unknown,NA,Unknown,NA,Unknown,NA,Unknown,NA,NA,NA,NA,NA,NA,NA,NA,NA,NA
x2540_364_28543_2_505,364.28543,2.505,18:3,2540,Unknown,NA,C22H37NO3,[M + H]+,C22H37NO3,Unknown,0.6930806040763855,Unknown,0.7548810839653015,Unknown,0.4574902057647705,Unknown,0.5774178504943848,NA,NA,NA,NA,NA,NA,NA,NA,NA
x7158_398_32758_4_305,398.32758,4.305,18:3,7158,Unknown,NA,C23H43NO4,[M + H]+,C23H43NO4,Unknown,0.3613482117652893,Unknown,0.3694497644901275,Unknown,0.3553909361362457,Unknown,0.5641676783561707,NA,NA,NA,NA,NA,NA,NA,NA,NA
x7027_470_40051_4_269,470.40051,4.269,18:3,7027,Unknown,NA,C31H51NO2,[M + H]+,C31H51NO2,Unknown,0.6797220706939697,Unknown,0.803544819355011,Unknown,0.3688684105873108,Unknown,0.748701810836792,NA,NA,NA,NA,NA,NA,NA,NA,NA
x1758_364_28505_1_809,364.28505,1.809,18:3,1758,Unknown,NA,C22H37NO3,[M + H]+,C22H37NO3,Unknown,0.713521420955658,Unknown,0.6387182474136353,Unknown,0.07083267718553543,Unknown,0.8309544324874878,NA,NA,NA,NA,NA,NA,NA,NA,NA
x3970_364_28474_3_278,364.28474,3.278,18:3,3970,Unknown,NA,C22H37NO3,[M + H]+,C22H37NO3,Unknown,0.6933693885803223,Unknown,0.5458899736404419,Unknown,0.33506816625595093,Unknown,0.5741718411445618,NA,NA,NA,NA,NA,NA,NA,NA,NA
x2226_364_28473_2_229,364.28473,2.229,18:3,2226,Unknown,NA,C19H40N3P,[M + Na]+,C19H40N3P,Unknown,0.6546995043754578,Unknown,0.21683520078659055,Unknown,0.12786123156547546,Unknown,0.5433290600776672,NA,NA,NA,NA,NA,NA,NA,NA,NA
x3957_365_31894_3_33,365.31894,3.33,18:3,3957,Unknown,NA,NA,NA,NA,Unknown,NA,Unknown,NA,Unknown,NA,Unknown,NA,NA,NA,NA,NA,NA,NA,NA,NA,NA
x23976_377_32043_11_594,377.32043,11.594,18:3,23976,Unknown,NA,C28H40,[M + H]+,C28H40,Terpenoids,0.9968284964561462,Unknown,0.10486949980258942,Unknown,0.08047810196876526,Prenol lipids,0.9721193313598632,NA,NA,NA,NA,NA,NA,NA,NA,NA
x40808_1146_96267_16_627,1146.96267,16.627,18:3,40808,Unknown,NA,C38H19F21O9S4,[M + H]+,C38H19F21O9S4,Unknown,0.6743733882904053,Unknown,0.6138535141944885,Unknown,0.14858728647232056,Unknown,0.5976157784461975,NA,NA,NA,NA,NA,NA,NA,NA,NA
x3087_422_32674_2_893,422.32674,2.893,18:3,3087,Unknown,NA,C25H43NO4,[M + H]+,C25H43NO4,Unknown,0.26205193996429443,Unknown,0.5711943507194519,Unknown,0.5651033520698547,Unknown,0.7682785987854004,NA,NA,NA,NA,NA,NA,NA,NA,NA
x749_408_34716_1_189,408.34716,1.189,18:3,749,Unknown,NA,C25H45NO3,[M + H]+,C25H45NO3,Unknown,0.4311115443706513,Steroids,0.923361599445343,Unknown,0.4182712137699127,Unknown,0.5061176419258118,NA,NA,NA,NA,NA,NA,NA,NA,NA
x2752_364_28499_2_691,364.28499,2.691,18:3,2752,Unknown,NA,C22H37NO3,[M + H]+,C22H37NO3,Unknown,0.6310932636260986,Unknown,0.736059308052063,Unknown,0.5443608164787292,Alpha amino acids and derivatives,0.962252676486969,NA,NA,NA,NA,NA,NA,NA,NA,NA
x17517_350_30007_8_31,350.30007,8.31,18:3,17517,Unknown,NA,NA,NA,NA,Unknown,NA,Unknown,NA,Unknown,NA,Unknown,NA,NA,NA,NA,NA,NA,NA,NA,NA,NA
x10765_488_35462_5_539,488.35462,5.539,18:3,10765,Unknown,NA,C33H45NO2,[M + H]+,C33H45NO2,Unknown,0.7843171954154968,Unknown,0.14315639436244965,Unknown,0.31667229533195496,Unknown,0.5851600170135498,NA,NA,NA,NA,NA,NA,NA,NA,NA
x16034_504_38473_7_657,504.38473,7.657,18:3,16034,Unknown,NA,C34H49NO2,[M + H]+,C34H49NO2,Unknown,0.5831829309463501,Unknown,0.3939848244190216,Unknown,0.13076353073120117,Unknown,0.7032252550125122,NA,NA,NA,NA,NA,NA,NA,NA,NA
x39162_1166_93304_15_835,1166.93304,15.835,18:3,39162,Unknown,NA,C74H121N5O4,[M + Na]+,C74H121N5O4,Unknown,0.7523444294929504,Unknown,0.6618621945381165,Unknown,0.35272809863090515,Unknown,0.5603817701339722,NA,NA,NA,NA,NA,NA,NA,NA,NA
x12964_442_33739_6_447,442.33739,6.447,18:3,12964,Unknown,NA,C27H43BO4,[M + H]+,C27H43BO4,Terpenoids,0.9927574396133424,Steroids,0.8652568459510803,Unknown,0.14361301064491272,Unknown,0.6598217487335205,NA,NA,NA,NA,NA,NA,NA,NA,NA
x2904_394_33048_2_845,394.33048,2.845,18:3,2904,Unknown,NA,C24H43NO3,[M + H]+,C24H43NO3,Unknown,0.7822975516319275,Unknown,0.7931321263313293,Unknown,0.5584231019020081,Unknown,0.7930291891098022,NA,NA,NA,NA,NA,NA,NA,NA,NA
x8462_486_34157_4_709,486.34157,4.709,18:3,8462,Unknown,NA,NA,NA,NA,Unknown,NA,Unknown,NA,Unknown,NA,Unknown,NA,NA,NA,NA,NA,NA,NA,NA,NA,NA
x2366_423_32407_2_379,423.32407,2.379,18:3,2366,Unknown,NA,NA,NA,NA,Unknown,NA,Unknown,NA,Unknown,NA,Unknown,NA,NA,NA,NA,NA,NA,NA,NA,NA,NA
x12679_488_41032_6_31,488.41032,6.31,18:3,12679,Unknown,NA,C31H53NO3,[M + H]+,C31H53NO3,Fatty acids,0.873517632484436,Unknown,0.3977929353713989,Unknown,0.38280031085014343,N-acyl amines,0.9491824507713318,NA,NA,NA,NA,NA,NA,NA,NA,NA
x16790_602_47768_8_034,602.47768,8.034,18:3,16790,Diacylglycerols,DAG(18:4/16:2) / (18:3/16:3) [M+NH4]+,NA,NA,NA,Unknown,NA,Unknown,NA,Unknown,NA,Unknown,NA,NA,NA,NA,NA,NA,Glycerolipid,Diacylglycerols,Diacylglycerols,DAG(18:4/16:2) / (18:3/16:3) [M+NH4]+
x5210_379_3357_3_761,379.3357,3.761,18:3,5210,Unknown,NA,C28H42,[M + H]+,C28H42,Terpenoids,0.9836339950561525,Unknown,0.1976260244846344,Unknown,0.06716609001159668,Prenol lipids,0.8904714584350586,NA,NA,NA,NA,NA,NA,NA,NA,NA
x12707_602_47754_6_302,602.47754,6.302,18:3,12707,Diacylglycerols,DAG(18:4/16:2) / (18:3/16:3) [M+NH4]+,NA,NA,NA,Unknown,NA,Unknown,NA,Unknown,NA,Unknown,NA,NA,NA,NA,NA,NA,Glycerolipid,Diacylglycerols,Diacylglycerols,DAG(18:4/16:2) / (18:3/16:3) [M+NH4]+
x38614_1166_93132_15_618,1166.93132,15.618,18:3,38614,Unknown,NA,C74H121N5O4,[M + Na]+,C74H121N5O4,Unknown,0.7131901979446411,Unknown,0.6815820336341858,Unknown,0.2539631426334381,Unknown,0.5285859704017639,NA,NA,NA,NA,NA,NA,NA,NA,NA
x899_400_28363_1_293,400.28363,1.293,18:3,899,Unknown,NA,C25H37NO3,[M + H]+,C25H37NO3,Unknown,0.39002108573913574,Unknown,0.5444093942642212,Unknown,0.6057353019714355,N-acyl amines,0.853100597858429,NA,NA,NA,NA,NA,NA,NA,NA,NA
x37976_1164_91528_15_423,1164.91528,15.423,18:3,37976,Unknown,NA,C60H117N13O9,[M + H]+,C60H117N13O9,Amino acids and Peptides,0.9718347191810608,Oligopeptides,0.9550774693489076,Unknown,0.6392367482185364,Unknown,0.5120108127593994,NA,NA,NA,NA,NA,NA,NA,NA,NA
x8212_681_49504_4_573,681.49504,4.573,18:3,8212,Unknown,NA,NA,NA,NA,Unknown,NA,Unknown,NA,Unknown,NA,Unknown,NA,NA,NA,NA,NA,NA,NA,NA,NA,NA
x7735_474_39554_4_428,474.39554,4.428,18:3,7735,Unknown,NA,C30H51NO3,[M + H]+,C30H51NO3,Terpenoids,0.90421462059021,Unknown,0.6857234239578247,Unknown,0.8390098214149475,Unknown,0.8409923911094666,NA,NA,NA,NA,NA,NA,NA,NA,NA
x8164_670_46834_4_586,670.46834,4.586,18:3,8164,Unknown,NA,C38H65NO7,[M + Na]+,C38H65NO7,Terpenoids,0.8838732838630676,Unknown,0.7186305522918701,Unknown,0.3267233371734619,Unknown,0.5691562294960022,NA,NA,NA,NA,NA,NA,NA,NA,NA
x2974_424_3205_2_901,424.3205,2.901,18:3,2974,Unknown,NA,C28H41NO2,[M + H]+,C28H41NO2,Unknown,0.7260320782661438,Unknown,0.3946690261363983,Unknown,0.6159232258796692,Unknown,0.7523818612098694,NA,NA,NA,NA,NA,NA,NA,NA,NA
x3236_386_3044_3_003,386.3044,3.003,18:3,3236,Unknown,NA,C25H39NO2,[M + H]+,C25H39NO2,Unknown,0.6784989237785339,Unknown,0.6558026075363159,Unknown,0.3489156663417816,Unknown,0.518062949180603,NA,NA,NA,NA,NA,NA,NA,NA,NA
x10772_681_49537_5_562,681.49537,5.562,18:3,10772,Unknown,NA,NA,NA,NA,Unknown,NA,Unknown,NA,Unknown,NA,Unknown,NA,NA,NA,NA,NA,NA,NA,NA,NA,NA
x37201_1186_90383_15_094,1186.90383,15.094,18:3,37201,Unknown,NA,C60H117N13O9,[M + Na]+,C60H117N13O9,Amino acids and Peptides,0.9849444031715392,Oligopeptides,0.9612227082252502,Unknown,0.6594374775886536,Peptides,0.9335066080093384,NA,NA,NA,NA,NA,NA,NA,NA,NA
x35647_1204_90679_14_518,1204.90679,14.518,18:3,35647,Unknown,NA,C56H32Br4N4O8,[M + H]+,C56H32Br4N4O8,Unknown,0.17907747626304626,Unknown,0.6279165148735046,Unknown,0.2704066038131714,Unknown,0.6767172813415527,NA,NA,NA,NA,NA,NA,NA,NA,NA
x7281_681_49562_4_403,681.49562,4.403,18:3,7281,Unknown,NA,NA,NA,NA,Unknown,NA,Unknown,NA,Unknown,NA,Unknown,NA,NA,NA,NA,NA,NA,NA,NA,NA,NA
x40275_1140_97507_16_364,1140.97507,16.364,18:3,40275,Unknown,NA,C79H121N5,[M + H]+,C79H121N5,Unknown,0.5661351680755615,Unknown,0.3116922676563263,Unknown,0.06292511522769928,Unknown,0.5367594957351685,NA,NA,NA,NA,NA,NA,NA,NA,NA
x37213_842_72354_15_079,842.72354,15.079,18:4,37213,Triacylglycerols,TAG(16:0/16:1/18:4) / (16:0/16:2/18:3) / 18:1 18:2 20:4 [M+NH4]+,NA,NA,NA,Unknown,NA,Unknown,NA,Unknown,NA,Unknown,NA,NA,NA,NA,NA,NA,Glycerolipid,Triacylglycerols,Triacylglycerols,TAG(16:0/16:1/18:4) / (16:0/16:2/18:3) / 18:1 18:2 20:4 [M+NH4]+
x36271_916_73856_14_764,916.73856,14.764,18:4,36271,Triacylglycerols,TAG(16:0/18:4/22:6) [M+NH4]+,C54H97N3O8,[M + H]+,C54H97N3O8,Amino acids and Peptides,0.8589751720428467,Oligopeptides,0.859291136264801,Unknown,0.6413660049438477,Unknown,0.5875301361083984,NA,NA,NA,NA,NA,Glycerolipid,Triacylglycerols,Triacylglycerols,TAG(16:0/18:4/22:6) [M+NH4]+
x35274_864_70695_14_464,864.70695,14.464,18:4,35274,Triacylglycerols,TAG(14:0/18:3/20:5) / (16:0/18:3/18:5) [M+NH4]+,NA,NA,NA,Unknown,NA,Unknown,NA,Unknown,NA,Unknown,NA,NA,NA,NA,NA,NA,Glycerolipid,Triacylglycerols,Triacylglycerols,TAG(14:0/18:3/20:5) / (16:0/18:3/18:5) [M+NH4]+
x37248_816_70805_15_098,816.70805,15.098,18:4,37248,Triacylglycerols,TAG(14:0/16:0/18:4) [M+NH4]+,NA,NA,NA,Unknown,NA,Unknown,NA,Unknown,NA,Unknown,NA,NA,NA,NA,NA,NA,Glycerolipid,Triacylglycerols,Triacylglycerols,TAG(14:0/16:0/18:4) [M+NH4]+
x36175_942_75235_14_733,942.75235,14.733,18:4,36175,Triacylglycerols,TAG(16:0/20:5/22:6) [M+NH4]+,NA,NA,NA,Unknown,NA,Unknown,NA,Unknown,NA,Unknown,NA,NA,NA,NA,NA,NA,Glycerolipid,Triacylglycerols,Triacylglycerols,TAG(16:0/20:5/22:6) [M+NH4]+
x37029_844_73746_15_028,844.73746,15.028,18:4,37029,Triacylglycerols,TAG(16:0/16:1/18:3) [M+NH4]+,C51H99NO6,[M + Na]+,C51H99NO6,Fatty acids,0.9997429251670836,Glycerolipids,0.901564598083496,Triacylglycerols,0.8697624802589417,Unknown,0.5321772694587708,NA,NA,NA,NA,NA,Glycerolipid,Triacylglycerols,Triacylglycerols,TAG(16:0/16:1/18:3) [M+NH4]+
x34662_838_69195_14_288,838.69195,14.288,18:4,34662,Triacylglycerols,TAG(16:0/16:3/18:4) [M+NH4]+,C51H93NO6,[M + Na]+,C51H93NO6,Fatty acids,0.9991697072982788,Unknown,0.6902709007263184,Unknown,0.48775535821914673,N-acyl amines,0.9712108969688416,NA,NA,NA,NA,NA,Glycerolipid,Triacylglycerols,Triacylglycerols,TAG(16:0/16:3/18:4) [M+NH4]+
x31413_936_70702_13_551,936.70702000000006,13.551,18:4,31413,Triacylglycerols,TAG(18:4/20:5/20:5) [M+NH4]+,C56H93N3O8,[M + H]+,C56H93N3O8,Unknown,0.8198142051696777,Unknown,0.8418638706207275,Unknown,0.3178377151489258,Unknown,0.7510409951210022,NA,NA,NA,NA,NA,Glycerolipid,Triacylglycerols,Triacylglycerols,TAG(18:4/20:5/20:5) [M+NH4]+
x10615_440_31593_5_476,440.31593,5.476,18:4,10615,Unknown,NA,C28H41NO3,[M + H]+,C28H41NO3,Fatty acids,0.9166287779808044,Unknown,0.6869436502456665,Unknown,0.4749084413051605,N-acyl-alpha amino acids,0.8733140230178833,NA,NA,NA,NA,NA,NA,NA,NA,NA
x34607_864_70614_14_274,864.70614,14.274,18:4,34607,Triacylglycerols,TAG(16:1/18:3/18:4) [M+NH4]+,C53H95NO6,[M + Na]+,C53H95NO6,Fatty acids,0.9997199177742004,Glycerolipids,0.9814451336860656,Triacylglycerols,0.9994799494743348,Triacylglycerols,0.8892834186553955,NA,NA,NA,NA,NA,Glycerolipid,Triacylglycerols,Triacylglycerols,TAG(16:1/18:3/18:4) [M+NH4]+
x33040_836_67646_13_892,836.67646,13.892,18:4,33040,Triacylglycerols,TAG(16:0/16:4/18:4) [M+NH4]+,NA,NA,NA,Unknown,NA,Unknown,NA,Unknown,NA,Unknown,NA,NA,NA,NA,NA,NA,Glycerolipid,Triacylglycerols,Triacylglycerols,TAG(16:0/16:4/18:4) [M+NH4]+
x35704_788_67733_14_583,788.67733,14.583,18:4,35704,Triacylglycerols,TAG(14:0/14:0/18:4) [M+NH4]+,C47H91NO6,[M + Na]+,C47H91NO6,Fatty acids,0.999853491783142,Glycerolipids,0.8921759724617004,Triacylglycerols,0.9182435870170592,N-acyl amines,0.9846900701522828,NA,NA,NA,NA,NA,Glycerolipid,Triacylglycerols,Triacylglycerols,TAG(14:0/14:0/18:4) [M+NH4]+
x31784_886_68916_13_629,886.68916,13.629,18:4,31784,Triacylglycerols,TAG(18:3/18:4/18:4) [M+NH4]+,C55H93NO6,[M + Na]+,C55H93NO6,Fatty acids,0.9942775368690492,Unknown,0.7387559413909912,Triacylglycerols,0.9285285472869872,Unknown,0.6471320986747742,NA,NA,NA,NA,NA,Glycerolipid,Triacylglycerols,Triacylglycerols,TAG(18:3/18:4/18:4) [M+NH4]+
x17969_678_51042_8_486,678.51042,8.486,18:4,17969,Diacylglycerols,DAG(18:4/22:6) / (20:5/20:5) [M+NH4]+,NA,NA,NA,Unknown,NA,Unknown,NA,Unknown,NA,Unknown,NA,NA,NA,NA,NA,NA,Glycerolipid,Diacylglycerols,Diacylglycerols,DAG(18:4/22:6) / (20:5/20:5) [M+NH4]+
x35691_816_70708_14_585,816.70708,14.585,18:4,35691,Triacylglycerols,TAG(14:0/16:0/18:4) [M+NH4]+,C49H95NO6,[M + Na]+,C49H95NO6,Fatty acids,0.9998120665550232,Glycerolipids,0.8545019626617432,Unknown,0.8423582911491394,N-acyl amines,0.9878036975860596,NA,NA,NA,NA,NA,Glycerolipid,Triacylglycerols,Triacylglycerols,TAG(14:0/16:0/18:4) [M+NH4]+
x35610_814_69218_14_553,814.69218,14.553,18:4,35610,Triacylglycerols,TAG(14:0/16:1/18:4) [M+NH4]+,NA,NA,NA,Unknown,NA,Unknown,NA,Unknown,NA,Unknown,NA,NA,NA,NA,NA,NA,Glycerolipid,Triacylglycerols,Triacylglycerols,TAG(14:0/16:1/18:4) [M+NH4]+
x33051_862_68981_13_903,862.68981,13.903,18:4,33051,Triacylglycerols,TAG(16:0/18:4/18:5) [M+NH4]+,C50H91N3O8,[M + H]+,C50H91N3O8,Unknown,0.7501041889190674,Unknown,0.6605335474014282,Unknown,0.6183272004127502,N-acyl amines,0.8513996005058289,NA,NA,NA,NA,NA,Glycerolipid,Triacylglycerols,Triacylglycerols,TAG(16:0/18:4/18:5) [M+NH4]+
x8572_438_30122_4_741,438.30122,4.741,18:4,8572,Unknown,NA,C28H39NO3,[M + H]+,C28H39NO3,Unknown,0.5626351237297058,Unknown,0.1397990733385086,Unknown,0.0762590616941452,N-acyl-alpha amino acids,0.9058346152305604,NA,NA,NA,NA,NA,NA,NA,NA,NA
x30633_910_68979_13_366,910.68979,13.366,18:4,30633,Triacylglycerols,TAG(18:4/18:4/20:5) [M+NH4]+,C57H93NO6,[M + Na]+,C57H93NO6,Fatty acids,0.9502678513526917,Unknown,0.3402371406555176,Unknown,0.6960923671722412,Unknown,0.5190515518188477,NA,NA,NA,NA,NA,Glycerolipid,Triacylglycerols,Triacylglycerols,TAG(18:4/18:4/20:5) [M+NH4]+
x34551_862_69022_14_264,862.69022,14.264,18:4,34551,Triacylglycerols,TAG(16:0/18:4/18:5) [M+NH4]+,C50H91N3O8,[M + H]+,C50H91N3O8,Unknown,0.6849252581596375,Unknown,0.8277093768119812,Unknown,0.7709492444992065,Unknown,0.6135317087173462,NA,NA,NA,NA,NA,Glycerolipid,Triacylglycerols,Triacylglycerols,TAG(16:0/18:4/18:5) [M+NH4]+
x32158_860_67562_13_71,860.67562,13.71,18:4,32158,Triacylglycerols,TAG(16:0/18:5/18:5) [M+NH4]+,C53H91NO6,[M + Na]+,C53H91NO6,Fatty acids,0.991094708442688,Unknown,0.2798555791378021,Unknown,0.41693636775016785,Unknown,0.5497766137123108,NA,NA,NA,NA,NA,Glycerolipid,Triacylglycerols,Triacylglycerols,TAG(16:0/18:5/18:5) [M+NH4]+
x15081_626_47876_7_327,626.47876,7.327,18:4,15081,Diacylglycerols,DAG(36:8) [M+NH4]+,NA,NA,NA,Unknown,NA,Unknown,NA,Unknown,NA,Unknown,NA,NA,NA,NA,NA,NA,Glycerolipid,Diacylglycerols,Diacylglycerols,DAG(36:8) [M+NH4]+
x16408_652_49513_7_862,652.49513,7.862,18:4,16408,Diacylglycerols,DAG(18:4/20:5) [M+NH4]+,NA,NA,NA,Unknown,NA,Unknown,NA,Unknown,NA,Unknown,NA,NA,NA,NA,NA,NA,Glycerolipid,Diacylglycerols,Diacylglycerols,DAG(18:4/20:5) [M+NH4]+
x17823_628_49317_8_423,628.49317,8.423,18:4,17823,Diacylglycerols,DAG(36:7) [M+NH4]+,NA,NA,NA,Unknown,NA,Unknown,NA,Unknown,NA,Unknown,NA,NA,NA,NA,NA,NA,Glycerolipid,Diacylglycerols,Diacylglycerols,DAG(36:7) [M+NH4]+
x29914_884_67425_13_207,884.67425,13.207,18:4,29914,Triacylglycerols,TAG(18:3/18:4/18:5) [M+NH4]+,C55H91NO6,[M + Na]+,C55H91NO6,Fatty acids,0.982564389705658,Unknown,0.7047132849693298,Triacylglycerols,0.9097549319267272,Unknown,0.6018509268760681,NA,NA,NA,NA,NA,Glycerolipid,Triacylglycerols,Triacylglycerols,TAG(18:3/18:4/18:5) [M+NH4]+
x14054_624_46299_6_883,624.46299,6.883,18:4,14054,Diacylglycerols,DAG(18:4/18:5) [M+NH4]+,C39H61NO5,[M + H]+,C39H61NO5,Unknown,0.7502256035804749,Unknown,0.7807322144508362,Unknown,0.22871409356594088,Unknown,0.811678409576416,NA,NA,NA,NA,NA,Glycerolipid,Diacylglycerols,Diacylglycerols,DAG(18:4/18:5) [M+NH4]+
x35496_838_69038_14_448,838.69038,14.448,18:4,35496,Triacylglycerols,TAG(12:0/16:1/22:6) / (14:1/16:1/20:5) / (16:1/16:1/18:5) [M+NH4]+,C51H93NO6,[M + Na]+,C51H93NO6,Fatty acids,0.9980599284172058,Unknown,0.5686431527137756,Unknown,0.4988830089569092,Unknown,0.7831553220748901,NA,NA,NA,NA,NA,Glycerolipid,Triacylglycerols,Triacylglycerols,TAG(12:0/16:1/22:6) / (14:1/16:1/20:5) / (16:1/16:1/18:5) [M+NH4]+
x3477_424_31823_3_083,424.31823,3.083,18:4,3477,Unknown,dopamine-C20:3,C21H38FN7O,[M + H]+,C21H38FN7O,Alkaloids,0.9993125200271606,Unknown,0.46155139803886414,Unknown,0.18947207927703855,Unknown,0.6289271712303162,0.852216,4.24335,dopamine-C20:3,Phenols,Benzenediols,NA,NA,NA,NA
x9899_452_31711_5_22,452.31711,5.22,18:4,9899,Unknown,NA,C29H41NO3,[M + H]+,C29H41NO3,Unknown,0.5065090656280518,Unknown,0.5234166383743286,Unknown,0.31225499510765076,Unknown,0.5427265763282776,NA,NA,NA,NA,NA,NA,NA,NA,NA
x38454_878_76101_15_567,878.76101,15.567,18:4,38454,MADAG,MADAG(O-16:0/18:3/20:5) / (O-16:0/18:4/20:4) [M+NH4]+,NA,NA,NA,Unknown,NA,Unknown,NA,Unknown,NA,Unknown,NA,NA,NA,NA,NA,NA,Glycerolipid,Monoalkyldiacylglycerols,MADAG,MADAG(O-16:0/18:3/20:5) / (O-16:0/18:4/20:4) [M+NH4]+
x649_399_31117_1_156,399.31117,1.156,18:4,649,Unknown,NA,C23H42O5,[M + H]+,C23H42O5,Unknown,0.774760365486145,Unknown,0.6348926424980164,Unknown,0.5002639889717102,Unknown,0.5780770778656006,NA,NA,NA,NA,NA,NA,NA,NA,NA
x25763_634_5403_12_132,634.5403,12.132,18:4,25763,Diacylglycerols,DAG(16:0/20:4) [M+NH4]+,NA,NA,NA,Unknown,NA,Unknown,NA,Unknown,NA,Unknown,NA,NA,NA,NA,NA,NA,Glycerolipid,Diacylglycerols,Diacylglycerols,DAG(16:0/20:4) [M+NH4]+
x35253_868_73663_14_524,868.73663,14.524,18:4,35253,Triacylglycerols,TAG(16:0/18:3/18:3) / (16:0/16:1/20:5) / (16:0/18:2/18:4) [M+NH4]+,C53H99NO6,[M + Na]+,C53H99NO6,Fatty acids,0.9989984631538392,Unknown,0.6391215920448303,Triacylglycerols,0.8694208264350891,N-acyl amines,0.986182451248169,NA,NA,NA,NA,NA,Glycerolipid,Triacylglycerols,Triacylglycerols,TAG(16:0/18:3/18:3) / (16:0/16:1/20:5) / (16:0/18:2/18:4) [M+NH4]+
x29033_882_65644_12_996,882.65644,12.996,18:4,29033,Triacylglycerols,TAG(18:4/18:4/18:5) [M+NH4]+,NA,NA,NA,Unknown,NA,Unknown,NA,Unknown,NA,Unknown,NA,NA,NA,NA,NA,NA,Glycerolipid,Triacylglycerols,Triacylglycerols,TAG(18:4/18:4/18:5) [M+NH4]+
x33589_786_66119_14_036,786.66119,14.036,18:4,33589,Unknown,NA,NA,NA,NA,Unknown,NA,Unknown,NA,Unknown,NA,Unknown,NA,NA,NA,NA,NA,NA,NA,NA,NA,NA
x20431_630_5074_9_662,630.5074,9.662,18:4,20431,Diacylglycerols,DAG(18:3/18:3) [M+NH4]+,NA,NA,NA,Unknown,NA,Unknown,NA,Unknown,NA,Unknown,NA,NA,NA,NA,NA,NA,Glycerolipid,Diacylglycerols,Diacylglycerols,DAG(18:3/18:3) [M+NH4]+
x33760_814_69128_14_09,814.69128,14.09,18:4,33760,Triacylglycerols,TAG(14:0/16:1/18:4) [M+NH4]+,C51H91NO6,[M + H]+,C51H91NO6,Fatty acids,0.9951903820037842,Unknown,0.6987284421920776,Unknown,0.709695041179657,N-acyl amines,0.9703229665756226,NA,NA,NA,NA,NA,Glycerolipid,Triacylglycerols,Triacylglycerols,TAG(14:0/16:1/18:4) [M+NH4]+
x33557_760_6467_14_027,760.6467,14.027,18:4,33557,Unknown,NA,NA,NA,NA,Unknown,NA,Unknown,NA,Unknown,NA,Unknown,NA,NA,NA,NA,NA,NA,NA,NA,NA,NA
x16493_626_47879_7_895,626.47879,7.895,18:4,16493,Diacylglycerols,DAG(36:8) [M+NH4]+,NA,NA,NA,Unknown,NA,Unknown,NA,Unknown,NA,Unknown,NA,NA,NA,NA,NA,NA,Glycerolipid,Diacylglycerols,Diacylglycerols,DAG(36:8) [M+NH4]+
x29479_806_62812_13_111,806.62812,13.111,18:4,29479,Unknown,NA,NA,NA,NA,Unknown,NA,Unknown,NA,Unknown,NA,Unknown,NA,NA,NA,NA,NA,NA,NA,NA,NA,NA
x30490_808_64767_13_361,808.64767,13.361,18:4,30490,Unknown,NA,NA,NA,NA,Unknown,NA,Unknown,NA,Unknown,NA,Unknown,NA,NA,NA,NA,NA,NA,NA,NA,NA,NA
x22710_606_50966_10_877,606.50966,10.877,18:4,22710,Diacylglycerols,DAG(18:4/16:0) [M+NH4]+,NA,NA,NA,Unknown,NA,Unknown,NA,Unknown,NA,Unknown,NA,NA,NA,NA,NA,NA,Glycerolipid,Diacylglycerols,Diacylglycerols,DAG(18:4/16:0) [M+NH4]+
x39825_830_76252_16_159,830.76252,16.159,18:4,39825,MADAG,MADAG(O-16:0/16:0/18:4) / (O-16:0/14:0/20:4) [M+NH4]+,C53H96O5,[M + H3N + H]+,C53H99NO5,Fatty acids,0.9999966621398926,Glycerolipids,0.9998867511749268,Triacylglycerols,0.9952481389045716,Triacylglycerols,0.9236792922019958,NA,NA,NA,NA,NA,Glycerolipid,Monoalkyldiacylglycerols,MADAG,MADAG(O-16:0/16:0/18:4) / (O-16:0/14:0/20:4) [M+NH4]+
x1728_368_28017_1_826,368.28017,1.826,18:4,1728,Unknown,NA,C27H33B,[M + H]+,C27H33B,Terpenoids,0.9880405068397522,Unknown,0.4291159212589264,Unknown,0.34652599692344666,Unknown,0.764001190662384,NA,NA,NA,NA,NA,NA,NA,NA,NA
x37970_856_73882_15_372,856.73882,15.372,18:4,37970,Unknown,NA,C54H97NO6,[M + H]+,C54H97NO6,Fatty acids,0.9973546266555786,Unknown,0.4889506697654724,Unknown,0.5700393319129944,N-acyl amines,0.9841806888580322,NA,NA,NA,NA,NA,NA,NA,NA,NA
x31194_732_61446_13_476,732.61446,13.476,18:4,31194,Unknown,NA,C45H81NO6,[M + H]+,C45H81NO6,Fatty acids,0.9994062185287476,Unknown,0.6561241149902344,Unknown,0.6088727712631226,N-acyl amines,0.9236661791801452,NA,NA,NA,NA,NA,NA,NA,NA,NA
x7791_428_3168_4_461,428.3168,4.461,18:4,7791,Unknown,NA,C27H41NO3,[M + H]+,C27H41NO3,Unknown,0.6647774577140808,Unknown,0.6201071739196777,Unknown,0.419002503156662,Unknown,0.6883512139320374,NA,NA,NA,NA,NA,NA,NA,NA,NA
x9810_462_33807_5_167,462.33807,5.167,18:4,9810,Unknown,NA,C31H43NO2,[M + H]+,C31H43NO2,Unknown,0.3857828080654144,Unknown,0.24519650638103485,Unknown,0.26656731963157654,Unknown,0.574046790599823,NA,NA,NA,NA,NA,NA,NA,NA,NA
x12485_500_35304_6_224,500.35304,6.224,18:4,12485,Unknown,NA,C34H45NO2,[M + H]+,C34H45NO2,Unknown,0.4204660952091217,Unknown,0.23764123022556305,Unknown,0.25992581248283386,Unknown,0.6736465096473694,NA,NA,NA,NA,NA,NA,NA,NA,NA
x21797_682_54072_10_367,682.54072,10.367,18:4,21797,Diacylglycerols,DAG(40:8) [M+NH4]+,C41H73NO5,[M + Na]+,C41H73NO5,Fatty acids,0.99266982078552235,Unknown,0.30483579635620117,Unknown,0.24222001433372495,N-acyl amines,0.9658955931663512,NA,NA,NA,NA,NA,Glycerolipid,Diacylglycerols,Diacylglycerols,DAG(40:8) [M+NH4]+
x10165_450_33819_5_34,450.33819,5.34,18:4,10165,Unknown,NA,C30H43NO2,[M + H]+,C30H43NO2,Unknown,0.43936887383461,Unknown,0.17340689897537231,Unknown,0.18296808004379272,Unknown,0.8098655343055725,NA,NA,NA,NA,NA,NA,NA,NA,NA
x21907_794_57768_10_327,794.57768,10.327,18:4,21907,Unknown,NA,C43H81NO10,[M + Na]+,C43H81NO10,Polyketides,0.9455977082252502,Macrolides,0.8805134892463684,Unknown,0.7082948684692383,Unknown,0.8097271919250488,NA,NA,NA,NA,NA,NA,NA,NA,NA
x27929_780_61415_12_714,780.61415,12.714,18:4,27929,Unknown,NA,NA,NA,NA,Unknown,NA,Unknown,NA,Unknown,NA,Unknown,NA,NA,NA,NA,NA,NA,NA,NA,NA,NA
x679_378_26457_1_172,378.26457,1.172,18:4,679,Unknown,NA,C22H35NO4,[M + H]+,C22H35NO4,Fatty acids,0.9930311441421508,Fatty amides,0.8628830313682556,Unknown,0.5672001838684082,Unknown,0.597436249256134,NA,NA,NA,NA,NA,NA,NA,NA,NA
x12375_363_3049_6_183,363.3049,6.183,18:4,12375,Unknown,NA,C27H38,[M + H]+,C27H38,Terpenoids,0.997334599494934,Unknown,0.44589829444885254,Unknown,0.03900863602757454,Unknown,0.5263312458992004,NA,NA,NA,NA,NA,NA,NA,NA,NA
x30535_834_65859_13_359,834.65859,13.359,18:4,30535,Triacylglycerols,TAG(14:0/18:4/18:5) [M+NH4]+,C51H89NO6,[M + Na]+,C51H89NO6,Fatty acids,0.9916295409202576,Unknown,0.7666955590248108,Unknown,0.6086894273757935,N-acyl amines,0.962895929813385,NA,NA,NA,NA,NA,Glycerolipid,Triacylglycerols,Triacylglycerols,TAG(14:0/18:4/18:5) [M+NH4]+
x22502_363_30492_10_745,363.30492,10.745,18:4,22502,Unknown,NA,C27H38,[M + H]+,C27H38,Terpenoids,0.9970241189002992,Unknown,0.1136968955397606,Unknown,0.03557120636105537,Unknown,0.6072461009025574,NA,NA,NA,NA,NA,NA,NA,NA,NA
x14244_628_49257_6_96,628.49257,6.96,18:4,14244,Diacylglycerols,DAG(36:7) [M+NH4]+,NA,NA,NA,Unknown,NA,Unknown,NA,Unknown,NA,Unknown,NA,NA,NA,NA,NA,NA,Glycerolipid,Diacylglycerols,Diacylglycerols,DAG(36:7) [M+NH4]+
x19461_604_49146_9_162,604.49146,9.162,18:4,19461,Diacylglycerols,DAG(18:4/16:1) [M+NH4]+,NA,NA,NA,Unknown,NA,Unknown,NA,Unknown,NA,Unknown,NA,NA,NA,NA,NA,NA,Glycerolipid,Diacylglycerols,Diacylglycerols,DAG(18:4/16:1) [M+NH4]+
x12082_626_47831_6_063,626.47831,6.063,18:4,12082,Diacylglycerols,DAG(36:8) [M+NH4]+,NA,NA,NA,Unknown,NA,Unknown,NA,Unknown,NA,Unknown,NA,NA,NA,NA,NA,NA,Glycerolipid,Diacylglycerols,Diacylglycerols,DAG(36:8) [M+NH4]+
x2143_376_28468_2_128,376.28468,2.128,18:4,2143,Unknown,NA,C23H37NO3,[M + H]+,C23H37NO3,Unknown,0.6804336905479431,Unknown,0.5509997606277466,Unknown,0.7536165714263916,Unknown,0.8240638971328735,NA,NA,NA,NA,NA,NA,NA,NA,NA
x955_362_26961_1_331,362.26961,1.331,18:4,955,Unknown,NA,C22H35NO3,[M + H]+,C22H35NO3,Terpenoids,0.9216632843017578,Diterpenoids,0.9242899417877196,Unknown,0.2966621220111847,Diterpenoids,0.8520505428314209,NA,NA,NA,NA,NA,NA,NA,NA,NA
x25452_528_37596_12_049,528.37596,12.049,18:4,25452,Unknown,NA,C26H49N5O6,[M + H]+,C26H49N5O6,Unknown,0.3448251485824585,Unknown,0.09138784557580948,Unknown,0.16251569986343384,N-acyl-alpha amino acids and derivatives,0.9435080885887146,NA,NA,NA,NA,NA,NA,NA,NA,NA
x2816_348_28902_2_72,348.28902,2.72,18:4,2816,Unknown,NA,C22H37NO2,[M + H]+,C22H37NO2,Fatty acids,0.9988368153572084,Fatty amides,0.9710503816604614,Unknown,0.48399269580841064,N-acyl amines,0.9274423122406006,NA,NA,NA,NA,NA,NA,NA,NA,NA
x2573_384_293_2_421,384.293,2.421,18:4,2573,Unknown,NA,C22H41NO2S,[M + H]+,C22H41NO2S,Fatty acids,0.9307458996772766,Fatty amides,0.8567605018615723,Unknown,0.5334857702255249,N-acyl amines,0.9204307794570924,NA,NA,NA,NA,NA,NA,NA,NA,NA
x37576_876_74482_15_211,876.74482,15.211,18:4,37576,MADAG,MADAG(O-16:0/18:4/20:5) [M+NH4]+,NA,NA,NA,Unknown,NA,Unknown,NA,Unknown,NA,Unknown,NA,NA,NA,NA,NA,NA,Glycerolipid,Monoalkyldiacylglycerols,MADAG,MADAG(O-16:0/18:4/20:5) [M+NH4]+
x12253_359_33128_6_124,359.33128,6.124,18:4,12253,Unknown,NA,C25H42O,[M + H]+,C25H42O,Unknown,0.6911351084709167,Unknown,0.8408492207527161,Unknown,0.7112510204315186,Unknown,0.5910243988037109,NA,NA,NA,NA,NA,NA,NA,NA,NA
x7524_460_32276_4_393,460.32276,4.393,18:4,7524,Unknown,NA,C31H41NO2,[M + H]+,C31H41NO2,Unknown,0.5104775428771973,Unknown,0.4977656900882721,Unknown,0.12444545328617096,Unknown,0.6886383295059204,NA,NA,NA,NA,NA,NA,NA,NA,NA
x17599_506_39886_8_359,506.39886,8.359,18:4,17599,Unknown,NA,C32H53NO2,[M + Na]+,C32H53NO2,Terpenoids,0.9578171968460084,Unknown,0.7580767273902893,Unknown,0.44944804906845093,Unknown,0.6217206120491028,NA,NA,NA,NA,NA,NA,NA,NA,NA
x13352_654_50766_6_588,654.50766,6.588,18:4,13352,Unknown,NA,C39H69NO5,[M + Na]+,C39H69NO5,Fatty acids,0.9546252489089966,Unknown,0.4840382933616638,Unknown,0.4440092444419861,Unknown,0.5883980989456177,NA,NA,NA,NA,NA,NA,NA,NA,NA
x1758_364_28505_1_809,364.28505,1.809,18:4,1758,Unknown,NA,C22H37NO3,[M + H]+,C22H37NO3,Unknown,0.713521420955658,Unknown,0.6387182474136353,Unknown,0.07083267718553543,Unknown,0.8309544324874878,NA,NA,NA,NA,NA,NA,NA,NA,NA
x29382_858_65698_13_103,858.65698,13.103,18:4,29382,Triacylglycerols,NA,C53H89NO6,[M + Na]+,C53H89NO6,Fatty acids,0.9981389045715332,Unknown,0.8203771114349365,Triacylglycerols,0.8545853495597839,Unknown,0.781162440776825,NA,NA,NA,NA,NA,NA,NA,NA,NA
x31153_948_70654_13_468,948.70654,13.468,18:4,31153,Unknown,NA,C60H95NO6,[M + Na]+,C60H95NO6,Fatty acids,0.9707419276237488,Unknown,0.5144380927085876,Unknown,0.8260369896888733,N-acyl amines,0.8736730217933655,NA,NA,NA,NA,NA,NA,NA,NA,NA
x20822_656_52447_9_855,656.52447,9.855,18:4,20822,Diacylglycerols,DAG(38:7) [M+NH4]+,NA,NA,NA,Unknown,NA,Unknown,NA,Unknown,NA,Unknown,NA,NA,NA,NA,NA,NA,Glycerolipid,Diacylglycerols,Diacylglycerols,DAG(38:7) [M+NH4]+
x12311_389_32113_6_119,389.32113,6.119,18:4,12311,Unknown,NA,C29H40,[M + H]+,C29H40,Terpenoids,0.987598717212677,Unknown,0.21065546572208405,Unknown,0.03531353548169136,Unknown,0.8210711479187012,NA,NA,NA,NA,NA,NA,NA,NA,NA
x26323_986_66644_12_314,986.66644,12.314,18:4,26323,Unknown,NA,C56H87N7O8,[M + H]+,C56H87N7O8,Amino acids and Peptides,0.9951980710029602,Oligopeptides,0.9587518572807312,Unknown,0.4253474175930023,Unknown,0.7384810447692871,NA,NA,NA,NA,NA,NA,NA,NA,NA
x10302_626_47828_5_378,626.47828,5.378,18:4,10302,Unknown,NA,NA,NA,NA,Unknown,NA,Unknown,NA,Unknown,NA,Unknown,NA,NA,NA,NA,NA,NA,NA,NA,NA,NA
x14999_638_47539_7_281,638.47539,7.281,18:4,14999,Unknown,NA,NA,NA,NA,Unknown,NA,Unknown,NA,Unknown,NA,Unknown,NA,NA,NA,NA,NA,NA,NA,NA,NA,NA
x22925_632_52429_11_001,632.52429,11.001,18:4,22925,Diacylglycerols,DAG(18:1/18:4) / (18:2/18:3) [M+NH4]+,NA,NA,NA,Unknown,NA,Unknown,NA,Unknown,NA,Unknown,NA,NA,NA,NA,NA,NA,Glycerolipid,Diacylglycerols,Diacylglycerols,DAG(18:1/18:4) / (18:2/18:3) [M+NH4]+
x19119_578_47704_8_96,578.47704,8.96,18:4,19119,Diacylglycerols,DAG(14:0/18:4) [M+NH4]+,NA,NA,NA,Unknown,NA,Unknown,NA,Unknown,NA,Unknown,NA,NA,NA,NA,NA,NA,Glycerolipid,Diacylglycerols,Diacylglycerols,DAG(14:0/18:4) [M+NH4]+
x23976_377_32043_11_594,377.32043,11.594,18:4,23976,Unknown,NA,C28H40,[M + H]+,C28H40,Terpenoids,0.9968284964561462,Unknown,0.10486949980258942,Unknown,0.08047810196876526,Prenol lipids,0.9721193313598632,NA,NA,NA,NA,NA,NA,NA,NA,NA
x28882_884_67413_12_962,884.67413,12.962,18:4,28882,Triacylglycerols,TAG(18:3/18:4/18:5) [M+NH4]+,C55H91NO6,[M + Na]+,C55H91NO6,Fatty acids,0.9900755286216736,Unknown,0.5583483576774597,Unknown,0.6855185031890869,Unknown,0.7727767825126648,NA,NA,NA,NA,NA,Glycerolipid,Triacylglycerols,Triacylglycerols,TAG(18:3/18:4/18:5) [M+NH4]+
x1247_360_2899_1_547,360.2899,1.547,18:4,1247,Unknown,NA,C20H38FNO3,[M + H]+,C20H38FNO3,Unknown,0.4075988531112671,Unknown,0.5752967596054077,Unknown,0.2183516025543213,Unknown,0.7745788097381592,NA,NA,NA,NA,NA,NA,NA,NA,NA
x28446_704_57966_12_847,704.57966,12.847,18:4,28446,Unknown,NA,C43H77NO6,[M + H]+,C43H77NO6,Fatty acids,0.9973363280296326,Unknown,0.7362098693847656,Unknown,0.7703539729118347,Unknown,0.7570916414260864,NA,NA,NA,NA,NA,NA,NA,NA,NA
x20913_634_51762_9_884,634.51762,9.884,18:4,20913,Unknown,NA,C40H69NO3,[M + Na]+,C40H69NO3,Fatty acids,0.995971143245697,Unknown,0.2603193521499634,Unknown,0.4982678294181824,N-acyl amines,0.9724315404891968,NA,NA,NA,NA,NA,NA,NA,NA,NA
x2752_364_28499_2_691,364.28499,2.691,18:4,2752,Unknown,NA,C22H37NO3,[M + H]+,C22H37NO3,Unknown,0.6310932636260986,Unknown,0.736059308052063,Unknown,0.5443608164787292,Alpha amino acids and derivatives,0.962252676486969,NA,NA,NA,NA,NA,NA,NA,NA,NA
x4094_392_31507_3_351,392.31507,3.351,18:4,4094,Unknown,NA,C24H41NO3,[M + H]+,C24H41NO3,Unknown,0.4723208546638489,Unknown,0.5014069080352783,Unknown,0.5676162242889404,Unknown,0.7872410416603088,NA,NA,NA,NA,NA,NA,NA,NA,NA
x17517_350_30007_8_31,350.30007,8.31,18:4,17517,Unknown,NA,NA,NA,NA,Unknown,NA,Unknown,NA,Unknown,NA,Unknown,NA,NA,NA,NA,NA,NA,NA,NA,NA,NA
x10765_488_35462_5_539,488.35462,5.539,18:4,10765,Unknown,NA,C33H45NO2,[M + H]+,C33H45NO2,Unknown,0.7843171954154968,Unknown,0.14315639436244965,Unknown,0.31667229533195496,Unknown,0.5851600170135498,NA,NA,NA,NA,NA,NA,NA,NA,NA
x4136_491_3703_3_353,491.3703,3.353,18:4,4136,Unknown,NA,C28H52O5,[M + Na]+,C28H52O5,Terpenoids,0.9438868165016174,Unknown,0.8079937696456909,Unknown,0.331163227558136,Unknown,0.5589340329170227,NA,NA,NA,NA,NA,NA,NA,NA,NA
x14340_600_46432_6_992,600.46432,6.992,18:4,14340,Diacylglycerols,DAG(18:5/16:2) [M+NH4]+,C37H58O5,[M + H3N + H]+,C37H61NO5,Fatty acids,0.9917325973510742,Glycerolipids,0.9933510422706604,Diacylglycerols,0.9767974019050598,"1,2-diacylglycerols",0.9358169436454772,NA,NA,NA,NA,NA,Glycerolipid,Diacylglycerols,Diacylglycerols,DAG(18:5/16:2) [M+NH4]+
x10279_486_39501_5_368,486.39501,5.368,18:4,10279,Unknown,NA,C31H51NO3,[M + H]+,C31H51NO3,Fatty acids,0.881060779094696,Unknown,0.4379355311393738,Unknown,0.2262194901704788,N-acyl amines,0.9449070692062378,NA,NA,NA,NA,NA,NA,NA,NA,NA
x15906_722_60723_7_621,722.60723,7.621,18:4,15906,Unknown,NA,C47H79NO4,[M + H]+,C47H79NO4,Unknown,0.83744215965271,Unknown,0.7152174711227417,Unknown,0.4416493475437164,Unknown,0.5513132810592651,NA,NA,NA,NA,NA,NA,NA,NA,NA
x8462_486_34157_4_709,486.34157,4.709,18:4,8462,Unknown,NA,NA,NA,NA,Unknown,NA,Unknown,NA,Unknown,NA,Unknown,NA,NA,NA,NA,NA,NA,NA,NA,NA,NA
x16790_602_47768_8_034,602.47768,8.034,18:4,16790,Diacylglycerols,DAG(18:4/16:2) / (18:3/16:3) [M+NH4]+,NA,NA,NA,Unknown,NA,Unknown,NA,Unknown,NA,Unknown,NA,NA,NA,NA,NA,NA,Glycerolipid,Diacylglycerols,Diacylglycerols,DAG(18:4/16:2) / (18:3/16:3) [M+NH4]+
x9035_436_32357_4_999,436.32357,4.999,18:4,9035,Unknown,NA,C26H42FNO3,[M + H]+,C26H42FNO3,Unknown,0.3284767270088196,Steroids,0.8946939706802368,Unknown,0.4409255981445313,Unknown,0.8202610611915588,NA,NA,NA,NA,NA,NA,NA,NA,NA
x38754_802_73121_15_696,802.73121,15.696,18:4,38754,Unknown,NA,NA,NA,NA,Unknown,NA,Unknown,NA,Unknown,NA,Unknown,NA,NA,NA,NA,NA,NA,NA,NA,NA,NA
x8073_422_30802_4_503,422.30802,4.503,18:4,8073,Unknown,NA,C22H39BN2O5,[M + H]+,C22H39BN2O5,Unknown,0.6917559504508972,Unknown,0.8285729885101318,Unknown,0.4945313036441803,Alpha amino acids and derivatives,0.8960644006729126,NA,NA,NA,NA,NA,NA,NA,NA,NA
x28896_818_62763_12_915,818.62763,12.915,18:4,28896,Unknown,NA,C50H85NO6,[M + Na]+,C50H85NO6,Fatty acids,0.9720231294631958,Unknown,0.5234989523887634,Unknown,0.4000808000564575,Unknown,0.7282184958457947,NA,NA,NA,NA,NA,NA,NA,NA,NA
x37976_1164_91528_15_423,1164.91528,15.423,18:4,37976,Unknown,NA,C60H117N13O9,[M + H]+,C60H117N13O9,Amino acids and Peptides,0.9718347191810608,Oligopeptides,0.9550774693489076,Unknown,0.6392367482185364,Unknown,0.5120108127593994,NA,NA,NA,NA,NA,NA,NA,NA,NA
x24336_1056_66635_11_71,1056.66635,11.71,18:4,24336,Unknown,NA,C59H93NO15,[M + H]+,C59H93NO15,Polyketides,0.981078326702118,Macrolides,0.8915744423866272,Unknown,0.7385997772216797,Aminoglycosides,0.892279326915741,NA,NA,NA,NA,NA,NA,NA,NA,NA
x8212_681_49504_4_573,681.49504,4.573,18:4,8212,Unknown,NA,NA,NA,NA,Unknown,NA,Unknown,NA,Unknown,NA,Unknown,NA,NA,NA,NA,NA,NA,NA,NA,NA,NA
x25128_350_29938_11_955,350.29938,11.955,18:4,25128,Unknown,NA,NA,NA,NA,Unknown,NA,Unknown,NA,Unknown,NA,Unknown,NA,NA,NA,NA,NA,NA,NA,NA,NA,NA
x14958_550_4477_7_299,550.4477,7.299,18:4,14958,Unknown,NA,NA,NA,NA,Unknown,NA,Unknown,NA,Unknown,NA,Unknown,NA,NA,NA,NA,NA,NA,NA,NA,NA,NA
x2807_422_30783_2_705,422.30783,2.705,18:4,2807,Unknown,NA,C22H39BN2O5,[M + H]+,C22H39BN2O5,Unknown,0.5771089792251587,Unknown,0.07165250182151794,Unknown,0.05699675902724266,Unknown,0.6889857053756714,NA,NA,NA,NA,NA,NA,NA,NA,NA
x3580_470_3524_3_105,470.3524,3.105,18:4,3580,Unknown,NA,NA,NA,NA,Unknown,NA,Unknown,NA,Unknown,NA,Unknown,NA,NA,NA,NA,NA,NA,NA,NA,NA,NA
x28615_1023_64716_12_892,1023.64716,12.892,18:4,28615,Unknown,NA,NA,NA,NA,Unknown,NA,Unknown,NA,Unknown,NA,Unknown,NA,NA,NA,NA,NA,NA,NA,NA,NA,NA
x2974_424_3205_2_901,424.3205,2.901,18:4,2974,Unknown,NA,C28H41NO2,[M + H]+,C28H41NO2,Unknown,0.7260320782661438,Unknown,0.3946690261363983,Unknown,0.6159232258796692,Unknown,0.7523818612098694,NA,NA,NA,NA,NA,NA,NA,NA,NA
x3236_386_3044_3_003,386.3044,3.003,18:4,3236,Unknown,NA,C25H39NO2,[M + H]+,C25H39NO2,Unknown,0.6784989237785339,Unknown,0.6558026075363159,Unknown,0.3489156663417816,Unknown,0.518062949180603,NA,NA,NA,NA,NA,NA,NA,NA,NA
x39437_1186_96129_15_967,1186.96129,15.967,18:4,39437,Unknown,NA,C44H42Br3F6N2O9P3,[M + H]+,C44H42Br3F6N2O9P3,Unknown,0.7415319085121155,Unknown,0.06989575922489166,Unknown,0.07911450415849686,Trifluoromethylbenzenes,0.952111840248108,NA,NA,NA,NA,NA,NA,NA,NA,NA
x35647_1204_90679_14_518,1204.90679,14.518,18:4,35647,Unknown,NA,C56H32Br4N4O8,[M + H]+,C56H32Br4N4O8,Unknown,0.17907747626304626,Unknown,0.6279165148735046,Unknown,0.2704066038131714,Unknown,0.6767172813415527,NA,NA,NA,NA,NA,NA,NA,NA,NA
x3799_384_29177_3_24,384.29177,3.24,18:4,3799,Unknown,NA,C22H38FNO3,[M + H]+,C22H38FNO3,Unknown,0.6941186189651489,Unknown,0.7333600521087646,Unknown,0.3424397110939026,Unknown,0.6174956560134888,NA,NA,NA,NA,NA,NA,NA,NA,NA
x35407_1178_89391_14_498,1178.89391,14.498,18:4,35407,Unknown,NA,NA,NA,NA,Unknown,NA,Unknown,NA,Unknown,NA,Unknown,NA,NA,NA,NA,NA,NA,NA,NA,NA,NA
x36326_1180_90997_14_778,1180.90997,14.778,18:4,36326,Unknown,NA,C60H117N13O10,[M + H]+,C60H117N13O10,Amino acids and Peptides,0.9921982884407043,Oligopeptides,0.978442370891571,Unknown,0.41788485646247864,Unknown,0.5969618558883667,NA,NA,NA,NA,NA,NA,NA,NA,NA
x35904_1152_88153_14_658,1152.88153,14.658,18:4,35904,Unknown,NA,C56H115N13O10,[M + Na]+,C56H115N13O10,Unknown,0.6220347285270691,Oligopeptides,0.971224308013916,Unknown,0.7057486176490784,Unknown,0.6393126845359802,NA,NA,NA,NA,NA,NA,NA,NA,NA
x7281_681_49562_4_403,681.49562,4.403,18:4,7281,Unknown,NA,NA,NA,NA,Unknown,NA,Unknown,NA,Unknown,NA,Unknown,NA,NA,NA,NA,NA,NA,NA,NA,NA,NA
x3107_384_29185_2_898,384.29185,2.898,18:4,3107,Unknown,NA,C22H38FNO3,[M + H]+,C22H38FNO3,Unknown,0.6506547331809998,Unknown,0.53538578748703,Unknown,0.23424983024597168,Lipids and lipid-like molecules,0.8807406425476074,NA,NA,NA,NA,NA,NA,NA,NA,NA
x34498_1202_89254_14_255,1202.89254,14.255,18:4,34498,Unknown,NA,C60H117N13O10,[M + Na]+,C60H117N13O10,Amino acids and Peptides,0.9618728160858154,Oligopeptides,0.991628885269165,Unknown,0.4014069736003876,Unknown,0.5856395363807678,NA,NA,NA,NA,NA,NA,NA,NA,NA
x34833_1152_88088_14_337,1152.88088,14.337,18:4,34833,Unknown,NA,C56H115N13O10,[M + Na]+,C56H115N13O10,Amino acids and Peptides,0.9569466710090636,Oligopeptides,0.9814282655715942,Unknown,0.34591051936149597,Unknown,0.7099465727806091,NA,NA,NA,NA,NA,NA,NA,NA,NA
x33941_1176_8794_14_11,1176.8794,14.11,18:4,33941,Unknown,NA,C76H113N5O5,[M + H]+,C76H113N5O5,Unknown,0.7689680457115173,Unknown,0.5905520915985107,Unknown,0.1268206536769867,Unknown,0.5840096473693848,NA,NA,NA,NA,NA,NA,NA,NA,NA
x36682_840_70831_14_908,840.70831,14.908,18:5,36682,Triacylglycerols,TAG(14:0/14:0/22:6) [M+NH4]+,C51H95NO6,[M + Na]+,C51H95NO6,Fatty acids,0.999992609024048,Glycerolipids,0.9975212216377258,Triacylglycerols,0.9989699125289916,Triacylglycerols,0.9994168281555176,NA,NA,NA,NA,NA,Glycerolipid,Triacylglycerols,Triacylglycerols,TAG(14:0/14:0/22:6) [M+NH4]+
x35034_812_67659_14_391,812.67659,14.391,18:5,35034,Triacylglycerols,TAG(12:0/14:0/22:6) [M+NH4]+,NA,NA,NA,Unknown,NA,Unknown,NA,Unknown,NA,Unknown,NA,NA,NA,NA,NA,NA,Glycerolipid,Triacylglycerols,Triacylglycerols,TAG(12:0/14:0/22:6) [M+NH4]+
x32843_886_69011_13_855,886.69011,13.855,18:5,32843,Triacylglycerols,TAG(18:3/18:3/18:5) [M+NH4]+,C55H93NO6,[M + Na]+,C55H93NO6,Fatty acids,0.987296223640442,Unknown,0.40106552839279175,Unknown,0.7604035139083862,N-acyl amines,0.9419755935668944,NA,NA,NA,NA,NA,Glycerolipid,Triacylglycerols,Triacylglycerols,TAG(18:3/18:3/18:5) [M+NH4]+
x32116_834_66085_13_702,834.66085,13.702,18:5,32116,Triacylglycerols,TAG(14:0/18:4/18:5) [M+NH4]+,NA,NA,NA,Unknown,NA,Unknown,NA,Unknown,NA,Unknown,NA,NA,NA,NA,NA,NA,Glycerolipid,Triacylglycerols,Triacylglycerols,TAG(14:0/18:4/18:5) [M+NH4]+
x30624_934_69125_13_357,934.69125,13.357,18:5,30624,Triacylglycerols,TAG(18:4/18:5/22:6) [M+NH4]+,C59H93NO6,[M + Na]+,C59H93NO6,Fatty acids,0.8860838413238525,Unknown,0.25033140182495117,Unknown,0.437745600938797,Unknown,0.518738865852356,NA,NA,NA,NA,NA,Glycerolipid,Triacylglycerols,Triacylglycerols,TAG(18:4/18:5/22:6) [M+NH4]+
x40099_884_8047_16_271,884.8047,16.271,18:5,40099,Unknown,NA,NA,NA,NA,Unknown,NA,Unknown,NA,Unknown,NA,Unknown,NA,NA,NA,NA,NA,NA,NA,NA,NA,NA
x30910_884_6747_13_432,884.6747,13.432,18:5,30910,Triacylglycerols,TAG(18:3/18:4/18:5) [M+NH4]+,C52H89N3O8,[M + H]+,C52H89N3O8,Polyketides,0.8662421107292175,Unknown,0.8183837532997131,Unknown,0.4762846827507019,Unknown,0.5391249060630798,NA,NA,NA,NA,NA,Glycerolipid,Triacylglycerols,Triacylglycerols,TAG(18:3/18:4/18:5) [M+NH4]+
x33948_836_67639_14_12,836.67639,14.12,18:5,33948,Triacylglycerols,TAG(14:0/18:3/18:5) [M+NH4]+,NA,NA,NA,Unknown,NA,Unknown,NA,Unknown,NA,Unknown,NA,NA,NA,NA,NA,NA,Glycerolipid,Triacylglycerols,Triacylglycerols,TAG(14:0/18:3/18:5) [M+NH4]+
x34551_862_69022_14_264,862.69022,14.264,18:5,34551,Triacylglycerols,TAG(16:0/18:4/18:5) [M+NH4]+,C50H91N3O8,[M + H]+,C50H91N3O8,Unknown,0.6849252581596375,Unknown,0.8277093768119812,Unknown,0.7709492444992065,Unknown,0.6135317087173462,NA,NA,NA,NA,NA,Glycerolipid,Triacylglycerols,Triacylglycerols,TAG(16:0/18:4/18:5) [M+NH4]+
x7702_375_30469_4_456,375.30469,4.456,18:5,7702,Unknown,NA,C28H38,[M + H]+,C28H38,Terpenoids,0.9821081757545472,Unknown,0.1495671421289444,Unknown,0.06426526606082916,Unknown,0.5596135258674622,NA,NA,NA,NA,NA,NA,NA,NA,NA
x22221_794_56835_10_572,794.56835,10.572,18:5,22221,Unknown,NA,C50H77NO5,[M + Na]+,C50H77NO5,Unknown,0.6011407375335693,Unknown,0.1576359122991562,Unknown,0.23730725049972537,Unknown,0.792066216468811,NA,NA,NA,NA,NA,NA,NA,NA,NA
x32158_860_67562_13_71,860.67562,13.71,18:5,32158,Triacylglycerols,TAG(16:0/18:5/18:5) [M+NH4]+,C53H91NO6,[M + Na]+,C53H91NO6,Fatty acids,0.991094708442688,Unknown,0.2798555791378021,Unknown,0.41693636775016785,Unknown,0.5497766137123108,NA,NA,NA,NA,NA,Glycerolipid,Triacylglycerols,Triacylglycerols,TAG(16:0/18:5/18:5) [M+NH4]+
x15081_626_47876_7_327,626.47876,7.327,18:5,15081,Diacylglycerols,DAG(36:8) [M+NH4]+,NA,NA,NA,Unknown,NA,Unknown,NA,Unknown,NA,Unknown,NA,NA,NA,NA,NA,NA,Glycerolipid,Diacylglycerols,Diacylglycerols,DAG(36:8) [M+NH4]+
x17823_628_49317_8_423,628.49317,8.423,18:5,17823,Diacylglycerols,DAG(36:7) [M+NH4]+,NA,NA,NA,Unknown,NA,Unknown,NA,Unknown,NA,Unknown,NA,NA,NA,NA,NA,NA,Glycerolipid,Diacylglycerols,Diacylglycerols,DAG(36:7) [M+NH4]+
x35917_864_70597_14_639,864.70597,14.639,18:5,35917,Triacylglycerols,TAG(14:0/18:3/20:5) / (16:0/18:3/18:5) [M+NH4]+,C53H95NO6,[M + Na]+,C53H95NO6,Fatty acids,0.9997509121894836,Glycerolipids,0.9652019739151,Triacylglycerols,0.994840919971466,Triacylglycerols,0.9374083876609802,NA,NA,NA,NA,NA,Glycerolipid,Triacylglycerols,Triacylglycerols,TAG(14:0/18:3/20:5) / (16:0/18:3/18:5) [M+NH4]+
x14054_624_46299_6_883,624.46299,6.883,18:5,14054,Diacylglycerols,DAG(18:4/18:5) [M+NH4]+,C39H61NO5,[M + H]+,C39H61NO5,Unknown,0.7502256035804749,Unknown,0.7807322144508362,Unknown,0.22871409356594088,Unknown,0.811678409576416,NA,NA,NA,NA,NA,Glycerolipid,Diacylglycerols,Diacylglycerols,DAG(18:4/18:5) [M+NH4]+
x3477_424_31823_3_083,424.31823,3.083,18:5,3477,Unknown,dopamine-C20:3,C21H38FN7O,[M + H]+,C21H38FN7O,Alkaloids,0.9993125200271606,Unknown,0.46155139803886414,Unknown,0.18947207927703855,Unknown,0.6289271712303162,0.852216,4.24335,dopamine-C20:3,Phenols,Benzenediols,NA,NA,NA,NA
x32504_936_70591_13_788,936.70591,13.788,18:5,32504,Triacylglycerols,TAG(18:4/18:4/22:6) [M+NH4]+,C68H89NO,[M + H]+,C68H89NO,Unknown,0.35304513573646545,Unknown,0.11245344579219818,Unknown,0.00814030971378088,Unknown,0.6239204406738281,NA,NA,NA,NA,NA,Glycerolipid,Triacylglycerols,Triacylglycerols,TAG(18:4/18:4/22:6) [M+NH4]+
x36738_814_69203_14_924,814.69203,14.924,18:5,36738,Unknown,NA,C51H91NO6,[M + H]+,C51H91NO6,Fatty acids,0.9951985478401184,Unknown,0.3225032091140747,Unknown,0.17529723048210144,N-acyl amines,0.9782829284667968,NA,NA,NA,NA,NA,NA,NA,NA,NA
x21669_630_50796_10_315,630.50796,10.315,18:5,21669,Unknown,NA,NA,NA,NA,Unknown,NA,Unknown,NA,Unknown,NA,Unknown,NA,NA,NA,NA,NA,NA,NA,NA,NA,NA
x29033_882_65644_12_996,882.65644,12.996,18:5,29033,Triacylglycerols,TAG(18:4/18:4/18:5) [M+NH4]+,NA,NA,NA,Unknown,NA,Unknown,NA,Unknown,NA,Unknown,NA,NA,NA,NA,NA,NA,Glycerolipid,Triacylglycerols,Triacylglycerols,TAG(18:4/18:4/18:5) [M+NH4]+
x6370_361_28909_4_052,361.28909,4.052,18:5,6370,Unknown,NA,C27H36,[M + H]+,C27H36,Terpenoids,0.9731191396713256,Unknown,0.24866999685764313,Unknown,0.05557230859994888,Unknown,0.7945255041122437,NA,NA,NA,NA,NA,NA,NA,NA,NA
x35158_888_70456_14_422,888.70456,14.422,18:5,35158,Triacylglycerols,TAG(14:0/18:4/22:6) / (16:0/18:5/20:5) [M+NH4]+,C55H95NO6,[M + Na]+,C55H95NO6,Fatty acids,0.9954611659049988,Unknown,0.5580595135688782,Unknown,0.7600768804550171,N-acyl amines,0.9412687420845032,NA,NA,NA,NA,NA,Glycerolipid,Triacylglycerols,Triacylglycerols,TAG(14:0/18:4/22:6) / (16:0/18:5/20:5) [M+NH4]+
x32755_784_64567_13_832,784.64567,13.832,18:5,32755,Unknown,NA,C49H85NO6,[M + H]+,C49H85NO6,Fatty acids,0.9941595792770386,Unknown,0.3881940543651581,Unknown,0.4427223801612854,N-acyl-alpha amino acids,0.9030203819274902,NA,NA,NA,NA,NA,NA,NA,NA,NA
x15078_650_47714_7_349,650.47714,7.349,18:5,15078,Diacylglycerols,DAG(38:10) [M+NH4]+,C39H65NO5,[M + Na]+,C39H65NO5,Fatty acids,0.9151990413665771,Unknown,0.5578347444534302,Unknown,0.10955678671598434,Unknown,0.6315106153488159,NA,NA,NA,NA,NA,Glycerolipid,Diacylglycerols,Diacylglycerols,DAG(38:10) [M+NH4]+
x16493_626_47879_7_895,626.47879,7.895,18:5,16493,Diacylglycerols,DAG(36:8) [M+NH4]+,NA,NA,NA,Unknown,NA,Unknown,NA,Unknown,NA,Unknown,NA,NA,NA,NA,NA,NA,Glycerolipid,Diacylglycerols,Diacylglycerols,DAG(36:8) [M+NH4]+
x29479_806_62812_13_111,806.62812,13.111,18:5,29479,Unknown,NA,NA,NA,NA,Unknown,NA,Unknown,NA,Unknown,NA,Unknown,NA,NA,NA,NA,NA,NA,NA,NA,NA,NA
x34968_786_66088_14_374,786.66088,14.374,18:5,34968,Triacylglycerols,TAG(12:0/14:0/20:5) [M+NH4]+,C49H87NO6,[M + H]+,C49H87NO6,Fatty acids,0.9800609350204468,Unknown,0.6350134015083313,Unknown,0.4676845371723175,N-acyl amines,0.9214251041412354,NA,NA,NA,NA,NA,Glycerolipid,Triacylglycerols,Triacylglycerols,TAG(12:0/14:0/20:5) [M+NH4]+
x31400_808_64409_13_55,808.64409,13.55,18:5,31400,Unknown,NA,NA,NA,NA,Unknown,NA,Unknown,NA,Unknown,NA,Unknown,NA,NA,NA,NA,NA,NA,NA,NA,NA,NA
x5543_432_28992_3_764,432.28992,3.764,18:5,5543,Unknown,NA,C29H37NO2,[M + H]+,C29H37NO2,Unknown,0.7721260190010071,Unknown,0.5410210490226746,Unknown,0.17474797368049622,Unknown,0.6161807179450989,NA,NA,NA,NA,NA,NA,NA,NA,NA
x10165_450_33819_5_34,450.33819,5.34,18:5,10165,Unknown,NA,C30H43NO2,[M + H]+,C30H43NO2,Unknown,0.43936887383461,Unknown,0.17340689897537231,Unknown,0.18296808004379272,Unknown,0.8098655343055725,NA,NA,NA,NA,NA,NA,NA,NA,NA
x679_378_26457_1_172,378.26457,1.172,18:5,679,Unknown,NA,C22H35NO4,[M + H]+,C22H35NO4,Fatty acids,0.9930311441421508,Fatty amides,0.8628830313682556,Unknown,0.5672001838684082,Unknown,0.597436249256134,NA,NA,NA,NA,NA,NA,NA,NA,NA
x35700_914_72082_14_575,914.72082,14.575,18:5,35700,Triacylglycerols,TAG(14:0/20:5/22:6) [M+NH4]+,C57H97NO6,[M + Na]+,C57H97NO6,Fatty acids,0.9904145002365112,Unknown,0.16247570514678955,Unknown,0.4793285429477692,N-acyl amines,0.95359039306640625,NA,NA,NA,NA,NA,Glycerolipid,Triacylglycerols,Triacylglycerols,TAG(14:0/20:5/22:6) [M+NH4]+
x13222_626_47888_6_549,626.47888,6.549,18:5,13222,Diacylglycerols,DAG(36:8) [M+NH4]+,NA,NA,NA,Unknown,NA,Unknown,NA,Unknown,NA,Unknown,NA,NA,NA,NA,NA,NA,Glycerolipid,Diacylglycerols,Diacylglycerols,DAG(36:8) [M+NH4]+
x10656_596_43108_5_49,596.43108,5.49,18:5,10656,Unknown,NA,NA,NA,NA,Unknown,NA,Unknown,NA,Unknown,NA,Unknown,NA,NA,NA,NA,NA,NA,NA,NA,NA,NA
x16633_676_49582_7_965,676.49582,7.965,18:5,16633,Diacylglycerols,DAG(18:5/22:6) [M+NH4]+,NA,NA,NA,Unknown,NA,Unknown,NA,Unknown,NA,Unknown,NA,NA,NA,NA,NA,NA,Glycerolipid,Diacylglycerols,Diacylglycerols,DAG(18:5/22:6) [M+NH4]+
x955_362_26961_1_331,362.26961,1.331,18:5,955,Unknown,NA,C22H35NO3,[M + H]+,C22H35NO3,Terpenoids,0.9216632843017578,Diterpenoids,0.9242899417877196,Unknown,0.2966621220111847,Diterpenoids,0.8520505428314209,NA,NA,NA,NA,NA,NA,NA,NA,NA
x11753_630_47311_5_925,630.47311,5.925,18:5,11753,Unknown,NA,NA,NA,NA,Unknown,NA,Unknown,NA,Unknown,NA,Unknown,NA,NA,NA,NA,NA,NA,NA,NA,NA,NA
x2816_348_28902_2_72,348.28902,2.72,18:5,2816,Unknown,NA,C22H37NO2,[M + H]+,C22H37NO2,Fatty acids,0.9988368153572084,Fatty amides,0.9710503816604614,Unknown,0.48399269580841064,N-acyl amines,0.9274423122406006,NA,NA,NA,NA,NA,NA,NA,NA,NA
x1245_346_27417_1_54,346.27417,1.54,18:5,1245,Unknown,NA,C22H35NO2,[M + H]+,C22H35NO2,Unknown,0.6740701794624329,Unknown,0.3958533704280853,Unknown,0.370305448770523,Unknown,0.5008319020271301,NA,NA,NA,NA,NA,NA,NA,NA,NA
x6598_616_43583_4_114,616.43583,4.114,18:5,6598,Unknown,NA,C38H59NO4,[M + Na]+,C38H59NO4,Fatty acids,0.9485918283462524,Unknown,0.11863211542367937,Unknown,0.25546592473983765,Unknown,0.573355495929718,NA,NA,NA,NA,NA,NA,NA,NA,NA
x1201_422_29107_1_477,422.29107,1.477,18:5,1201,Unknown,NA,C23H37N5O,[M + Na]+,C23H37N5O,Unknown,0.6038761734962463,Unknown,0.40210196375846863,Unknown,0.3222348690032959,Unknown,0.8154872059822083,NA,NA,NA,NA,NA,NA,NA,NA,NA
x7524_460_32276_4_393,460.32276,4.393,18:5,7524,Unknown,NA,C31H41NO2,[M + H]+,C31H41NO2,Unknown,0.5104775428771973,Unknown,0.4977656900882721,Unknown,0.12444545328617096,Unknown,0.6886383295059204,NA,NA,NA,NA,NA,NA,NA,NA,NA
x2676_428_27888_2_527,428.27888,2.527,18:5,2676,Unknown,NA,C24H39NO4,[M + Na]+,C24H39NO4,Unknown,0.5148798823356628,Unknown,0.675008237361908,Unknown,0.4275404214859009,Unknown,0.5695825219154358,NA,NA,NA,NA,NA,NA,NA,NA,NA
x28281_880_64209_12_799,880.64209,12.799,18:5,28281,Unknown,NA,C55H87NO6,[M + Na]+,C55H87NO6,Fatty acids,0.950154185295105,Unknown,0.4267747700214386,Unknown,0.2928397059440613,Unknown,0.5224261283874512,NA,NA,NA,NA,NA,NA,NA,NA,NA
x31335_832_64262_13_521,832.64262,13.521,18:5,31335,Unknown,NA,NA,NA,NA,Unknown,NA,Unknown,NA,Unknown,NA,Unknown,NA,NA,NA,NA,NA,NA,NA,NA,NA,NA
x4619_374_2685_3_504,374.2685,3.504,18:5,4619,Unknown,NA,C23H35NO3,[M + H]+,C23H35NO3,Unknown,0.4111515283584595,Unknown,0.45707252621650696,Unknown,0.6879231929779053,N-acyl amines,0.9189878106117249,NA,NA,NA,NA,NA,NA,NA,NA,NA
x18553_552_44195_8_719,552.44195,8.719,18:5,18553,Unknown,NA,C36H57NO3,[M + H]+,C36H57NO3,Terpenoids,0.9582383036613464,Unknown,0.29462000727653503,Unknown,0.2231460064649582,Delta-5-steroids,0.9301314353942872,NA,NA,NA,NA,NA,NA,NA,NA,NA
x32752_758_63052_13_821,758.63052,13.821,18:5,32752,Unknown,NA,C47H83NO6,[M + H]+,C47H83NO6,Fatty acids,0.95333594083786,Unknown,0.7405889630317688,Unknown,0.3980115056037903,Unknown,0.8363945484161377,NA,NA,NA,NA,NA,NA,NA,NA,NA
x8581_568_39941_4_749,568.39941,4.749,18:5,8581,Unknown,NA,NA,NA,NA,Unknown,NA,Unknown,NA,Unknown,NA,Unknown,NA,NA,NA,NA,NA,NA,NA,NA,NA,NA
x33866_860_67223_14_076,860.67223,14.076,18:5,33866,Triacylglycerols,TAG(16:0/18:5/18:5) [M+NH4]+,C53H91NO6,[M + Na]+,C53H91NO6,Fatty acids,0.997993230819702,Unknown,0.7047882080078125,Triacylglycerols,0.9453401565551758,N-acyl amines,0.9109528064727784,NA,NA,NA,NA,NA,Glycerolipid,Triacylglycerols,Triacylglycerols,TAG(16:0/18:5/18:5) [M+NH4]+
x6135_586_40985_3_959,586.40985,3.959,18:5,6135,Unknown,NA,C33H57NO6,[M + Na]+,C33H57NO6,Fatty acids,0.8902519941329956,Unknown,0.612505316734314,Unknown,0.5197620987892151,Prostaglandins and related compounds,0.8797224760055542,NA,NA,NA,NA,NA,NA,NA,NA,NA
x6789_436_28584_4_175,436.28584,4.175,18:5,6789,Unknown,NA,C28H37NO3,[M + H]+,C28H37NO3,Unknown,0.4499339461326599,Unknown,0.0723709911108017,Unknown,0.02847920358180999,Unknown,0.6435089111328125,NA,NA,NA,NA,NA,NA,NA,NA,NA
x16050_600_46533_7_69,600.46533,7.69,18:5,16050,Diacylglycerols,DAG(18:5/16:2) [M+NH4]+,C34H65NO5S,[M + H]+,C34H65NO5S,Fatty acids,0.9694550037384032,Steroids,0.909819722175598,Unknown,0.8359341025352478,Unknown,0.6116787791252136,NA,NA,NA,NA,NA,Glycerolipid,Diacylglycerols,Diacylglycerols,DAG(18:5/16:2) [M+NH4]+
x1247_360_2899_1_547,360.2899,1.547,18:5,1247,Unknown,NA,C20H38FNO3,[M + H]+,C20H38FNO3,Unknown,0.4075988531112671,Unknown,0.5752967596054077,Unknown,0.2183516025543213,Unknown,0.7745788097381592,NA,NA,NA,NA,NA,NA,NA,NA,NA
x7035_375_30577_4_226,375.30577,4.226,18:5,7035,Unknown,NA,C28H38,[M + H]+,C28H38,Terpenoids,0.9806733131408693,Unknown,0.434401422739029,Unknown,0.11661671847105026,Unknown,0.5956069231033325,NA,NA,NA,NA,NA,NA,NA,NA,NA
x21463_604_49447_10_242,604.49447,10.242,18:5,21463,Unknown,NA,NA,NA,NA,Unknown,NA,Unknown,NA,Unknown,NA,Unknown,NA,NA,NA,NA,NA,NA,NA,NA,NA,NA
x13060_622_4464_6_451,622.4464,6.451,18:5,13060,Unknown,NA,C37H61NO5,[M + Na]+,C37H61NO5,Unknown,0.8235415816307068,Unknown,0.35483208298683167,Unknown,0.10325069725513458,Unknown,0.6427834630012512,NA,NA,NA,NA,NA,NA,NA,NA,NA
x19037_628_49403_8_922,628.49403,8.922,18:5,19037,Unknown,NA,NA,NA,NA,Unknown,NA,Unknown,NA,Unknown,NA,Unknown,NA,NA,NA,NA,NA,NA,NA,NA,NA,NA
x7732_448_32252_4_446,448.32252,4.446,18:5,7732,Unknown,NA,C30H41NO2,[M + H]+,C30H41NO2,Unknown,0.7468016743659973,Unknown,0.6908922791481018,Unknown,0.3554444909095764,Unknown,0.8394263386726379,NA,NA,NA,NA,NA,NA,NA,NA,NA
x2940_370_27309_2_755,370.27309,2.755,18:5,2940,Unknown,NA,C24H35NO2,[M + H]+,C24H35NO2,Unknown,0.1889330893754959,Unknown,0.3117891550064087,Unknown,0.292229026556015,Unknown,0.5939581990242004,NA,NA,NA,NA,NA,NA,NA,NA,NA
x6765_618_45347_4_191,618.45347,4.191,18:5,6765,Unknown,NA,C40H59NO4,[M + H]+,C40H59NO4,Unknown,0.5475389957427979,Unknown,0.32980331778526306,Unknown,0.1759594827890396,Unknown,0.5745652318000793,NA,NA,NA,NA,NA,NA,NA,NA,NA
x670_386_26895_1_18,386.26895,1.18,18:5,670,Unknown,NA,NA,NA,NA,Unknown,NA,Unknown,NA,Unknown,NA,Unknown,NA,NA,NA,NA,NA,NA,NA,NA,NA,NA
x9035_436_32357_4_999,436.32357,4.999,18:5,9035,Unknown,NA,C26H42FNO3,[M + H]+,C26H42FNO3,Unknown,0.3284767270088196,Steroids,0.8946939706802368,Unknown,0.4409255981445313,Unknown,0.8202610611915588,NA,NA,NA,NA,NA,NA,NA,NA,NA
x8073_422_30802_4_503,422.30802,4.503,18:5,8073,Unknown,NA,C22H39BN2O5,[M + H]+,C22H39BN2O5,Unknown,0.6917559504508972,Unknown,0.8285729885101318,Unknown,0.4945313036441803,Alpha amino acids and derivatives,0.8960644006729126,NA,NA,NA,NA,NA,NA,NA,NA,NA
x3710_376_28614_3_171,376.28614,3.171,18:5,3710,Unknown,NA,C23H37NO3,[M + H]+,C23H37NO3,Fatty acids,0.9602731466293336,Unknown,0.7906264066696167,Unknown,0.316042423248291,Unknown,0.8419117331504822,NA,NA,NA,NA,NA,NA,NA,NA,NA
x3452_452_31375_3_039,452.31375,3.039,18:5,3452,Unknown,NA,C29H41NO3,[M + H]+,C29H41NO3,Unknown,0.7621687054634094,Unknown,0.107945054769516,Unknown,0.12590402364730835,Unknown,0.514056384563446,NA,NA,NA,NA,NA,NA,NA,NA,NA
x29715_818_62564_13_187,818.62564,13.187,18:5,29715,Unknown,NA,C50H85NO6,[M + Na]+,C50H85NO6,Fatty acids,0.9693197011947632,Unknown,0.4552004039287567,Unknown,0.2869168221950531,N-acyl amines,0.9547747373580932,NA,NA,NA,NA,NA,NA,NA,NA,NA
x2807_422_30783_2_705,422.30783,2.705,18:5,2807,Unknown,NA,C22H39BN2O5,[M + H]+,C22H39BN2O5,Unknown,0.5771089792251587,Unknown,0.07165250182151794,Unknown,0.05699675902724266,Unknown,0.6889857053756714,NA,NA,NA,NA,NA,NA,NA,NA,NA
x9017_446_3069_4_904,446.3069,4.904,18:5,9017,Unknown,NA,C30H39NO2,[M + H]+,C30H39NO2,Unknown,0.8070059418678284,Unknown,0.3215462863445282,Unknown,0.4414191544055938,Diphenylmethanes,0.9115240573883056,NA,NA,NA,NA,NA,NA,NA,NA,NA
x7885_592_43866_4_517,592.43866,4.517,18:5,7885,Unknown,NA,C38H57NO4,[M + H]+,C38H57NO4,Fatty acids,0.9588941931724548,Unknown,0.6016855239868164,Unknown,0.3132122755050659,Unknown,0.8280231952667236,NA,NA,NA,NA,NA,NA,NA,NA,NA
x11615_733_58823_5_867,733.58823,5.867,18:5,11615,Unknown,NA,C45H78N2O4,[M + Na]+,C45H78N2O4,Unknown,0.6182785630226135,Unknown,0.22211556136608124,Unknown,0.46442022919654846,N-acyl amines,0.943512797355652,NA,NA,NA,NA,NA,NA,NA,NA,NA
x2974_424_3205_2_901,424.3205,2.901,18:5,2974,Unknown,NA,C28H41NO2,[M + H]+,C28H41NO2,Unknown,0.7260320782661438,Unknown,0.3946690261363983,Unknown,0.6159232258796692,Unknown,0.7523818612098694,NA,NA,NA,NA,NA,NA,NA,NA,NA
x3236_386_3044_3_003,386.3044,3.003,18:5,3236,Unknown,NA,C25H39NO2,[M + H]+,C25H39NO2,Unknown,0.6784989237785339,Unknown,0.6558026075363159,Unknown,0.3489156663417816,Unknown,0.518062949180603,NA,NA,NA,NA,NA,NA,NA,NA,NA
x3799_384_29177_3_24,384.29177,3.24,18:5,3799,Unknown,NA,C22H38FNO3,[M + H]+,C22H38FNO3,Unknown,0.6941186189651489,Unknown,0.7333600521087646,Unknown,0.3424397110939026,Unknown,0.6174956560134888,NA,NA,NA,NA,NA,NA,NA,NA,NA
x3107_384_29185_2_898,384.29185,2.898,18:5,3107,Unknown,NA,C22H38FNO3,[M + H]+,C22H38FNO3,Unknown,0.6506547331809998,Unknown,0.53538578748703,Unknown,0.23424983024597168,Lipids and lipid-like molecules,0.8807406425476074,NA,NA,NA,NA,NA,NA,NA,NA,NA
x41557_906_85001_17_283,906.85001,17.283,20:0,41557,Triacylglycerols,TAG(16:0/18:1/20:0) / (16:0/18:0/20:1) [M+NH4]+,NA,NA,NA,Unknown,NA,Unknown,NA,Unknown,NA,Unknown,NA,NA,NA,NA,NA,NA,Glycerolipid,Triacylglycerols,Triacylglycerols,TAG(16:0/18:1/20:0) / (16:0/18:0/20:1) [M+NH4]+
x13131_400_41481_6_499,400.41481,6.499,20:0,13131,Unknown,NA,C25H53NO2,[M + H]+,C25H53NO2,Fatty acids,0.9966692328453064,Unknown,0.6269502639770508,Unknown,0.25153055787086487,Unknown,0.6337081789970398,NA,NA,NA,NA,NA,NA,NA,NA,NA
x25055_562_51783_11_925,562.51783,11.925,20:0,25055,Unknown,NA,C36H67NO3,[M + H]+,C36H67NO3,Fatty acids,0.865821361541748,Unknown,0.1680561900138855,Unknown,0.03914479538798332,N-acyl amines,0.9577726721763612,NA,NA,NA,NA,NA,NA,NA,NA,NA
x33099_718_63424_13_916,718.63424,13.916,20:0,33099,Diacylglycerols,DAG(20:0/22:4) [M+NH4]+,NA,NA,NA,Unknown,NA,Unknown,NA,Unknown,NA,Unknown,NA,NA,NA,NA,NA,NA,Glycerolipid,Diacylglycerols,Diacylglycerols,DAG(20:0/22:4) [M+NH4]+
x11459_386_39885_5_793,386.39885,5.793,20:0,11459,Unknown,NA,C24H51NO2,[M + H]+,C24H51NO2,Fatty acids,0.9989848732948304,Unknown,0.7739361524581909,Unknown,0.567651093006134,N-acyl amines,0.9348374009132384,NA,NA,NA,NA,NA,NA,NA,NA,NA
x19755_486_45229_9_263,486.45229,9.263,20:0,19755,Unknown,NA,C29H59NO4,[M + H]+,C29H59NO4,Unknown,0.6758213639259338,Unknown,0.4538428485393524,Unknown,0.1978586912155151,Unknown,0.7008834481239319,NA,NA,NA,NA,NA,NA,NA,NA,NA
x40198_954_88717_16_294,954.88717,16.294,20:0,40198,Triacylglycerols,NA,C62H115NO5,[M + H]+,C62H115NO5,Fatty acids,0.9969653487205504,Unknown,0.6040215492248535,Triacylglycerols,0.9668344855308532,N-acyl amines,0.9400498270988464,NA,NA,NA,NA,NA,NA,NA,NA,NA
x30217_714_60114_13_253,714.60114,13.253,20:0,30217,Unknown,NA,NA,NA,NA,Unknown,NA,Unknown,NA,Unknown,NA,Unknown,NA,NA,NA,NA,NA,NA,NA,NA,NA,NA
x8998_434_39937_4_917,434.39937,4.917,20:0,8998,Unknown,NA,NA,NA,NA,Unknown,NA,Unknown,NA,Unknown,NA,Unknown,NA,NA,NA,NA,NA,NA,NA,NA,NA,NA
x11686_462_43131_5_884,462.43131,5.884,20:0,11686,Unknown,NA,C30H55NO2,[M + H]+,C30H55NO2,Unknown,0.7508471012115479,Unknown,0.6895413994789124,Unknown,0.3643952012062073,Unknown,0.5002555847167969,NA,NA,NA,NA,NA,NA,NA,NA,NA
x17301_518_45776_8_248,518.45776,8.248,20:0,17301,Unknown,NA,C33H59NO3,[M + H]+,C33H59NO3,Unknown,0.7782645225524902,Steroids,0.9354493021965028,Unknown,0.5286210775375366,Unknown,0.5704309940338135,NA,NA,NA,NA,NA,NA,NA,NA,NA
x25287_486_43167_11_994,486.43167,11.994,20:0,25287,Unknown,NA,C32H55NO2,[M + H]+,C32H55NO2,Unknown,0.8357782959938049,Unknown,0.7259454131126404,Unknown,0.18366357684135437,Unknown,0.5927799344062805,NA,NA,NA,NA,NA,NA,NA,NA,NA
x32044_718_63474_13_712,718.63474,13.712,20:0,32044,Diacylglycerols,DAG(20:0/22:4) [M+NH4]+,NA,NA,NA,Unknown,NA,Unknown,NA,Unknown,NA,Unknown,NA,NA,NA,NA,NA,NA,Glycerolipid,Diacylglycerols,Diacylglycerols,DAG(20:0/22:4) [M+NH4]+
x14552_478_42539_7_095,478.42539,7.095,20:0,14552,Unknown,NA,C28H57NO3,[M + Na]+,C28H57NO3,Fatty acids,0.9758029580116272,Unknown,0.6498963236808777,Unknown,0.22512872517108917,Unknown,0.6062192916870117,NA,NA,NA,NA,NA,NA,NA,NA,NA
x40554_942_88762_16_477,942.88762,16.477,20:0,40554,MADAG,MADAG(O-16:0/20:4/22:0) [M+NH4]+,NA,NA,NA,Unknown,NA,Unknown,NA,Unknown,NA,Unknown,NA,NA,NA,NA,NA,NA,Glycerolipid,Monoalkyldiacylglycerols,MADAG,MADAG(O-16:0/20:4/22:0) [M+NH4]+
x8202_484_41591_4_603,484.41591,4.603,20:0,8202,Unknown,NA,C32H53NO2,[M + H]+,C32H53NO2,Unknown,0.7650749087333679,Unknown,0.8009911179542542,Unknown,0.39199844002723694,Unknown,0.6999388933181763,NA,NA,NA,NA,NA,NA,NA,NA,NA
x29002_596_5977_13_006,596.5977,13.006,20:0,29002,Unknown,NA,NA,NA,NA,Unknown,NA,Unknown,NA,Unknown,NA,Unknown,NA,NA,NA,NA,NA,NA,NA,NA,NA,NA
x20616_731_60026_9_71,731.60026,9.71,20:0,20616,Unknown,NA,C41H84N2O4P2,[M + H]+,C41H84N2O4P2,Fatty acids,0.9994601607322692,Unknown,0.4478342533111572,Unknown,0.8206492066383362,N-acyl amines,0.9311670064926147,NA,NA,NA,NA,NA,NA,NA,NA,NA
x31501_666_60215_13_574,666.60215,13.574,20:0,31501,Unknown,NA,NA,NA,NA,Unknown,NA,Unknown,NA,Unknown,NA,Unknown,NA,NA,NA,NA,NA,NA,NA,NA,NA,NA
x14687_596_56329_7_224,596.56329,7.224,20:0,14687,Unknown,NA,C37H73NO4,[M + H]+,C37H73NO4,Fatty acids,0.9279904961586,Unknown,0.6075893044471741,Unknown,0.4999186992645264,Unknown,0.8416123390197754,NA,NA,NA,NA,NA,NA,NA,NA,NA
x27032_644_61759_12_472,644.61759,12.472,20:0,27032,Unknown,NA,NA,NA,NA,Unknown,NA,Unknown,NA,Unknown,NA,Unknown,NA,NA,NA,NA,NA,NA,NA,NA,NA,NA
x10172_448_41503_5_335,448.41503,5.335,20:0,10172,Unknown,NA,C29H53NO2,[M + H]+,C29H53NO2,Fatty acids,0.986244022846222,Fatty amides,0.870543897151947,Unknown,0.3481387197971344,N-acyl amines,0.9767451882362366,NA,NA,NA,NA,NA,NA,NA,NA,NA
x10527_386_39939_5_45,386.39939,5.45,20:0,10527,Unknown,NA,C24H51NO2,[M + H]+,C24H51NO2,Fatty acids,0.9994955062866212,Fatty amides,0.8773562908172607,Unknown,0.11060664802789688,N-acyl amines,0.912229299545288,NA,NA,NA,NA,NA,NA,NA,NA,NA
x12151_438_39524_6_076,438.39524,6.076,20:0,12151,Unknown,NA,NA,NA,NA,Unknown,NA,Unknown,NA,Unknown,NA,Unknown,NA,NA,NA,NA,NA,NA,NA,NA,NA,NA
x31620_596_59838_13_6,596.59838,13.6,20:0,31620,Unknown,NA,C38H77NO3,[M + H]+,C38H77NO3,Fatty acids,0.9875771999359132,Unknown,0.5889335870742798,Unknown,0.44268158078193665,Unknown,0.5832982659339905,NA,NA,NA,NA,NA,NA,NA,NA,NA
x6348_406_3685_4_054,406.3685,4.054,20:0,6348,Unknown,NA,C26H47NO2,[M + H]+,C26H47NO2,Fatty acids,0.9893688559532166,Fatty amides,0.8804796934127808,Unknown,0.7236568331718445,N-acyl amines,0.9827197790145874,NA,NA,NA,NA,NA,NA,NA,NA,NA
x30617_683_66743_13_35,683.66743,13.35,20:0,30617,Unknown,NA,C42H86N2O4,[M + H]+,C42H86N2O4,Fatty acids,0.9845516085624696,Unknown,0.8492298722267151,Unknown,0.7723323106765747,Unknown,0.544324517250061,NA,NA,NA,NA,NA,NA,NA,NA,NA
x21020_514_46226_9_961,514.46226,9.961,20:0,21020,Unknown,NA,C34H59NO2,[M + H]+,C34H59NO2,Unknown,0.7575331926345825,Unknown,0.6279234886169434,Unknown,0.523546576499939,N-acyl amines,0.994078516960144,NA,NA,NA,NA,NA,NA,NA,NA,NA
x14989_414_42971_7_291,414.42971,7.291,20:0,14989,Unknown,NA,C26H55NO2,[M + H]+,C26H55NO2,Fatty acids,0.985901951789856,Unknown,0.6846576929092407,Unknown,0.27175748348236084,Unknown,0.8342915773391724,NA,NA,NA,NA,NA,NA,NA,NA,NA
x7027_470_40051_4_269,470.40051,4.269,20:0,7027,Unknown,NA,C31H51NO2,[M + H]+,C31H51NO2,Unknown,0.6797220706939697,Unknown,0.803544819355011,Unknown,0.3688684105873108,Unknown,0.748701810836792,NA,NA,NA,NA,NA,NA,NA,NA,NA
x11876_586_52056_5_954,586.52056,5.954,20:0,11876,Unknown,NA,C38H67NO3,[M + H]+,C38H67NO3,Terpenoids,0.9659880995750428,Unknown,0.5254626870155334,Unknown,0.500499963760376,Unknown,0.5112164616584778,NA,NA,NA,NA,NA,NA,NA,NA,NA
x19690_663_53598_9_294,663.53598,9.294,20:0,19690,Unknown,NA,C44H70O4,[M + H]+,C44H70O4,Fatty acids,0.9363815784454346,Glycerolipids,0.8585066795349121,Unknown,0.8274744749069214,Unknown,0.7784751653671265,NA,NA,NA,NA,NA,NA,NA,NA,NA
x7986_488_4481_4_556,488.4481,4.556,20:0,7986,Unknown,NA,C32H57NO2,[M + H]+,C32H57NO2,Unknown,0.6574288606643677,Unknown,0.2708836793899536,Unknown,0.12026545405387878,Unknown,0.7837759256362915,NA,NA,NA,NA,NA,NA,NA,NA,NA
x14235_466_42578_6_942,466.42578,6.942,20:0,14235,Unknown,NA,C29H55NO3,[M + H]+,C29H55NO3,Fatty acids,0.9131535291671752,Unknown,0.643297016620636,Unknown,0.38936975598335266,Unknown,0.5152149796485901,NA,NA,NA,NA,NA,NA,NA,NA,NA
x18273_528_44218_8_54,528.44218,8.54,20:0,18273,Unknown,NA,C34H57NO3,[M + H]+,C34H57NO3,Terpenoids,0.9590421319007874,Unknown,0.5183107852935791,Unknown,0.8211405277252197,Unknown,0.8225286602973938,NA,NA,NA,NA,NA,NA,NA,NA,NA
x34000_700_66239_14_148,700.66239,14.148,20:0,34000,Unknown,NA,C46H85NO3,[M + H]+,C46H85NO3,Fatty acids,0.9905491471290588,Unknown,0.3831040859222412,Unknown,0.6430715322494507,N-acyl amines,0.990919828414917,NA,NA,NA,NA,NA,NA,NA,NA,NA
x32480_726_62219_13_783,726.62219,13.783,20:0,32480,Unknown,NA,C43H83NO7,[M + H]+,C43H83NO7,Fatty acids,0.9873110055923462,Sphingolipids,0.997674286365509,Unknown,0.36275359988212585,Unknown,0.705126166343689,NA,NA,NA,NA,NA,NA,NA,NA,NA
x29270_688_58681_13_036,688.58681,13.036,20:0,29270,Unknown,NA,NA,NA,NA,Unknown,NA,Unknown,NA,Unknown,NA,Unknown,NA,NA,NA,NA,NA,NA,NA,NA,NA,NA
x9814_398_39949_5_208,398.39949,5.208,20:0,9814,Unknown,NA,C25H51NO2,[M + H]+,C25H51NO2,Fatty acids,0.9942023158073424,Fatty amides,0.9158557057380676,Unknown,0.8183472156524658,N-acyl amines,0.9861278533935548,NA,NA,NA,NA,NA,NA,NA,NA,NA
x10157_488_35865_5_337,488.35865,5.337,20:0,10157,Unknown,NA,C26H49NO7,[M + H]+,C26H49NO7,Unknown,0.4774470031261444,Unknown,0.5861108899116516,Unknown,0.3892371356487274,Fatty acid esters,0.9592084884643556,NA,NA,NA,NA,NA,NA,NA,NA,NA
x30732_618_5812_13_373,618.5812,13.373,20:0,30732,Unknown,NA,C40H75NO3,[M + H]+,C40H75NO3,Unknown,0.644733190536499,Triterpenoids,0.9648477435112,Unknown,0.4104634821414947,Triterpenoids,0.947906255722046,NA,NA,NA,NA,NA,NA,NA,NA,NA
x12939_412_41518_6_438,412.41518,6.438,20:0,12939,Unknown,NA,C26H53NO2,[M + H]+,C26H53NO2,Fatty acids,0.9909161925315856,Sphingolipids,0.875542163848877,Unknown,0.41084349155426025,"1,2-aminoalcohols",0.99766206741333,NA,NA,NA,NA,NA,NA,NA,NA,NA
x10310_386_36167_5_381,386.36167,5.381,20:0,10310,Unknown,NA,C23H47NO3,[M + H]+,C23H47NO3,Fatty acids,0.997357189655304,Unknown,0.23593805730342865,Unknown,0.39330652356147766,Unknown,0.5473023653030396,NA,NA,NA,NA,NA,NA,NA,NA,NA
x4455_437_40916_3_496,437.40916,3.496,20:0,4455,Unknown,NA,C27H52N2O2,[M + H]+,C27H52N2O2,Alkaloids,0.8703218102455139,Unknown,0.3950387239456177,Unknown,0.5539699792861938,Unknown,0.7550198435783386,NA,NA,NA,NA,NA,NA,NA,NA,NA
x37372_778_72749_15_17,778.72749,15.17,20:0,37372,Unknown,NA,NA,NA,NA,Unknown,NA,Unknown,NA,Unknown,NA,Unknown,NA,NA,NA,NA,NA,NA,NA,NA,NA,NA
x28155_596_59972_12_777,596.59972,12.777,20:0,28155,Unknown,NA,NA,NA,NA,Unknown,NA,Unknown,NA,Unknown,NA,Unknown,NA,NA,NA,NA,NA,NA,NA,NA,NA,NA
x18190_522_45297_8_546,522.45297,8.546,20:0,18190,Unknown,NA,C32H59NO4,[M + H]+,C32H59NO4,Fatty acids,0.98199063539505,Unknown,0.7315708994865417,Unknown,0.3219882547855377,N-acyl amines,0.9662014245986938,NA,NA,NA,NA,NA,NA,NA,NA,NA
x15847_663_53721_7_552,663.53721,7.552,20:0,15847,Unknown,NA,C44H70O4,[M + H]+,C44H70O4,Unknown,0.815579891204834,Unknown,0.6589394807815552,Unknown,0.4463941156864166,Fatty acid esters,0.9763096570968628,NA,NA,NA,NA,NA,NA,NA,NA,NA
x14264_700_48006_7_027,700.48006,7.027,20:0,14264,Unknown,NA,NA,NA,NA,Unknown,NA,Unknown,NA,Unknown,NA,Unknown,NA,NA,NA,NA,NA,NA,NA,NA,NA,NA
x22430_719_59431_10_632,719.59431,10.632,20:0,22430,Unknown,NA,C43H78N2O6,[M + H]+,C43H78N2O6,Unknown,0.723129153251648,Unknown,0.5456066131591797,Unknown,0.21589335799217224,Amino acids and derivatives,0.9250114560127258,NA,NA,NA,NA,NA,NA,NA,NA,NA
x7451_458_39959_4_403,458.39959,4.403,20:0,7451,Unknown,NA,C30H51NO2,[M + H]+,C30H51NO2,Fatty acids,0.9912158250808716,Unknown,0.8094176650047302,Unknown,0.3029320240020752,Unknown,0.8031893372535706,NA,NA,NA,NA,NA,NA,NA,NA,NA
x33118_692_61561_13_883,692.61561,13.883,20:0,33118,Unknown,NA,NA,NA,NA,Unknown,NA,Unknown,NA,Unknown,NA,Unknown,NA,NA,NA,NA,NA,NA,NA,NA,NA,NA
x12484_570_52399_6_181,570.52399,6.181,20:0,12484,Unknown,NA,C38H67NO2,[M + H]+,C38H67NO2,Unknown,0.738506019115448,Unknown,0.07533595710992813,Unknown,0.266802579164505,Steroids and steroid derivatives,0.9105737805366516,NA,NA,NA,NA,NA,NA,NA,NA,NA
x29275_672_64905_13_05,672.64905,13.05,20:0,29275,Unknown,NA,NA,NA,NA,Unknown,NA,Unknown,NA,Unknown,NA,Unknown,NA,NA,NA,NA,NA,NA,NA,NA,NA,NA
x20648_705_57956_9_741,705.57956,9.741,20:0,20648,Unknown,NA,C42H76N2O6,[M + H]+,C42H76N2O6,Unknown,0.35061022639274597,Unknown,0.24177689850330353,Unknown,0.2700873613357544,Amino acids and derivatives,0.9506463408470154,NA,NA,NA,NA,NA,NA,NA,NA,NA
x11635_502_37013_5_866,502.37013,5.866,20:0,11635,Unknown,NA,C26H48F5NO2,[M + H]+,C26H48F5NO2,Fatty acids,0.8638326525688171,Unknown,0.4086686074733734,Unknown,0.5017815232276917,Unknown,0.8035144209861755,NA,NA,NA,NA,NA,NA,NA,NA,NA
x24012_733_61135_11_574,733.61135,11.574,20:0,24012,Unknown,NA,C43H78N6O2,[M + Na]+,C43H78N6O2,Unknown,0.7897362112998962,Unknown,0.1056920513510704,Unknown,0.516406774520874,Amino acids and derivatives,0.8699516654014587,NA,NA,NA,NA,NA,NA,NA,NA,NA
x37975_1063_87852_15_333,1063.87852,15.333,20:0,37975,Unknown,NA,C59H114N8O8,[M + H]+,C59H114N8O8,Unknown,0.6465126872062683,Unknown,0.7705414295196533,Unknown,0.4533373713493347,Unknown,0.6085047721862793,NA,NA,NA,NA,NA,NA,NA,NA,NA
x23436_733_61377_11_3,733.61377,11.3,20:0,23436,Unknown,NA,C39H76N10O3,[M + H]+,C39H76N10O3,Unknown,0.32268038392066956,Unknown,0.3465396463871002,Unknown,0.3659167289733886,Unknown,0.7728279829025269,NA,NA,NA,NA,NA,NA,NA,NA,NA
x21376_731_59854_10_068,731.59854,10.068,20:0,21376,Unknown,NA,C41H84N2O4P2,[M + H]+,C41H84N2O4P2,Fatty acids,0.9995703101158142,Unknown,0.4597157537937164,Unknown,0.8214820027351379,N-acyl amines,0.97462260723114,NA,NA,NA,NA,NA,NA,NA,NA,NA
x13692_743_51067_6_663,743.51067,6.663,20:0,13692,Unknown,NA,C30H62N16O6,[M + H]+,C30H62N16O6,Unknown,0.6793846487998962,Unknown,0.04629451408982277,Unknown,0.03564735129475593,Peptides,0.8693553805351257,NA,NA,NA,NA,NA,NA,NA,NA,NA
x22228_411_39882_10_587,411.39882,10.587,20:0,22228,Unknown,NA,C30H50,[M + H]+,C30H50,Terpenoids,0.9977941513061525,Unknown,0.6546504497528076,Unknown,0.24376316368579865,Steroids and steroid derivatives,0.8844007253646851,NA,NA,NA,NA,NA,NA,NA,NA,NA
x11069_436_41522_5_624,436.41522,5.624,20:0,11069,Unknown,NA,C28H53NO2,[M + H]+,C28H53NO2,Fatty acids,0.9754026532173156,Unknown,0.8314769268035889,Unknown,0.3183784484863281,N-acyl amines,0.9281699657440186,NA,NA,NA,NA,NA,NA,NA,NA,NA
x16603_386_3982_7_896,386.3982,7.896,20:0,16603,Unknown,NA,C24H51NO2,[M + H]+,C24H51NO2,Unknown,0.766549289226532,Unknown,0.5274891257286072,Unknown,0.22300386428833008,Unknown,0.7222161293029785,NA,NA,NA,NA,NA,NA,NA,NA,NA
x10482_767_72307_5_437,767.72307,5.437,20:1,10482,Unknown,NA,C47H94N2O5,[M + H]+,C47H94N2O5,Fatty acids,0.8520770072937012,Unknown,0.2070585191249847,Unknown,0.3167341649532318,Amino acids and derivatives,0.9921797513961792,NA,NA,NA,NA,NA,NA,NA,NA,NA
x41213_878_8186_16_932,878.8186,16.932,20:1,41213,Triacylglycerols,TAG(16:0/18:0/18:1) [M+NH4]+,NA,NA,NA,Unknown,NA,Unknown,NA,Unknown,NA,Unknown,NA,NA,NA,NA,NA,NA,Glycerolipid,Triacylglycerols,Triacylglycerols,TAG(16:0/18:0/18:1) [M+NH4]+
x41194_904_83387_16_917,904.83387,16.917,20:1,41194,Triacylglycerols,TAG(16:0/16:0/22:2) [M+NH4]+,C57H109NO6,[M + H]+,C57H109NO6,Fatty acids,0.9996342658996582,Glycerolipids,0.997816801071167,Triacylglycerols,0.9999889135360718,Triacylglycerols,0.993874490261078,NA,NA,NA,NA,NA,Glycerolipid,Triacylglycerols,Triacylglycerols,TAG(16:0/16:0/22:2) [M+NH4]+
x39096_938_85293_15_82,938.85293,15.82,20:1,39096,MADAG,MADAG(58:6) [M+NH4]+,NA,NA,NA,Unknown,NA,Unknown,NA,Unknown,NA,Unknown,NA,NA,NA,NA,NA,NA,Glycerolipid,Monoalkyldiacylglycerols,MADAG,MADAG(58:6) [M+NH4]+
x41274_930_84902_16_978,930.84902,16.978,20:1,41274,Triacylglycerols,NA,C59H111NO6,[M + H]+,C59H111NO6,Fatty acids,0.9976077079772948,Glycerolipids,0.9943721294403076,Triacylglycerols,0.9999690055847168,Triacylglycerols,0.9862987399101256,NA,NA,NA,NA,NA,NA,NA,NA,NA
x1057_1249_35652_1_397,1249.35652,1.397,20:1,1057,Unknown,NA,NA,NA,NA,Unknown,NA,Unknown,NA,Unknown,NA,Unknown,NA,NA,NA,NA,NA,NA,NA,NA,NA,NA
x41557_906_85001_17_283,906.85001,17.283,20:1,41557,Triacylglycerols,TAG(16:0/18:1/20:0) / (16:0/18:0/20:1) [M+NH4]+,NA,NA,NA,Unknown,NA,Unknown,NA,Unknown,NA,Unknown,NA,NA,NA,NA,NA,NA,Glycerolipid,Triacylglycerols,Triacylglycerols,TAG(16:0/18:1/20:0) / (16:0/18:0/20:1) [M+NH4]+
x4591_452_31436_3_5,452.31436,3.5,20:1,4591,Unknown,NA,C22H46NO6P,[M + H]+,C22H46NO6P,Fatty acids,0.999895453453064,Glycerophospholipids,0.9768823385238647,Unknown,0.668351411819458,Glycerophosphoethanolamines,0.8681536912918091,NA,NA,NA,NA,NA,NA,NA,NA,NA
x38031_889_66853_15_39,889.66853,15.39,20:1,38031,Unknown,NA,C56H84N6O3,[M + H]+,C56H84N6O3,Unknown,0.3255980610847473,Unknown,0.34258413314819336,Unknown,0.37569624185562134,Unknown,0.7461761832237244,NA,NA,NA,NA,NA,NA,NA,NA,NA
x41546_932_86601_17_263,932.86601,17.263,20:1,41546,Unknown,NA,C25H32I4N2O4,[M + H]+,C25H32I4N2O4,Unknown,0.5043905377388,Unknown,0.08211412280797958,Unknown,0.08541830629110336,Unknown,0.687118411064148,NA,NA,NA,NA,NA,NA,NA,NA,NA
x39371_904_83357_15_938,904.83357,15.938,20:1,39371,Triacylglycerols,TAG(16:0/16:0/22:2) [M+NH4]+,C57H109NO6,[M + H]+,C57H109NO6,Fatty acids,0.9986106157302856,Glycerolipids,0.995692789554596,Triacylglycerols,0.9999717473983764,Triacylglycerols,0.9892300963401794,NA,NA,NA,NA,NA,Glycerolipid,Triacylglycerols,Triacylglycerols,TAG(16:0/16:0/22:2) [M+NH4]+
x26373_586_55678_12_324,586.55678,12.324,20:1,26373,Unknown,NA,C36H72FNO3,[M + H]+,C36H72FNO3,Fatty acids,0.9883008599281312,Unknown,0.7819086313247681,Unknown,0.7546631097793579,N-acyl amines,0.8584200143814087,NA,NA,NA,NA,NA,NA,NA,NA,NA
x39321_930_84806_15_923,930.84806,15.923,20:1,39321,Unknown,NA,C27H32Cl6N2O7S7,[M + H]+,C27H32Cl6N2O7S7,Unknown,0.6613829135894775,Unknown,0.01028994284570217,Unknown,0.0029130729380995,Unknown,0.6046125888824463,NA,NA,NA,NA,NA,NA,NA,NA,NA
x27640_714_60122_12_631,714.60122,12.631,20:1,27640,Unknown,NA,NA,NA,NA,Unknown,NA,Unknown,NA,Unknown,NA,Unknown,NA,NA,NA,NA,NA,NA,NA,NA,NA,NA
x30409_716_61874_13_319,716.61874,13.319,20:1,30409,Unknown,NA,NA,NA,NA,Unknown,NA,Unknown,NA,Unknown,NA,Unknown,NA,NA,NA,NA,NA,NA,NA,NA,NA,NA
x39879_876_8406_16_153,876.8406,16.153,20:1,39879,Unknown,NA,NA,NA,NA,Unknown,NA,Unknown,NA,Unknown,NA,Unknown,NA,NA,NA,NA,NA,NA,NA,NA,NA,NA
x25090_602_55131_11_944,602.55131,11.944,20:1,25090,Unknown,NA,C39H71NO3,[M + H]+,C39H71NO3,Fatty acids,0.9834838509559632,Unknown,0.7214348316192627,Unknown,0.8170270323753357,Unknown,0.5341057181358337,NA,NA,NA,NA,NA,NA,NA,NA,NA
x27412_712_58566_12_563,712.58566,12.563,20:1,27412,Unknown,NA,NA,NA,NA,Unknown,NA,Unknown,NA,Unknown,NA,Unknown,NA,NA,NA,NA,NA,NA,NA,NA,NA,NA
x41535_958_87946_17_235,958.87946,17.235,20:1,41535,Unknown,NA,NA,NA,NA,Unknown,NA,Unknown,NA,Unknown,NA,Unknown,NA,NA,NA,NA,NA,NA,NA,NA,NA,NA
x40587_918_88656_16_501,918.88656,16.501,20:1,40587,Unknown,NA,NA,NA,NA,Unknown,NA,Unknown,NA,Unknown,NA,Unknown,NA,NA,NA,NA,NA,NA,NA,NA,NA,NA
x18669_654_56695_8_765,654.56695,8.765,20:1,18669,Unknown,NA,C39H75NO6,[M + H]+,C39H75NO6,Fatty acids,0.9994527697563172,Fatty esters,0.9837785363197328,Unknown,0.7455881834030151,Fatty acid esters,0.9981843829154968,NA,NA,NA,NA,NA,NA,NA,NA,NA
x41674_864_83947_17_435,864.83947,17.435,20:1,41674,MADAG,MADAG(O-18:0/16:0/18:1) / (O-18:0/14:0/20:1) [M+NH4]+,C55H106O5,[M + H3N + H]+,C55H109NO5,Fatty acids,0.9998718500137328,Glycerolipids,0.9988569021224976,Triacylglycerols,0.9998249411582948,Triacylglycerols,0.9800185561180116,NA,NA,NA,NA,NA,Glycerolipid,Monoalkyldiacylglycerols,MADAG,MADAG(O-18:0/16:0/18:1) / (O-18:0/14:0/20:1) [M+NH4]+
x37721_1026_84294_15_271,1026.84294,15.271,20:1,37721,Unknown,NA,C44H30Br4N4S3,[M + H]+,C44H30Br4N4S3,Unknown,0.3676497340202331,Unknown,0.4528186321258545,Unknown,0.103685662150383,Unknown,0.5725821852684021,NA,NA,NA,NA,NA,NA,NA,NA,NA
x40078_982_87412_16_328,982.87412,16.328,20:1,40078,Triacylglycerols,NA,C61H117NO6,[M + Na]+,C61H117NO6,Fatty acids,0.9996893405914308,Unknown,0.7329002022743225,Triacylglycerols,0.9147555828094482,N-acyl amines,0.9523265957832336,NA,NA,NA,NA,NA,NA,NA,NA,NA
x39986_958_87991_16_253,958.87991,16.253,20:1,39986,Triacylglycerols,NA,C59H117NO6,[M + Na]+,C59H117NO6,Fatty acids,0.9988308548927308,Glycerolipids,0.9574544429779052,Triacylglycerols,0.9983766078948976,Unknown,0.8388457298278809,NA,NA,NA,NA,NA,NA,NA,NA,NA
x28416_716_61671_12_845,716.61671,12.845,20:1,28416,Unknown,NA,NA,NA,NA,Unknown,NA,Unknown,NA,Unknown,NA,Unknown,NA,NA,NA,NA,NA,NA,NA,NA,NA,NA
x39590_982_88043_16_013,982.88043,16.013,20:1,39590,Triacylglycerols,NA,C63H115NO6,[M + H]+,C63H115NO6,Fatty acids,0.9999724626541138,Glycerolipids,0.9983443021774292,Triacylglycerols,0.9999842643737792,Triacylglycerols,0.9992777705192566,NA,NA,NA,NA,NA,NA,NA,NA,NA
x2826_393_29889_2_728,393.29889,2.728,20:1,2826,Unknown,NA,C24H40O4,[M + H]+,C24H40O4,Fatty acids,0.8571489453315735,Unknown,0.3870241641998291,Unknown,0.4256203770637512,Unknown,0.7832086682319641,NA,NA,NA,NA,NA,NA,NA,NA,NA
x31859_596_54097_13_659,596.54097,13.659,20:1,31859,Unknown,NA,C40H69NO2,[M + H]+,C40H69NO2,Fatty acids,0.9986228942871094,Fatty amides,0.8890323638916016,Unknown,0.4915795922279358,N-acyl amines,0.9965772032737732,NA,NA,NA,NA,NA,NA,NA,NA,NA
x8998_434_39937_4_917,434.39937,4.917,20:1,8998,Unknown,NA,NA,NA,NA,Unknown,NA,Unknown,NA,Unknown,NA,Unknown,NA,NA,NA,NA,NA,NA,NA,NA,NA,NA
x41731_960_89796_17_579,960.89796,17.579,20:1,41731,Triacylglycerols,NA,C61H117NO6,[M + H]+,C61H117NO6,Fatty acids,0.9977631568908693,Glycerolipids,0.9955484867095948,Triacylglycerols,0.9999773502349854,Triacylglycerols,0.9779625535011292,NA,NA,NA,NA,NA,NA,NA,NA,NA
x11686_462_43131_5_884,462.43131,5.884,20:1,11686,Unknown,NA,C30H55NO2,[M + H]+,C30H55NO2,Unknown,0.7508471012115479,Unknown,0.6895413994789124,Unknown,0.3643952012062073,Unknown,0.5002555847167969,NA,NA,NA,NA,NA,NA,NA,NA,NA
x36986_1026_84579_15_01,1026.84579,15.01,20:1,36986,Unknown,NA,C44H30Br4N4S3,[M + H]+,C44H30Br4N4S3,Unknown,0.29485005140304565,Unknown,0.2775458097457886,Unknown,0.08158788830041885,Unknown,0.6555637121200562,NA,NA,NA,NA,NA,NA,NA,NA,NA
x2165_412_3421_2_165,412.3421,2.165,20:1,2165,Unknown,NA,NA,NA,NA,Unknown,NA,Unknown,NA,Unknown,NA,Unknown,NA,NA,NA,NA,NA,NA,NA,NA,NA,NA
x12404_604_49421_6_203,604.49421,6.203,20:1,12404,Unknown,NA,NA,NA,NA,Unknown,NA,Unknown,NA,Unknown,NA,Unknown,NA,NA,NA,NA,NA,NA,NA,NA,NA,NA
x39916_932_86586_16_19,932.86586,16.19,20:1,39916,Triacylglycerols,NA,C59H113NO6,[M + H]+,C59H113NO6,Fatty acids,0.9982240796089172,Glycerolipids,0.9469952583312988,Triacylglycerols,0.9973976612091064,Unknown,0.7448574304580688,NA,NA,NA,NA,NA,NA,NA,NA,NA
x38309_1028_85985_15_507,1028.85985,15.507,20:1,38309,Unknown,NA,NA,NA,NA,Unknown,NA,Unknown,NA,Unknown,NA,Unknown,NA,NA,NA,NA,NA,NA,NA,NA,NA,NA
x21854_602_55242_10_382,602.55242,10.382,20:1,21854,Unknown,NA,C39H71NO3,[M + H]+,C39H71NO3,Fatty acids,0.9852375388145448,Unknown,0.4110104441642761,Unknown,0.7928088307380676,N-acyl amines,0.9918224215507508,NA,NA,NA,NA,NA,NA,NA,NA,NA
x8202_484_41591_4_603,484.41591,4.603,20:1,8202,Unknown,NA,C32H53NO2,[M + H]+,C32H53NO2,Unknown,0.7650749087333679,Unknown,0.8009911179542542,Unknown,0.39199844002723694,Unknown,0.6999388933181763,NA,NA,NA,NA,NA,NA,NA,NA,NA
x8649_448_37953_4_781,448.37953,4.781,20:1,8649,Unknown,NA,C28H49NO3,[M + H]+,C28H49NO3,Terpenoids,0.870957612991333,Steroids,0.9972255229949952,Unknown,0.8450380563735962,Glycinated bile acids and derivatives,0.9916995763778688,NA,NA,NA,NA,NA,NA,NA,NA,NA
x20616_731_60026_9_71,731.60026,9.71,20:1,20616,Unknown,NA,C41H84N2O4P2,[M + H]+,C41H84N2O4P2,Fatty acids,0.9994601607322692,Unknown,0.4478342533111572,Unknown,0.8206492066383362,N-acyl amines,0.9311670064926147,NA,NA,NA,NA,NA,NA,NA,NA,NA
x39922_918_84455_16_192,918.84455,16.192,20:1,39922,Triacylglycerols,NA,C56H113NO6,[M + Na]+,C56H113NO6,Fatty acids,0.9992881417274476,Glycerolipids,0.9950130581855774,Triacylglycerols,0.9999258518218994,Triacylglycerols,0.9812761545181274,NA,NA,NA,NA,NA,NA,NA,NA,NA
x5968_456_38482_3_914,456.38482,3.914,20:1,5968,Unknown,NA,C30H49NO2,[M + H]+,C30H49NO2,Terpenoids,0.9299365282058716,Unknown,0.8395252823829651,Unknown,0.8403705358505249,Unknown,0.7090803384780884,NA,NA,NA,NA,NA,NA,NA,NA,NA
x40257_1437_15067_16_391,1437.15067,16.391,20:1,40257,Unknown,NA,C64H54N16OS11,[M + Na]+,C64H54N16OS11,Alkaloids,0.9938938021659852,Unknown,0.6394659876823425,Unknown,0.0537896454334259,Unknown,0.5279951691627502,NA,NA,NA,NA,NA,NA,NA,NA,NA
x28476_714_60337_12_81,714.60337,12.81,20:1,28476,Unknown,NA,NA,NA,NA,Unknown,NA,Unknown,NA,Unknown,NA,Unknown,NA,NA,NA,NA,NA,NA,NA,NA,NA,NA
x10172_448_41503_5_335,448.41503,5.335,20:1,10172,Unknown,NA,C29H53NO2,[M + H]+,C29H53NO2,Fatty acids,0.986244022846222,Fatty amides,0.870543897151947,Unknown,0.3481387197971344,N-acyl amines,0.9767451882362366,NA,NA,NA,NA,NA,NA,NA,NA,NA
x30571_666_60267_13_368,666.60267,13.368,20:1,30571,Unknown,NA,NA,NA,NA,Unknown,NA,Unknown,NA,Unknown,NA,Unknown,NA,NA,NA,NA,NA,NA,NA,NA,NA,NA
x36761_910_76139_14_97,910.76139,14.97,20:1,36761,Unknown,NA,C61H99NO4,[M + H]+,C61H99NO4,Fatty acids,0.9310006499290466,Unknown,0.2421227991580963,Unknown,0.7555099129676819,Unknown,0.5280300378799438,NA,NA,NA,NA,NA,NA,NA,NA,NA
x32347_536_43992_13_77,536.43992,13.77,20:1,32347,Unknown,NA,C36H58NP,[M + H]+,C36H58NP,Terpenoids,0.9653856158256532,Unknown,0.22099043428897855,Unknown,0.06184501945972442,Lipids and lipid-like molecules,0.986665666103363,NA,NA,NA,NA,NA,NA,NA,NA,NA
x18611_729_58591_8_705,729.58591,8.705,20:1,18611,Unknown,NA,C41H78N4O5,[M + Na]+,C41H78N4O5,Unknown,0.6979672908782959,Unknown,0.18760940432548523,Unknown,0.5366954207420349,Amino acids and derivatives,0.9440245628356934,NA,NA,NA,NA,NA,NA,NA,NA,NA
x6348_406_3685_4_054,406.3685,4.054,20:1,6348,Unknown,NA,C26H47NO2,[M + H]+,C26H47NO2,Fatty acids,0.9893688559532166,Fatty amides,0.8804796934127808,Unknown,0.7236568331718445,N-acyl amines,0.9827197790145874,NA,NA,NA,NA,NA,NA,NA,NA,NA
x7027_470_40051_4_269,470.40051,4.269,20:1,7027,Unknown,NA,C31H51NO2,[M + H]+,C31H51NO2,Unknown,0.6797220706939697,Unknown,0.803544819355011,Unknown,0.3688684105873108,Unknown,0.748701810836792,NA,NA,NA,NA,NA,NA,NA,NA,NA
x30183_724_60718_13_289,724.60718,13.289,20:1,30183,Triacylglycerols,NA,C43H81NO7,[M + H]+,C43H81NO7,Fatty acids,0.9997827410697936,Glycerolipids,0.979668915271759,Triacylglycerols,0.9947340488433838,Triacylglycerols,0.987971007823944,NA,NA,NA,NA,NA,NA,NA,NA,NA
x26487_726_58843_12_346,726.58843,12.346,20:1,26487,Unknown,NA,C42H79NO8,[M + H]+,C42H79NO8,Fatty acids,0.9973057508468628,Unknown,0.2742216885089874,Unknown,0.066892109811306,Unknown,0.7174582481384277,NA,NA,NA,NA,NA,NA,NA,NA,NA
x7986_488_4481_4_556,488.4481,4.556,20:1,7986,Unknown,NA,C32H57NO2,[M + H]+,C32H57NO2,Unknown,0.6574288606643677,Unknown,0.2708836793899536,Unknown,0.12026545405387878,Unknown,0.7837759256362915,NA,NA,NA,NA,NA,NA,NA,NA,NA
x21054_384_38321_9_975,384.38321,9.975,20:1,21054,Unknown,NA,C24H49NO2,[M + H]+,C24H49NO2,Unknown,0.6242306232452393,Unknown,0.682019054889679,Unknown,0.10000637173652648,Trialkylamines,0.8807135224342346,NA,NA,NA,NA,NA,NA,NA,NA,NA
x39346_994_88154_15_966,994.88154,15.966,20:1,39346,Unknown,NA,C19H29N8O18P5S5,[M + Na]+,C19H29N8O18P5S5,Fatty acids,0.9952730536460876,Unknown,0.6256434321403503,Unknown,0.8047673106193542,"Purine ribonucleoside 3',5'-bisphosphates",0.9861132502555848,NA,NA,NA,NA,NA,NA,NA,NA,NA
x29399_668_59849_13_124,668.59849,13.124,20:1,29399,Unknown,NA,C44H77NO3,[M + H]+,C44H77NO3,Fatty acids,0.9949111342430116,Unknown,0.5244623422622681,Unknown,0.286709189414978,N-acyl amines,0.9887443780899048,NA,NA,NA,NA,NA,NA,NA,NA,NA
x6693_446_40154_4_111,446.40154,4.111,20:1,6693,Unknown,NA,C26H52FNO3,[M + H]+,C26H52FNO3,Unknown,0.4065517783164978,Steroids,0.9183545708656312,Unknown,0.05820522457361221,3-hydroxysteroids,0.9925717711448668,NA,NA,NA,NA,NA,NA,NA,NA,NA
x9814_398_39949_5_208,398.39949,5.208,20:1,9814,Unknown,NA,C25H51NO2,[M + H]+,C25H51NO2,Fatty acids,0.9942023158073424,Fatty amides,0.9158557057380676,Unknown,0.8183472156524658,N-acyl amines,0.9861278533935548,NA,NA,NA,NA,NA,NA,NA,NA,NA
x12939_412_41518_6_438,412.41518,6.438,20:1,12939,Unknown,NA,C26H53NO2,[M + H]+,C26H53NO2,Fatty acids,0.9909161925315856,Sphingolipids,0.875542163848877,Unknown,0.41084349155426025,"1,2-aminoalcohols",0.99766206741333,NA,NA,NA,NA,NA,NA,NA,NA,NA
x10372_460_415_5_458,460.415,5.458,20:1,10372,Unknown,NA,C30H53NO2,[M + H]+,C30H53NO2,Unknown,0.742409348487854,Unknown,0.8430219292640686,Unknown,0.05724567547440529,Unknown,0.5420757532119751,NA,NA,NA,NA,NA,NA,NA,NA,NA
x11288_440_37448_5_707,440.37448,5.707,20:1,11288,Unknown,NA,C26H49NO4,[M + H]+,C26H49NO4,Unknown,0.8344476819038391,Unknown,0.5848655104637146,Unknown,0.2947089970111847,Unknown,0.791620671749115,NA,NA,NA,NA,NA,NA,NA,NA,NA
x9260_432_38307_5_001,432.38307,5.001,20:1,9260,Unknown,NA,C28H49NO2,[M + H]+,C28H49NO2,Unknown,0.721160352230072,Unknown,0.7627356648445129,Unknown,0.16604509949684143,Unknown,0.7948048710823059,NA,NA,NA,NA,NA,NA,NA,NA,NA
x18190_522_45297_8_546,522.45297,8.546,20:1,18190,Unknown,NA,C32H59NO4,[M + H]+,C32H59NO4,Fatty acids,0.98199063539505,Unknown,0.7315708994865417,Unknown,0.3219882547855377,N-acyl amines,0.9662014245986938,NA,NA,NA,NA,NA,NA,NA,NA,NA
x7451_458_39959_4_403,458.39959,4.403,20:1,7451,Unknown,NA,C30H51NO2,[M + H]+,C30H51NO2,Fatty acids,0.9912158250808716,Unknown,0.8094176650047302,Unknown,0.3029320240020752,Unknown,0.8031893372535706,NA,NA,NA,NA,NA,NA,NA,NA,NA
x7797_444_38432_4_481,444.38432,4.481,20:1,7797,Unknown,NA,C29H49NO2,[M + H]+,C29H49NO2,Unknown,0.6100072264671326,Unknown,0.390719473361969,Unknown,0.24817177653312683,Lipids and lipid-like molecules,0.9117543697357178,NA,NA,NA,NA,NA,NA,NA,NA,NA
x9603_448_38052_5_057,448.38052,5.057,20:1,9603,Unknown,NA,C28H49NO3,[M + H]+,C28H49NO3,Terpenoids,0.9717896580696106,Steroids,0.9997188448905944,Unknown,0.8059597611427307,Glycinated bile acids and derivatives,0.97586989402771,NA,NA,NA,NA,NA,NA,NA,NA,NA
x18041_498_45259_8_482,498.45259,8.482,20:1,18041,Unknown,NA,C30H59NO4,[M + H]+,C30H59NO4,Unknown,0.8418139815330505,Unknown,0.8246924877166748,Unknown,0.1711464822292328,N-acyl amines,0.8554839491844177,NA,NA,NA,NA,NA,NA,NA,NA,NA
x7735_474_39554_4_428,474.39554,4.428,20:1,7735,Unknown,NA,C30H51NO3,[M + H]+,C30H51NO3,Terpenoids,0.90421462059021,Unknown,0.6857234239578247,Unknown,0.8390098214149475,Unknown,0.8409923911094666,NA,NA,NA,NA,NA,NA,NA,NA,NA
x22368_590_55107_10_646,590.55107,10.646,20:1,22368,Unknown,NA,C38H71NO3,[M + H]+,C38H71NO3,Fatty acids,0.9927571415901184,Unknown,0.6538589596748352,Unknown,0.6054794192314148,Unknown,0.5324939489364624,NA,NA,NA,NA,NA,NA,NA,NA,NA
x8745_432_38524_4_767,432.38524,4.767,20:1,8745,Unknown,NA,C28H49NO2,[M + H]+,C28H49NO2,Unknown,0.7060420513153076,Steroids,0.8877086639404297,Unknown,0.27134969830513,Unknown,0.6725060939788818,NA,NA,NA,NA,NA,NA,NA,NA,NA
x4101_382_36747_3_406,382.36747,3.406,20:1,4101,Unknown,NA,C24H47NO2,[M + H]+,C24H47NO2,Fatty acids,0.989903450012207,Fatty amides,0.8746904134750366,Unknown,0.522138237953186,N-acyl amines,0.9614543914794922,NA,NA,NA,NA,NA,NA,NA,NA,NA
x31200_1124_81968_13_498,1124.81968,13.498,20:1,31200,Unknown,NA,C69H109N3O9,[M + H]+,C69H109N3O9,Unknown,0.8185290098190308,Unknown,0.2924426794052124,Unknown,0.4383724629878998,Unknown,0.8321715593338013,NA,NA,NA,NA,NA,NA,NA,NA,NA
x21376_731_59854_10_068,731.59854,10.068,20:1,21376,Unknown,NA,C41H84N2O4P2,[M + H]+,C41H84N2O4P2,Fatty acids,0.9995703101158142,Unknown,0.4597157537937164,Unknown,0.8214820027351379,N-acyl amines,0.97462260723114,NA,NA,NA,NA,NA,NA,NA,NA,NA
x5590_468_38576_3_799,468.38576,3.799,20:1,5590,Unknown,NA,C31H49NO2,[M + H]+,C31H49NO2,Terpenoids,0.9734041094779968,Unknown,0.7130728363990784,Unknown,0.2687760591506958,Unknown,0.5187395215034485,NA,NA,NA,NA,NA,NA,NA,NA,NA
x11069_436_41522_5_624,436.41522,5.624,20:1,11069,Unknown,NA,C28H53NO2,[M + H]+,C28H53NO2,Fatty acids,0.9754026532173156,Unknown,0.8314769268035889,Unknown,0.3183784484863281,N-acyl amines,0.9281699657440186,NA,NA,NA,NA,NA,NA,NA,NA,NA
x6565_482_40226_4_047,482.40226,4.047,20:1,6565,Unknown,NA,C27H47BN6O,[M + H]+,C27H47BN6O,Unknown,0.1848900318145752,Unknown,0.05720435082912445,Unknown,0.17473292350769043,Unknown,0.6611492037773132,NA,NA,NA,NA,NA,NA,NA,NA,NA
x3482_380_35229_3_091,380.35229,3.091,20:2,3482,Unknown,NA,C24H45NO2,[M + H]+,C24H45NO2,Fatty acids,0.9966304898262024,Fatty amides,0.984490931034088,Unknown,0.6176527142524719,N-acyl amines,0.9628949761390686,NA,NA,NA,NA,NA,NA,NA,NA,NA
x38263_908_80627_15_495,908.80627,15.495,20:2,38263,MADAG,MADAG(O-16:0/18:1/22:6) [M+NH4]+,NA,NA,NA,Unknown,NA,Unknown,NA,Unknown,NA,Unknown,NA,NA,NA,NA,NA,NA,Glycerolipid,Monoalkyldiacylglycerols,MADAG,MADAG(O-16:0/18:1/22:6) [M+NH4]+
x38550_936_83573_15_605,936.83573,15.605,20:2,38550,Unknown,NA,NA,NA,NA,Unknown,NA,Unknown,NA,Unknown,NA,Unknown,NA,NA,NA,NA,NA,NA,NA,NA,NA,NA
x38931_936_83705_15_758,936.83705,15.758,20:2,38931,MADAG,MADAG(O-18:0/20:3/22:4) [M+NH4]+,NA,NA,NA,Unknown,NA,Unknown,NA,Unknown,NA,Unknown,NA,NA,NA,NA,NA,NA,Glycerolipid,Monoalkyldiacylglycerols,MADAG,MADAG(O-18:0/20:3/22:4) [M+NH4]+
x39259_888_8346_15_943,888.8346,15.943,20:2,39259,Unknown,NA,NA,NA,NA,Unknown,NA,Unknown,NA,Unknown,NA,Unknown,NA,NA,NA,NA,NA,NA,NA,NA,NA,NA
x25763_634_5403_12_132,634.5403,12.132,20:2,25763,Diacylglycerols,DAG(16:0/20:4) [M+NH4]+,NA,NA,NA,Unknown,NA,Unknown,NA,Unknown,NA,Unknown,NA,NA,NA,NA,NA,NA,Glycerolipid,Diacylglycerols,Diacylglycerols,DAG(16:0/20:4) [M+NH4]+
x39879_876_8406_16_153,876.8406,16.153,20:2,39879,Unknown,NA,NA,NA,NA,Unknown,NA,Unknown,NA,Unknown,NA,Unknown,NA,NA,NA,NA,NA,NA,NA,NA,NA,NA
x20215_558_43169_9_537,558.43169,9.537,20:2,20215,Unknown,NA,C38H55NO2,[M + H]+,C38H55NO2,Unknown,0.6242345571517944,Unknown,0.2845059931278229,Unknown,0.23095181584358215,Unknown,0.5617097020149231,NA,NA,NA,NA,NA,NA,NA,NA,NA
x28828_638_57161_12_944,638.57161,12.944,20:2,28828,Unknown,NA,NA,NA,NA,Unknown,NA,Unknown,NA,Unknown,NA,Unknown,NA,NA,NA,NA,NA,NA,NA,NA,NA,NA
x41374_862_82341_17_08,862.82341,17.08,20:2,41374,Unknown,NA,NA,NA,NA,Unknown,NA,Unknown,NA,Unknown,NA,Unknown,NA,NA,NA,NA,NA,NA,NA,NA,NA,NA
x3948_520_30233_3_296,520.30233,3.296,20:2,3948,Unknown,NA,C23H48NO8P,[M + Na]+,C23H48NO8P,Fatty acids,0.9986522793769836,Glycerophospholipids,0.999931812286377,Unknown,0.651740312576294,Unknown,0.5500329732894897,NA,NA,NA,NA,NA,NA,NA,NA,NA
x16564_470_36389_7_936,470.36389,7.936,20:2,16564,Unknown,NA,C30H47NO3,[M + H]+,C30H47NO3,Terpenoids,0.9990718364715576,Steroids,0.998789131641388,Unknown,0.7873362302780151,Glycinated bile acids and derivatives,0.9980748891830444,NA,NA,NA,NA,NA,NA,NA,NA,NA
x2682_396_31106_2_618,396.31106,2.618,20:2,2682,Unknown,NA,C23H41NO4,[M + H]+,C23H41NO4,Fatty acids,0.9732000827789308,Unknown,0.6584638357162476,Unknown,0.5530492067337036,Unknown,0.6722908616065979,NA,NA,NA,NA,NA,NA,NA,NA,NA
x8998_434_39937_4_917,434.39937,4.917,20:2,8998,Unknown,NA,NA,NA,NA,Unknown,NA,Unknown,NA,Unknown,NA,Unknown,NA,NA,NA,NA,NA,NA,NA,NA,NA,NA
x3174_446_3638_2_948,446.3638,2.948,20:2,3174,Unknown,NA,C28H47NO3,[M + H]+,C28H47NO3,Terpenoids,0.8644094467163086,Steroids,0.9862528443336488,Unknown,0.5128347277641296,Unknown,0.6899177432060242,NA,NA,NA,NA,NA,NA,NA,NA,NA
x12178_593_47892_6_102,593.47892,6.102,20:2,12178,Diacylglycerols,NA,C36H64O6,[M + H]+,C36H64O6,Unknown,0.7038578987121582,Glycerolipids,0.9304500222206116,Diacylglycerols,0.8824727535247803,"1,2-diacylglycerols",0.8978556394577026,NA,NA,NA,NA,NA,NA,NA,NA,NA
x18990_532_41538_8_925,532.41538,8.925,20:2,18990,Unknown,NA,C36H53NO2,[M + H]+,C36H53NO2,Unknown,0.7455491423606873,Unknown,0.3070976138114929,Unknown,0.2393108457326889,Unknown,0.802570641040802,NA,NA,NA,NA,NA,NA,NA,NA,NA
x8202_484_41591_4_603,484.41591,4.603,20:2,8202,Unknown,NA,C32H53NO2,[M + H]+,C32H53NO2,Unknown,0.7650749087333679,Unknown,0.8009911179542542,Unknown,0.39199844002723694,Unknown,0.6999388933181763,NA,NA,NA,NA,NA,NA,NA,NA,NA
x11346_651_67374_5_74,651.67374,5.74,20:2,11346,Unknown,NA,C42H86N2O2,[M + H]+,C42H86N2O2,Fatty acids,0.935003697872162,Unknown,0.5870980024337769,Unknown,0.6938615441322327,Unknown,0.8185122609138489,NA,NA,NA,NA,NA,NA,NA,NA,NA
x5968_456_38482_3_914,456.38482,3.914,20:2,5968,Unknown,NA,C30H49NO2,[M + H]+,C30H49NO2,Terpenoids,0.9299365282058716,Unknown,0.8395252823829651,Unknown,0.8403705358505249,Unknown,0.7090803384780884,NA,NA,NA,NA,NA,NA,NA,NA,NA
x31501_666_60215_13_574,666.60215,13.574,20:2,31501,Unknown,NA,NA,NA,NA,Unknown,NA,Unknown,NA,Unknown,NA,Unknown,NA,NA,NA,NA,NA,NA,NA,NA,NA,NA
x25225_660_55428_11_979,660.55428,11.979,20:2,25225,Unknown,NA,NA,NA,NA,Unknown,NA,Unknown,NA,Unknown,NA,Unknown,NA,NA,NA,NA,NA,NA,NA,NA,NA,NA
x10172_448_41503_5_335,448.41503,5.335,20:2,10172,Unknown,NA,C29H53NO2,[M + H]+,C29H53NO2,Fatty acids,0.986244022846222,Fatty amides,0.870543897151947,Unknown,0.3481387197971344,N-acyl amines,0.9767451882362366,NA,NA,NA,NA,NA,NA,NA,NA,NA
x32347_536_43992_13_77,536.43992,13.77,20:2,32347,Unknown,NA,C36H58NP,[M + H]+,C36H58NP,Terpenoids,0.9653856158256532,Unknown,0.22099043428897855,Unknown,0.06184501945972442,Lipids and lipid-like molecules,0.986665666103363,NA,NA,NA,NA,NA,NA,NA,NA,NA
x18611_729_58591_8_705,729.58591,8.705,20:2,18611,Unknown,NA,C41H78N4O5,[M + Na]+,C41H78N4O5,Unknown,0.6979672908782959,Unknown,0.18760940432548523,Unknown,0.5366954207420349,Amino acids and derivatives,0.9440245628356934,NA,NA,NA,NA,NA,NA,NA,NA,NA
x6348_406_3685_4_054,406.3685,4.054,20:2,6348,Unknown,NA,C26H47NO2,[M + H]+,C26H47NO2,Fatty acids,0.9893688559532166,Fatty amides,0.8804796934127808,Unknown,0.7236568331718445,N-acyl amines,0.9827197790145874,NA,NA,NA,NA,NA,NA,NA,NA,NA
x17599_506_39886_8_359,506.39886,8.359,20:2,17599,Unknown,NA,C32H53NO2,[M + Na]+,C32H53NO2,Terpenoids,0.9578171968460084,Unknown,0.7580767273902893,Unknown,0.44944804906845093,Unknown,0.6217206120491028,NA,NA,NA,NA,NA,NA,NA,NA,NA
x28231_636_55573_12_728,636.55573,12.728,20:2,28231,Unknown,NA,NA,NA,NA,Unknown,NA,Unknown,NA,Unknown,NA,Unknown,NA,NA,NA,NA,NA,NA,NA,NA,NA,NA
x23342_796_55024_11_302,796.55024,11.302,20:2,23342,Unknown,NA,C49H75NO6,[M + Na]+,C49H75NO6,Unknown,0.6445863246917725,Unknown,0.35900336503982544,Unknown,0.14724773168563843,Unknown,0.6704838275909424,NA,NA,NA,NA,NA,NA,NA,NA,NA
x7027_470_40051_4_269,470.40051,4.269,20:2,7027,Unknown,NA,C31H51NO2,[M + H]+,C31H51NO2,Unknown,0.6797220706939697,Unknown,0.803544819355011,Unknown,0.3688684105873108,Unknown,0.748701810836792,NA,NA,NA,NA,NA,NA,NA,NA,NA
x7301_378_33721_4_362,378.33721,4.362,20:2,7301,Unknown,NA,C24H43NO2,[M + H]+,C24H43NO2,Fatty acids,0.9229674339294434,Unknown,0.23623913526535031,Unknown,0.5573474764823914,Unknown,0.6281902194023132,NA,NA,NA,NA,NA,NA,NA,NA,NA
x7986_488_4481_4_556,488.4481,4.556,20:2,7986,Unknown,NA,C32H57NO2,[M + H]+,C32H57NO2,Unknown,0.6574288606643677,Unknown,0.2708836793899536,Unknown,0.12026545405387878,Unknown,0.7837759256362915,NA,NA,NA,NA,NA,NA,NA,NA,NA
x7698_407_36701_4_428,407.36701,4.428,20:2,7698,Unknown,NA,C30H46,[M + H]+,C30H46,Terpenoids,0.9962169528007508,Unknown,0.6956942081451416,Unknown,0.11508136242628098,Unknown,0.5541766285896301,NA,NA,NA,NA,NA,NA,NA,NA,NA
x4000_380_35116_3_365,380.35116,3.365,20:2,4000,Unknown,NA,C24H45NO2,[M + H]+,C24H45NO2,Fatty acids,0.9946178793907166,Fatty amides,0.9793370962142944,Unknown,0.5797592401504517,N-acyl amines,0.9463707804679872,NA,NA,NA,NA,NA,NA,NA,NA,NA
x6693_446_40154_4_111,446.40154,4.111,20:2,6693,Unknown,NA,C26H52FNO3,[M + H]+,C26H52FNO3,Unknown,0.4065517783164978,Steroids,0.9183545708656312,Unknown,0.05820522457361221,3-hydroxysteroids,0.9925717711448668,NA,NA,NA,NA,NA,NA,NA,NA,NA
x10372_460_415_5_458,460.415,5.458,20:2,10372,Unknown,NA,C30H53NO2,[M + H]+,C30H53NO2,Unknown,0.742409348487854,Unknown,0.8430219292640686,Unknown,0.05724567547440529,Unknown,0.5420757532119751,NA,NA,NA,NA,NA,NA,NA,NA,NA
x10048_458_39999_5_275,458.39999,5.275,20:2,10048,Unknown,NA,C30H51NO2,[M + H]+,C30H51NO2,Unknown,0.644688069820404,Unknown,0.3303661644458771,Unknown,0.64624786376953125,Unknown,0.7178358435630798,NA,NA,NA,NA,NA,NA,NA,NA,NA
x2446_441_36868_2_421,441.36868,2.421,20:2,2446,Unknown,NA,C25H48N2O4,[M + H]+,C25H48N2O4,Unknown,0.2331947386264801,Unknown,0.3715086579322815,Unknown,0.19715116918087008,"Hydroxy bile acids, alcohols and derivatives",0.9463964104652404,NA,NA,NA,NA,NA,NA,NA,NA,NA
x16034_504_38473_7_657,504.38473,7.657,20:2,16034,Unknown,NA,C34H49NO2,[M + H]+,C34H49NO2,Unknown,0.5831829309463501,Unknown,0.3939848244190216,Unknown,0.13076353073120117,Unknown,0.7032252550125122,NA,NA,NA,NA,NA,NA,NA,NA,NA
x7451_458_39959_4_403,458.39959,4.403,20:2,7451,Unknown,NA,C30H51NO2,[M + H]+,C30H51NO2,Fatty acids,0.9912158250808716,Unknown,0.8094176650047302,Unknown,0.3029320240020752,Unknown,0.8031893372535706,NA,NA,NA,NA,NA,NA,NA,NA,NA
x27099_604_52943_12_511,604.52943,12.511,20:2,27099,Unknown,NA,C38H69NO4,[M + H]+,C38H69NO4,Fatty acids,0.9851860404014589,Unknown,0.49533066153526306,Unknown,0.24236977100372312,Unknown,0.6842493414878845,NA,NA,NA,NA,NA,NA,NA,NA,NA
x7797_444_38432_4_481,444.38432,4.481,20:2,7797,Unknown,NA,C29H49NO2,[M + H]+,C29H49NO2,Unknown,0.6100072264671326,Unknown,0.390719473361969,Unknown,0.24817177653312683,Lipids and lipid-like molecules,0.9117543697357178,NA,NA,NA,NA,NA,NA,NA,NA,NA
x18635_858_52049_8_764,858.52049,8.764,20:2,18635,Unknown,NA,C41H67N11O9,[M + H]+,C41H67N11O9,Amino acids and Peptides,0.9757519960403442,Unknown,0.7039039731025696,Unknown,0.5354657769203186,Oligopeptides,0.910897970199585,NA,NA,NA,NA,NA,NA,NA,NA,NA
x9467_430_36842_5_11,430.36842,5.11,20:2,9467,Unknown,NA,C28H47NO2,[M + H]+,C28H47NO2,Unknown,0.8448825478553772,Unknown,0.6184441447257996,Unknown,0.7769469618797302,Unknown,0.6439439058303833,NA,NA,NA,NA,NA,NA,NA,NA,NA
x4101_382_36747_3_406,382.36747,3.406,20:2,4101,Unknown,NA,C24H47NO2,[M + H]+,C24H47NO2,Fatty acids,0.989903450012207,Fatty amides,0.8746904134750366,Unknown,0.522138237953186,N-acyl amines,0.9614543914794922,NA,NA,NA,NA,NA,NA,NA,NA,NA
x3104_403_26215_2_935,403.26215,2.935,20:2,3104,Unknown,NA,C26H36O2,[M + Na]+,C26H36O2,Unknown,0.3611027002334595,Unknown,0.6785869598388672,Unknown,0.6077345013618469,Unknown,0.6019862294197083,NA,NA,NA,NA,NA,NA,NA,NA,NA
x8752_430_37559_4_892,430.37559,4.892,20:2,8752,Unknown,NA,NA,NA,NA,Unknown,NA,Unknown,NA,Unknown,NA,Unknown,NA,NA,NA,NA,NA,NA,NA,NA,NA,NA
x5590_468_38576_3_799,468.38576,3.799,20:2,5590,Unknown,NA,C31H49NO2,[M + H]+,C31H49NO2,Terpenoids,0.9734041094779968,Unknown,0.7130728363990784,Unknown,0.2687760591506958,Unknown,0.5187395215034485,NA,NA,NA,NA,NA,NA,NA,NA,NA
x6565_482_40226_4_047,482.40226,4.047,20:2,6565,Unknown,NA,C27H47BN6O,[M + H]+,C27H47BN6O,Unknown,0.1848900318145752,Unknown,0.05720435082912445,Unknown,0.17473292350769043,Unknown,0.6611492037773132,NA,NA,NA,NA,NA,NA,NA,NA,NA
x39976_874_78599_16_215,874.78599,16.215,20:3,39976,Triacylglycerols,TAG(16:0/18:1/18:2) [M+NH4]+,C50H97N11,[M + Na]+,C50H97N11,Alkaloids,0.9716623425483704,Unknown,0.40893206000328064,Unknown,0.16425886750221252,Heteroaromatic compounds,0.965584635734558,NA,NA,NA,NA,NA,Glycerolipid,Triacylglycerols,Triacylglycerols,TAG(16:0/18:1/18:2) [M+NH4]+
x37972_922_7828_15_357,922.7828,15.357,20:3,37972,Triacylglycerols,TAG(16:0/18:3/22:4) [M+NH4]+,C57H105NO6,[M + Na]+,C57H105NO6,Fatty acids,0.9988571405410768,Unknown,0.7831441760063171,Triacylglycerols,0.9855937361717224,N-acyl amines,0.9815049767494202,NA,NA,NA,NA,NA,Glycerolipid,Triacylglycerols,Triacylglycerols,TAG(16:0/18:3/22:4) [M+NH4]+
x40747_902_81778_16_618,902.81778,16.618,20:3,40747,Triacylglycerols,NA,C55H109NO6,[M + Na]+,C55H109NO6,Fatty acids,0.999782383441925,Glycerolipids,0.9867380857467652,Triacylglycerols,0.9996024966239928,Triacylglycerols,0.9618199467658995,NA,NA,NA,NA,NA,NA,NA,NA,NA
x3482_380_35229_3_091,380.35229,3.091,20:3,3482,Unknown,NA,C24H45NO2,[M + H]+,C24H45NO2,Fatty acids,0.9966304898262024,Fatty amides,0.984490931034088,Unknown,0.6176527142524719,N-acyl amines,0.9628949761390686,NA,NA,NA,NA,NA,NA,NA,NA,NA
x38129_900_79564_15_474,900.79564,15.474,20:3,38129,Triacylglycerols,NA,C55H107NO6,[M + Na]+,C55H107NO6,Fatty acids,0.9988611936569214,Unknown,0.7520807385444641,Triacylglycerols,0.926927924156189,N-acyl amines,0.9492168426513672,NA,NA,NA,NA,NA,NA,NA,NA,NA
x39259_888_8346_15_943,888.8346,15.943,20:3,39259,Unknown,NA,NA,NA,NA,Unknown,NA,Unknown,NA,Unknown,NA,Unknown,NA,NA,NA,NA,NA,NA,NA,NA,NA,NA
x39314_860_80829_15_879,860.80829,15.879,20:3,39314,MADAG,MADAG(O-16:0/18:0/18:3) / (O-16:0/16:0/20:3) [M+NH4]+,NA,NA,NA,Unknown,NA,Unknown,NA,Unknown,NA,Unknown,NA,NA,NA,NA,NA,NA,Glycerolipid,Monoalkyldiacylglycerols,MADAG,MADAG(O-16:0/18:0/18:3) / (O-16:0/16:0/20:3) [M+NH4]+
x14436_522_39417_7_037,522.39417,7.037,20:3,14436,Unknown,NA,NA,NA,NA,Unknown,NA,Unknown,NA,Unknown,NA,Unknown,NA,NA,NA,NA,NA,NA,NA,NA,NA,NA
x39858_888_83938_16_1,888.83938,16.1,20:3,39858,Unknown,NA,NA,NA,NA,Unknown,NA,Unknown,NA,Unknown,NA,Unknown,NA,NA,NA,NA,NA,NA,NA,NA,NA,NA
x41005_860_80765_16_798,860.80765,16.798,20:3,41005,MADAG,MADAG(O-16:0/18:0/18:3) / (O-16:0/16:0/20:3) [M+NH4]+,NA,NA,NA,Unknown,NA,Unknown,NA,Unknown,NA,Unknown,NA,NA,NA,NA,NA,NA,Glycerolipid,Monoalkyldiacylglycerols,MADAG,MADAG(O-16:0/18:0/18:3) / (O-16:0/16:0/20:3) [M+NH4]+
x27212_592_50959_12_52,592.50959,12.52,20:3,27212,Unknown,NA,C40H65NO2,[M + H]+,C40H65NO2,Fatty acids,0.9984312653541564,Unknown,0.7518898248672485,Unknown,0.24996179342269895,N-acyl amines,0.9871347546577454,NA,NA,NA,NA,NA,NA,NA,NA,NA
x13719_468_34813_6_731,468.34813,6.731,20:3,13719,Unknown,NA,C30H45NO3,[M + H]+,C30H45NO3,Terpenoids,0.9774439930915833,Steroids,0.9182090163230896,Unknown,0.46653857827186584,Glycinated bile acids and derivatives,0.9383664131164552,NA,NA,NA,NA,NA,NA,NA,NA,NA
x40991_886_81996_16_782,886.81996,16.782,20:3,40991,MADAG,MADAG(O-16:0/18:1/20:3) [M+NH4]+,C57H107NO5,[M + H]+,C57H107NO5,Fatty acids,0.9929379820823668,Unknown,0.5647477507591248,Triacylglycerols,0.9901108145713806,Unknown,0.743270218372345,NA,NA,NA,NA,NA,Glycerolipid,Monoalkyldiacylglycerols,MADAG,MADAG(O-16:0/18:1/20:3) [M+NH4]+
x12395_452_35157_6_187,452.35157,6.187,20:3,12395,Unknown,NA,C30H45NO2,[M + H]+,C30H45NO2,Unknown,0.5603600740432739,Unknown,0.34130504727363586,Unknown,0.4211167097091675,Unknown,0.7442737817764282,NA,NA,NA,NA,NA,NA,NA,NA,NA
x27004_636_55568_12_46,636.55568,12.46,20:3,27004,Unknown,NA,NA,NA,NA,Unknown,NA,Unknown,NA,Unknown,NA,Unknown,NA,NA,NA,NA,NA,NA,NA,NA,NA,NA
x40085_916_86895_16_242,916.86895,16.242,20:3,40085,Unknown,NA,NA,NA,NA,Unknown,NA,Unknown,NA,Unknown,NA,Unknown,NA,NA,NA,NA,NA,NA,NA,NA,NA,NA
x41464_888_83906_17_159,888.83906,17.159,20:3,41464,Unknown,NA,NA,NA,NA,Unknown,NA,Unknown,NA,Unknown,NA,Unknown,NA,NA,NA,NA,NA,NA,NA,NA,NA,NA
x23207_658_53965_11_183,658.53965,11.183,20:3,23207,Unknown,NA,NA,NA,NA,Unknown,NA,Unknown,NA,Unknown,NA,Unknown,NA,NA,NA,NA,NA,NA,NA,NA,NA,NA
x35323_867_7134_14_479,867.7134,14.479,20:3,35323,Unknown,NA,C49H94N4O8,[M + H]+,C49H94N4O8,Unknown,0.5615663528442383,Unknown,0.8136565089225769,Unknown,0.732536256313324,Unknown,0.5417506694793701,NA,NA,NA,NA,NA,NA,NA,NA,NA
x16564_470_36389_7_936,470.36389,7.936,20:3,16564,Unknown,NA,C30H47NO3,[M + H]+,C30H47NO3,Terpenoids,0.9990718364715576,Steroids,0.998789131641388,Unknown,0.7873362302780151,Glycinated bile acids and derivatives,0.9980748891830444,NA,NA,NA,NA,NA,NA,NA,NA,NA
x8998_434_39937_4_917,434.39937,4.917,20:3,8998,Unknown,NA,NA,NA,NA,Unknown,NA,Unknown,NA,Unknown,NA,Unknown,NA,NA,NA,NA,NA,NA,NA,NA,NA,NA
x29521_664_58531_13_119,664.58531,13.119,20:3,29521,Unknown,NA,NA,NA,NA,Unknown,NA,Unknown,NA,Unknown,NA,Unknown,NA,NA,NA,NA,NA,NA,NA,NA,NA,NA
x2993_378_30117_2_842,378.30117,2.842,20:3,2993,Unknown,NA,C23H39NO3,[M + H]+,C23H39NO3,Fatty acids,0.910769820213318,Unknown,0.47955521941185,Unknown,0.21325628459453583,N-acyl amines,0.97284996509552,NA,NA,NA,NA,NA,NA,NA,NA,NA
x18990_532_41538_8_925,532.41538,8.925,20:3,18990,Unknown,NA,C36H53NO2,[M + H]+,C36H53NO2,Unknown,0.7455491423606873,Unknown,0.3070976138114929,Unknown,0.2393108457326889,Unknown,0.802570641040802,NA,NA,NA,NA,NA,NA,NA,NA,NA
x8202_484_41591_4_603,484.41591,4.603,20:3,8202,Unknown,NA,C32H53NO2,[M + H]+,C32H53NO2,Unknown,0.7650749087333679,Unknown,0.8009911179542542,Unknown,0.39199844002723694,Unknown,0.6999388933181763,NA,NA,NA,NA,NA,NA,NA,NA,NA
x5968_456_38482_3_914,456.38482,3.914,20:3,5968,Unknown,NA,C30H49NO2,[M + H]+,C30H49NO2,Terpenoids,0.9299365282058716,Unknown,0.8395252823829651,Unknown,0.8403705358505249,Unknown,0.7090803384780884,NA,NA,NA,NA,NA,NA,NA,NA,NA
x25225_660_55428_11_979,660.55428,11.979,20:3,25225,Unknown,NA,NA,NA,NA,Unknown,NA,Unknown,NA,Unknown,NA,Unknown,NA,NA,NA,NA,NA,NA,NA,NA,NA,NA
x7168_591_58338_4_307,591.58338,4.307,20:3,7168,Unknown,NA,C38H74N2O2,[M + H]+,C38H74N2O2,Unknown,0.5790436863899231,Unknown,0.5188500881195068,Unknown,0.7201281189918518,Unknown,0.5420436859130859,NA,NA,NA,NA,NA,NA,NA,NA,NA
x15580_504_38402_7_5,504.38402,7.5,20:3,15580,Unknown,NA,C27H47BN6O,[M + Na]+,C27H47BN6O,Unknown,0.14403069019317627,Unknown,0.12174684554338457,Unknown,0.13705885410308838,Unknown,0.6893565654754639,NA,NA,NA,NA,NA,NA,NA,NA,NA
x6348_406_3685_4_054,406.3685,4.054,20:3,6348,Unknown,NA,C26H47NO2,[M + H]+,C26H47NO2,Fatty acids,0.9893688559532166,Fatty amides,0.8804796934127808,Unknown,0.7236568331718445,N-acyl amines,0.9827197790145874,NA,NA,NA,NA,NA,NA,NA,NA,NA
x23718_658_53957_11_51,658.53957,11.51,20:3,23718,Unknown,NA,NA,NA,NA,Unknown,NA,Unknown,NA,Unknown,NA,Unknown,NA,NA,NA,NA,NA,NA,NA,NA,NA,NA
x17599_506_39886_8_359,506.39886,8.359,20:3,17599,Unknown,NA,C32H53NO2,[M + Na]+,C32H53NO2,Terpenoids,0.9578171968460084,Unknown,0.7580767273902893,Unknown,0.44944804906845093,Unknown,0.6217206120491028,NA,NA,NA,NA,NA,NA,NA,NA,NA
x41695_916_86951_17_473,916.86951,17.473,20:3,41695,Unknown,NA,C14H28O31S7,[M + H]+,C14H28O31S7,Carbohydrates,0.9378513693809508,Unknown,0.13421735167503357,Unknown,0.10147978365421297,Unknown,0.6142078042030334,NA,NA,NA,NA,NA,NA,NA,NA,NA
x7027_470_40051_4_269,470.40051,4.269,20:3,7027,Unknown,NA,C31H51NO2,[M + H]+,C31H51NO2,Unknown,0.6797220706939697,Unknown,0.803544819355011,Unknown,0.3688684105873108,Unknown,0.748701810836792,NA,NA,NA,NA,NA,NA,NA,NA,NA
x7327_472_37991_4_393,472.37991,4.393,20:3,7327,Unknown,NA,NA,NA,NA,Unknown,NA,Unknown,NA,Unknown,NA,Unknown,NA,NA,NA,NA,NA,NA,NA,NA,NA,NA
x28805_532_40806_12_953,532.40806,12.953,20:3,28805,Unknown,NA,C27H49N9O2,[M + H]+,C27H49N9O2,Unknown,0.4527060091495514,Unknown,0.29452067613601685,Unknown,0.753903329372406,Unknown,0.5759561657905579,NA,NA,NA,NA,NA,NA,NA,NA,NA
x30278_664_57991_13_218,664.57991,13.218,20:3,30278,Unknown,NA,C41H78NO3P,[M + H]+,C41H78NO3P,Fatty acids,0.9917579293251038,Unknown,0.8234875798225403,Unknown,0.42927831411361694,Unknown,0.575458288192749,NA,NA,NA,NA,NA,NA,NA,NA,NA
x4000_380_35116_3_365,380.35116,3.365,20:3,4000,Unknown,NA,C24H45NO2,[M + H]+,C24H45NO2,Fatty acids,0.9946178793907166,Fatty amides,0.9793370962142944,Unknown,0.5797592401504517,N-acyl amines,0.9463707804679872,NA,NA,NA,NA,NA,NA,NA,NA,NA
x10372_460_415_5_458,460.415,5.458,20:3,10372,Unknown,NA,C30H53NO2,[M + H]+,C30H53NO2,Unknown,0.742409348487854,Unknown,0.8430219292640686,Unknown,0.05724567547440529,Unknown,0.5420757532119751,NA,NA,NA,NA,NA,NA,NA,NA,NA
x10765_488_35462_5_539,488.35462,5.539,20:3,10765,Unknown,NA,C33H45NO2,[M + H]+,C33H45NO2,Unknown,0.7843171954154968,Unknown,0.14315639436244965,Unknown,0.31667229533195496,Unknown,0.5851600170135498,NA,NA,NA,NA,NA,NA,NA,NA,NA
x16034_504_38473_7_657,504.38473,7.657,20:3,16034,Unknown,NA,C34H49NO2,[M + H]+,C34H49NO2,Unknown,0.5831829309463501,Unknown,0.3939848244190216,Unknown,0.13076353073120117,Unknown,0.7032252550125122,NA,NA,NA,NA,NA,NA,NA,NA,NA
x2904_394_33048_2_845,394.33048,2.845,20:3,2904,Unknown,NA,C24H43NO3,[M + H]+,C24H43NO3,Unknown,0.7822975516319275,Unknown,0.7931321263313293,Unknown,0.5584231019020081,Unknown,0.7930291891098022,NA,NA,NA,NA,NA,NA,NA,NA,NA
x7451_458_39959_4_403,458.39959,4.403,20:3,7451,Unknown,NA,C30H51NO2,[M + H]+,C30H51NO2,Fatty acids,0.9912158250808716,Unknown,0.8094176650047302,Unknown,0.3029320240020752,Unknown,0.8031893372535706,NA,NA,NA,NA,NA,NA,NA,NA,NA
x28909_663_63778_12_988,663.63778,12.988,20:3,28909,Unknown,NA,C42H82N2O3,[M + H]+,C42H82N2O3,Fatty acids,0.9944532513618468,Unknown,0.59922856092453,Unknown,0.4939706027507782,Unknown,0.8076719641685486,NA,NA,NA,NA,NA,NA,NA,NA,NA
x33118_692_61561_13_883,692.61561,13.883,20:3,33118,Unknown,NA,NA,NA,NA,Unknown,NA,Unknown,NA,Unknown,NA,Unknown,NA,NA,NA,NA,NA,NA,NA,NA,NA,NA
x7797_444_38432_4_481,444.38432,4.481,20:3,7797,Unknown,NA,C29H49NO2,[M + H]+,C29H49NO2,Unknown,0.6100072264671326,Unknown,0.390719473361969,Unknown,0.24817177653312683,Lipids and lipid-like molecules,0.9117543697357178,NA,NA,NA,NA,NA,NA,NA,NA,NA
x5210_379_3357_3_761,379.3357,3.761,20:3,5210,Unknown,NA,C28H42,[M + H]+,C28H42,Terpenoids,0.9836339950561525,Unknown,0.1976260244846344,Unknown,0.06716609001159668,Prenol lipids,0.8904714584350586,NA,NA,NA,NA,NA,NA,NA,NA,NA
x9467_430_36842_5_11,430.36842,5.11,20:3,9467,Unknown,NA,C28H47NO2,[M + H]+,C28H47NO2,Unknown,0.8448825478553772,Unknown,0.6184441447257996,Unknown,0.7769469618797302,Unknown,0.6439439058303833,NA,NA,NA,NA,NA,NA,NA,NA,NA
x26414_720_57731_12_323,720.57731,12.323,20:3,26414,Unknown,NA,NA,NA,NA,Unknown,NA,Unknown,NA,Unknown,NA,Unknown,NA,NA,NA,NA,NA,NA,NA,NA,NA,NA
x11428_510_39329_5_744,510.39329,5.744,20:3,11428,Unknown,NA,C33H51NO3,[M + H]+,C33H51NO3,Unknown,0.30525290966033936,Unknown,0.3650340735912323,Unknown,0.4620592892169952,Unknown,0.5846890807151794,NA,NA,NA,NA,NA,NA,NA,NA,NA
x5590_468_38576_3_799,468.38576,3.799,20:3,5590,Unknown,NA,C31H49NO2,[M + H]+,C31H49NO2,Terpenoids,0.9734041094779968,Unknown,0.7130728363990784,Unknown,0.2687760591506958,Unknown,0.5187395215034485,NA,NA,NA,NA,NA,NA,NA,NA,NA
x6565_482_40226_4_047,482.40226,4.047,20:3,6565,Unknown,NA,C27H47BN6O,[M + H]+,C27H47BN6O,Unknown,0.1848900318145752,Unknown,0.05720435082912445,Unknown,0.17473292350769043,Unknown,0.6611492037773132,NA,NA,NA,NA,NA,NA,NA,NA,NA
x39596_872_77229_16_05,872.77229,16.05,20:4,39596,Triacylglycerols,TAG(16:0/16:0/20:4) [M+NH4]+,NA,NA,NA,Unknown,NA,Unknown,NA,Unknown,NA,Unknown,NA,NA,NA,NA,NA,NA,Glycerolipid,Triacylglycerols,Triacylglycerols,TAG(16:0/16:0/20:4) [M+NH4]+
x38072_872_76878_15_399,872.76878,15.399,20:4,38072,Triacylglycerols,TAG(16:0/16:0/20:4) [M+NH4]+,C53H103NO6,[M + Na]+,C53H103NO6,Fatty acids,0.9999866485595704,Glycerolipids,0.9739936590194702,Triacylglycerols,0.9920977354049684,N-acyl amines,0.9424925446510316,NA,NA,NA,NA,NA,Glycerolipid,Triacylglycerols,Triacylglycerols,TAG(16:0/16:0/20:4) [M+NH4]+
x40713_858_79187_16_592,858.79187,16.592,20:4,40713,MADAG,MADAG(O-16:0/16:0/20:4) [M+NH4]+,NA,NA,NA,Unknown,NA,Unknown,NA,Unknown,NA,Unknown,NA,NA,NA,NA,NA,NA,Glycerolipid,Monoalkyldiacylglycerols,MADAG,MADAG(O-16:0/16:0/20:4) [M+NH4]+
x41273_886_82369_16_981,886.82369,16.981,20:4,41273,MADAG,MADAG(O-16:0/18:0/20:4) / (O-16:0/16:0/22:4) [M+NH4]+,NA,NA,NA,Unknown,NA,Unknown,NA,Unknown,NA,Unknown,NA,NA,NA,NA,NA,NA,Glycerolipid,Monoalkyldiacylglycerols,MADAG,MADAG(O-16:0/18:0/20:4) / (O-16:0/16:0/22:4) [M+NH4]+
x38690_910_8219_15_662,910.8219,15.662,20:4,38690,MADAG,MADAG(56:6) [M+NH4]+,NA,NA,NA,Unknown,NA,Unknown,NA,Unknown,NA,Unknown,NA,NA,NA,NA,NA,NA,Glycerolipid,Monoalkyldiacylglycerols,MADAG,MADAG(56:6) [M+NH4]+
x37719_944_77041_15_287,944.77041,15.287,20:4,37719,Triacylglycerols,TAG(18:0/18:4/22:6) / (16:0/20:4/22:6) [M+NH4]+,C56H101N3O8,[M + H]+,C56H101N3O8,Fatty acids,0.964057981967926,Unknown,0.581950306892395,Unknown,0.428475558757782,Unknown,0.5250541567802429,NA,NA,NA,NA,NA,Glycerolipid,Triacylglycerols,Triacylglycerols,TAG(18:0/18:4/22:6) / (16:0/20:4/22:6) [M+NH4]+
x38810_858_79253_15_712,858.79253,15.712,20:4,38810,MADAG,MADAG(O-16:0/16:0/20:4) [M+NH4]+,NA,NA,NA,Unknown,NA,Unknown,NA,Unknown,NA,Unknown,NA,NA,NA,NA,NA,NA,Glycerolipid,Monoalkyldiacylglycerols,MADAG,MADAG(O-16:0/16:0/20:4) [M+NH4]+
x36593_968_76832_14_871,968.76832,14.871,20:4,36593,Triacylglycerols,TAG(18:3/20:3/22:6) / 22:5 [M+NH4]+,C56H103N3O8,[M + Na]+,C56H103N3O8,Fatty acids,0.9535580277442932,Unknown,0.5337893962860107,Unknown,0.22760647535324097,Unknown,0.6432971954345703,NA,NA,NA,NA,NA,Glycerolipid,Triacylglycerols,Triacylglycerols,TAG(18:3/20:3/22:6) / 22:5 [M+NH4]+
x39422_912_83873_15_969,912.83873,15.969,20:4,39422,MADAG,MADAG(56:5) [M+NH4]+,C59H109NO5,[M + H]+,C59H109NO5,Fatty acids,0.9999010562896729,Glycerolipids,0.980379581451416,Triacylglycerols,0.9964841604232788,Unknown,0.8223949074745178,NA,NA,NA,NA,NA,Glycerolipid,Monoalkyldiacylglycerols,MADAG,MADAG(56:5) [M+NH4]+
x38249_884_80447_15_483,884.80447,15.483,20:4,38249,MADAG,MADAG(O-18:0/16:0/20:5) [M+NH4]+,NA,NA,NA,Unknown,NA,Unknown,NA,Unknown,NA,Unknown,NA,NA,NA,NA,NA,NA,Glycerolipid,Monoalkyldiacylglycerols,MADAG,MADAG(O-18:0/16:0/20:5) [M+NH4]+
x38890_900_79916_15_741,900.79916,15.741,20:4,38890,Triacylglycerols,TAG(16:0/18:0/20:4) [M+NH4]+,NA,NA,NA,Unknown,NA,Unknown,NA,Unknown,NA,Unknown,NA,NA,NA,NA,NA,NA,Glycerolipid,Triacylglycerols,Triacylglycerols,TAG(16:0/18:0/20:4) [M+NH4]+
x41233_912_83892_16_95,912.83892,16.95,20:4,41233,MADAG,MADAG(56:5) [M+NH4]+,NA,NA,NA,Unknown,NA,Unknown,NA,Unknown,NA,Unknown,NA,NA,NA,NA,NA,NA,Glycerolipid,Monoalkyldiacylglycerols,MADAG,MADAG(56:5) [M+NH4]+
x39961_940_87104_16_19,940.87104,16.19,20:4,39961,MADAG,MADAG(58:5) [M+NH4]+,NA,NA,NA,Unknown,NA,Unknown,NA,Unknown,NA,Unknown,NA,NA,NA,NA,NA,NA,Glycerolipid,Monoalkyldiacylglycerols,MADAG,MADAG(58:5) [M+NH4]+
x39969_968_89918_16_204,968.89918,16.204,20:4,39969,MADAG,MADAG(60:5) [M+NH4]+,C37H29BrI2N2O5S,[M + Na]+,C37H29BrI2N2O5S,Unknown,0.7261436581611633,Unknown,0.0351964458823204,Unknown,0.17852067947387695,Unknown,0.8002297878265381,NA,NA,NA,NA,NA,Glycerolipid,Monoalkyldiacylglycerols,MADAG,MADAG(60:5) [M+NH4]+
x39322_880_77617_15_921,880.77617,15.921,20:4,39322,MADAG,MADAG(O-16:0/18:3/20:4) [M+NH4]+,NA,NA,NA,Unknown,NA,Unknown,NA,Unknown,NA,Unknown,NA,NA,NA,NA,NA,NA,Glycerolipid,Monoalkyldiacylglycerols,MADAG,MADAG(O-16:0/18:3/20:4) [M+NH4]+
x39141_930_78887_15_835,930.78887,15.835,20:4,39141,MADAG,MADAG(O-18:0/20:4/22:6) [M+NH4]+,C59H105NO5,[M + Na]+,C59H105NO5,Fatty acids,0.9983676075935364,Unknown,0.6473451256752014,Triacylglycerols,0.9162003993988036,N-acyl amines,0.960838794708252,NA,NA,NA,NA,NA,Glycerolipid,Monoalkyldiacylglycerols,MADAG,MADAG(O-18:0/20:4/22:6) [M+NH4]+
x39995_882_7922_16_226,882.7922,16.226,20:4,39995,Unknown,NA,NA,NA,NA,Unknown,NA,Unknown,NA,Unknown,NA,Unknown,NA,NA,NA,NA,NA,NA,NA,NA,NA,NA
x40709_910_82287_16_592,910.82287,16.592,20:4,40709,MADAG,MADAG(56:6) [M+NH4]+,NA,NA,NA,Unknown,NA,Unknown,NA,Unknown,NA,Unknown,NA,NA,NA,NA,NA,NA,Glycerolipid,Monoalkyldiacylglycerols,MADAG,MADAG(56:6) [M+NH4]+
x27749_662_57157_12_662,662.57157,12.662,20:4,27749,Diacylglycerols,DAG(16:0/22:4) [M+NH4]+,NA,NA,NA,Unknown,NA,Unknown,NA,Unknown,NA,Unknown,NA,NA,NA,NA,NA,NA,Glycerolipid,Diacylglycerols,Diacylglycerols,DAG(16:0/22:4) [M+NH4]+
x38339_934_82163_15_517,934.82163,15.517,20:4,38339,MADAG,MADAG(O-16:0/20:4/22:4) [M+NH4]+,NA,NA,NA,Unknown,NA,Unknown,NA,Unknown,NA,Unknown,NA,NA,NA,NA,NA,NA,Glycerolipid,Monoalkyldiacylglycerols,MADAG,MADAG(O-16:0/20:4/22:4) [M+NH4]+
x40064_914_85631_16_238,914.85631,16.238,20:4,40064,MADAG,MADAG(56:4) [M+NH4]+,NA,NA,NA,Unknown,NA,Unknown,NA,Unknown,NA,Unknown,NA,NA,NA,NA,NA,NA,Glycerolipid,Monoalkyldiacylglycerols,MADAG,MADAG(56:4) [M+NH4]+
x40448_910_82144_16_435,910.82144,16.435,20:4,40448,MADAG,MADAG(56:6) [M+NH4]+,NA,NA,NA,Unknown,NA,Unknown,NA,Unknown,NA,Unknown,NA,NA,NA,NA,NA,NA,Glycerolipid,Monoalkyldiacylglycerols,MADAG,MADAG(56:6) [M+NH4]+
x41596_914_85546_17_336,914.85546,17.336,20:4,41596,MADAG,MADAG(56:4) [M+NH4]+,NA,NA,NA,Unknown,NA,Unknown,NA,Unknown,NA,Unknown,NA,NA,NA,NA,NA,NA,Glycerolipid,Monoalkyldiacylglycerols,MADAG,MADAG(56:4) [M+NH4]+
x37648_906_79107_15_257,906.79107,15.257,20:4,37648,MADAG,MADAG(O-16:0/20:4/20:4) [M+NH4]+,NA,NA,NA,Unknown,NA,Unknown,NA,Unknown,NA,Unknown,NA,NA,NA,NA,NA,NA,Glycerolipid,Monoalkyldiacylglycerols,MADAG,MADAG(O-16:0/20:4/20:4) [M+NH4]+
x39601_906_79162_16_052,906.79162,16.052,20:4,39601,MADAG,MADAG(O-16:0/20:4/20:4) [M+NH4]+,NA,NA,NA,Unknown,NA,Unknown,NA,Unknown,NA,Unknown,NA,NA,NA,NA,NA,NA,Glycerolipid,Monoalkyldiacylglycerols,MADAG,MADAG(O-16:0/20:4/20:4) [M+NH4]+
x37764_932_80609_15_303,932.80609,15.303,20:4,37764,MADAG,MADAG(O-18:0/20:4/22:5) [M+NH4]+,C59H107NO5,[M + Na]+,C59H107NO5,Fatty acids,0.9999202489852904,Glycerolipids,0.9689077138900756,Triacylglycerols,0.9974709749221802,Unknown,0.6669458746910095,NA,NA,NA,NA,NA,Glycerolipid,Monoalkyldiacylglycerols,MADAG,MADAG(O-18:0/20:4/22:5) [M+NH4]+
x39668_926_85448_16_049,926.85448,16.049,20:4,39668,Unknown,NA,NA,NA,NA,Unknown,NA,Unknown,NA,Unknown,NA,Unknown,NA,NA,NA,NA,NA,NA,NA,NA,NA,NA
x3477_424_31823_3_083,424.31823,3.083,20:4,3477,Unknown,dopamine-C20:3,C21H38FN7O,[M + H]+,C21H38FN7O,Alkaloids,0.9993125200271606,Unknown,0.46155139803886414,Unknown,0.18947207927703855,Unknown,0.6289271712303162,0.852216,4.24335,dopamine-C20:3,Phenols,Benzenediols,NA,NA,NA,NA
x38454_878_76101_15_567,878.76101,15.567,20:4,38454,MADAG,MADAG(O-16:0/18:3/20:5) / (O-16:0/18:4/20:4) [M+NH4]+,NA,NA,NA,Unknown,NA,Unknown,NA,Unknown,NA,Unknown,NA,NA,NA,NA,NA,NA,Glycerolipid,Monoalkyldiacylglycerols,MADAG,MADAG(O-16:0/18:3/20:5) / (O-16:0/18:4/20:4) [M+NH4]+
x35574_971_78669_14_583,971.78669,14.583,20:4,35574,Unknown,NA,C54H104N6O7,[M + Na]+,C54H104N6O7,Unknown,0.7519267797470093,Unknown,0.8465891480445862,Unknown,0.5313974618911743,Unknown,0.5502029061317444,NA,NA,NA,NA,NA,NA,NA,NA,NA
x25763_634_5403_12_132,634.5403,12.132,20:4,25763,Diacylglycerols,DAG(16:0/20:4) [M+NH4]+,NA,NA,NA,Unknown,NA,Unknown,NA,Unknown,NA,Unknown,NA,NA,NA,NA,NA,NA,Glycerolipid,Diacylglycerols,Diacylglycerols,DAG(16:0/20:4) [M+NH4]+
x39744_900_83982_16_086,900.83982,16.086,20:4,39744,Unknown,NA,NA,NA,NA,Unknown,NA,Unknown,NA,Unknown,NA,Unknown,NA,NA,NA,NA,NA,NA,NA,NA,NA,NA
x6338_452_34959_4_038,452.34959,4.038,20:4,6338,Unknown,NA,C23H50NO5P,[M + H]+,C23H50NO5P,Fatty acids,0.9913528561592102,Unknown,0.6281200051307678,Unknown,0.3395922780036926,Unknown,0.820006251335144,NA,NA,NA,NA,NA,NA,NA,NA,NA
x39112_872_80859_15_82,872.80859,15.82,20:4,39112,Triacylglycerols,NA,C56H102O5,[M + H3N + H]+,C56H105NO5,Fatty acids,0.9999960660934448,Glycerolipids,0.999897003173828,Triacylglycerols,0.999732792377472,Triacylglycerols,0.9957937002182008,NA,NA,NA,NA,NA,NA,NA,NA,NA
x38801_904_77237_15_725,904.77237,15.725,20:4,38801,MADAG,MADAG(O-16:0/20:4/20:5) / (O-16:0/18:3/22:6) [M+NH4]+,C57H103NO5,[M + Na]+,C57H103NO5,Fatty acids,0.9998886585235596,Glycerolipids,0.9809788465499878,Triacylglycerols,0.9864641427993774,Unknown,0.7148334980010986,NA,NA,NA,NA,NA,Glycerolipid,Monoalkyldiacylglycerols,MADAG,MADAG(O-16:0/20:4/20:5) / (O-16:0/18:3/22:6) [M+NH4]+
x41548_940_87063_17_275,940.87063,17.275,20:4,41548,MADAG,MADAG(58:5) [M+NH4]+,NA,NA,NA,Unknown,NA,Unknown,NA,Unknown,NA,Unknown,NA,NA,NA,NA,NA,NA,Glycerolipid,Monoalkyldiacylglycerols,MADAG,MADAG(58:5) [M+NH4]+
x40253_934_82237_16_346,934.82237,16.346,20:4,40253,MADAG,MADAG(O-16:0/20:4/22:4) [M+NH4]+,NA,NA,NA,Unknown,NA,Unknown,NA,Unknown,NA,Unknown,NA,NA,NA,NA,NA,NA,Glycerolipid,Monoalkyldiacylglycerols,MADAG,MADAG(O-16:0/20:4/22:4) [M+NH4]+
x38215_960_83595_15_48,960.83595,15.48,20:4,38215,MADAG,MADAG(O-18/20:4/22:5) [M+NH4]+,NA,NA,NA,Unknown,NA,Unknown,NA,Unknown,NA,Unknown,NA,NA,NA,NA,NA,NA,Glycerolipid,Monoalkyldiacylglycerols,MADAG,MADAG(O-18/20:4/22:5) [M+NH4]+
x39541_932_80618_16_033,932.80618,16.033,20:4,39541,MADAG,MADAG(O-18:0/20:4/22:5) [M+NH4]+,NA,NA,NA,Unknown,NA,Unknown,NA,Unknown,NA,Unknown,NA,NA,NA,NA,NA,NA,Glycerolipid,Monoalkyldiacylglycerols,MADAG,MADAG(O-18:0/20:4/22:5) [M+NH4]+
x27217_530_3918_12_527,530.3918,12.527,20:4,27217,Unknown,NA,NA,NA,NA,Unknown,NA,Unknown,NA,Unknown,NA,Unknown,NA,NA,NA,NA,NA,NA,NA,NA,NA,NA
x39967_958_81624_16_19,958.81624,16.19,20:4,39967,Triacylglycerols,NA,C61H109NO5,[M + Na]+,C61H109NO5,Fatty acids,0.9964994192123412,Unknown,0.7078522443771362,Triacylglycerols,0.9100956916809082,Unknown,0.5782198309898376,NA,NA,NA,NA,NA,NA,NA,NA,NA
x9849_486_33804_5_204,486.33804,5.204,20:4,9849,Unknown,NA,C33H43NO2,[M + H]+,C33H43NO2,Unknown,0.5275671482086182,Unknown,0.13842952251434326,Unknown,0.09267767518758774,Unknown,0.6051703691482544,NA,NA,NA,NA,NA,NA,NA,NA,NA
x12395_452_35157_6_187,452.35157,6.187,20:4,12395,Unknown,NA,C30H45NO2,[M + H]+,C30H45NO2,Unknown,0.5603600740432739,Unknown,0.34130504727363586,Unknown,0.4211167097091675,Unknown,0.7442737817764282,NA,NA,NA,NA,NA,NA,NA,NA,NA
x7706_377_3207_4_435,377.3207,4.435,20:4,7706,Unknown,NA,C28H40,[M + H]+,C28H40,Terpenoids,0.9981268048286438,Unknown,0.10298336297273636,Unknown,0.02455445937812328,Prenol lipids,0.94966858625412,NA,NA,NA,NA,NA,NA,NA,NA,NA
x40817_936_83793_16_662,936.83793,16.662,20:4,40817,MADAG,MADAG(O-18:0/20:3/22:4) [M+NH4]+,NA,NA,NA,Unknown,NA,Unknown,NA,Unknown,NA,Unknown,NA,NA,NA,NA,NA,NA,Glycerolipid,Monoalkyldiacylglycerols,MADAG,MADAG(O-18:0/20:3/22:4) [M+NH4]+
x40444_968_90257_16_414,968.90257,16.414,20:4,40444,MADAG,MADAG(60:5) [M+NH4]+,NA,NA,NA,Unknown,NA,Unknown,NA,Unknown,NA,Unknown,NA,NA,NA,NA,NA,NA,Glycerolipid,Monoalkyldiacylglycerols,MADAG,MADAG(60:5) [M+NH4]+
x38848_988_86551_15_712,988.86551,15.712,20:4,38848,Unknown,NA,C63H115NO5,[M + Na]+,C63H115NO5,Fatty acids,0.998887836933136,Unknown,0.3139388859272003,Unknown,0.7297996878623962,N-acyl amines,0.952509582042694,NA,NA,NA,NA,NA,NA,NA,NA,NA
x25007_634_53948_11_913,634.53948,11.913,20:4,25007,Diacylglycerols,DAG(16:0/20:4) [M+NH4]+,NA,NA,NA,Unknown,NA,Unknown,NA,Unknown,NA,Unknown,NA,NA,NA,NA,NA,NA,Glycerolipid,Diacylglycerols,Diacylglycerols,DAG(16:0/20:4) [M+NH4]+
x39825_830_76252_16_159,830.76252,16.159,20:4,39825,MADAG,MADAG(O-16:0/16:0/18:4) / (O-16:0/14:0/20:4) [M+NH4]+,C53H96O5,[M + H3N + H]+,C53H99NO5,Fatty acids,0.9999966621398926,Glycerolipids,0.9998867511749268,Triacylglycerols,0.9952481389045716,Triacylglycerols,0.9236792922019958,NA,NA,NA,NA,NA,Glycerolipid,Monoalkyldiacylglycerols,MADAG,MADAG(O-16:0/16:0/18:4) / (O-16:0/14:0/20:4) [M+NH4]+
x40198_954_88717_16_294,954.88717,16.294,20:4,40198,Triacylglycerols,NA,C62H115NO5,[M + H]+,C62H115NO5,Fatty acids,0.9969653487205504,Unknown,0.6040215492248535,Triacylglycerols,0.9668344855308532,N-acyl amines,0.9400498270988464,NA,NA,NA,NA,NA,NA,NA,NA,NA
x28449_662_56951_12_84,662.56951,12.84,20:4,28449,Unknown,NA,NA,NA,NA,Unknown,NA,Unknown,NA,Unknown,NA,Unknown,NA,NA,NA,NA,NA,NA,NA,NA,NA,NA
x18654_622_48324_8_733,622.48324,8.733,20:4,18654,Unknown,NA,C38H65NO4,[M + Na]+,C38H65NO4,Unknown,0.569189727306366,Unknown,0.31296977400779724,Unknown,0.4264312982559204,Unknown,0.589713990688324,NA,NA,NA,NA,NA,NA,NA,NA,NA
x22634_682_541_10_805,682.541,10.805,20:4,22634,Diacylglycerols,DAG(40:8) [M+NH4]+,NA,NA,NA,Unknown,NA,Unknown,NA,Unknown,NA,Unknown,NA,NA,NA,NA,NA,NA,Glycerolipid,Diacylglycerols,Diacylglycerols,DAG(40:8) [M+NH4]+
x36836_904_77406_15_001,904.77406,15.001,20:4,36836,MADAG,MADAG(O-16:0/20:4/20:5) / (O-16:0/18:3/22:6) [M+NH4]+,C57H103NO5,[M + Na]+,C57H103NO5,Fatty acids,0.9949251413345336,Unknown,0.6176098585128784,Unknown,0.7838265299797058,Unknown,0.5091637969017029,NA,NA,NA,NA,NA,Glycerolipid,Monoalkyldiacylglycerols,MADAG,MADAG(O-16:0/20:4/20:5) / (O-16:0/18:3/22:6) [M+NH4]+
x40428_960_83799_16_413,960.83799,16.413,20:4,40428,MADAG,MADAG(O-18/20:4/22:5) [M+NH4]+,NA,NA,NA,Unknown,NA,Unknown,NA,Unknown,NA,Unknown,NA,NA,NA,NA,NA,NA,Glycerolipid,Monoalkyldiacylglycerols,MADAG,MADAG(O-18/20:4/22:5) [M+NH4]+
x40937_962_85374_16_72,962.85374,16.72,20:4,40937,MADAG,MADAG(O-18/20:4/22:4) [M+NH4]+,C61H113NO5,[M + Na]+,C61H113NO5,Fatty acids,0.9999361038208008,Glycerolipids,0.9561036825180054,Triacylglycerols,0.9968219995498656,N-acyl amines,0.9308926463127136,NA,NA,NA,NA,NA,Glycerolipid,Monoalkyldiacylglycerols,MADAG,MADAG(O-18/20:4/22:4) [M+NH4]+
x41741_968_90229_17_608,968.90229,17.608,20:4,41741,MADAG,MADAG(60:5) [M+NH4]+,NA,NA,NA,Unknown,NA,Unknown,NA,Unknown,NA,Unknown,NA,NA,NA,NA,NA,NA,Glycerolipid,Monoalkyldiacylglycerols,MADAG,MADAG(60:5) [M+NH4]+
x41764_942_88694_17_664,942.88694,17.664,20:4,41764,MADAG,MADAG(O-16:0/20:4/22:0) [M+NH4]+,NA,NA,NA,Unknown,NA,Unknown,NA,Unknown,NA,Unknown,NA,NA,NA,NA,NA,NA,Glycerolipid,Monoalkyldiacylglycerols,MADAG,MADAG(O-16:0/20:4/22:0) [M+NH4]+
x9810_462_33807_5_167,462.33807,5.167,20:4,9810,Unknown,NA,C31H43NO2,[M + H]+,C31H43NO2,Unknown,0.3857828080654144,Unknown,0.24519650638103485,Unknown,0.26656731963157654,Unknown,0.574046790599823,NA,NA,NA,NA,NA,NA,NA,NA,NA
x12485_500_35304_6_224,500.35304,6.224,20:4,12485,Unknown,NA,C34H45NO2,[M + H]+,C34H45NO2,Unknown,0.4204660952091217,Unknown,0.23764123022556305,Unknown,0.25992581248283386,Unknown,0.6736465096473694,NA,NA,NA,NA,NA,NA,NA,NA,NA
x21719_706_54136_10_324,706.54136,10.324,20:4,21719,Diacylglycerols,DAG(20:4/22:6) [M+NH4]+,NA,NA,NA,Unknown,NA,Unknown,NA,Unknown,NA,Unknown,NA,NA,NA,NA,NA,NA,Glycerolipid,Diacylglycerols,Diacylglycerols,DAG(20:4/22:6) [M+NH4]+
x2341_518_34867_2_321,518.34867,2.321,20:4,2341,Unknown,NA,C30H47NO6,[M + H]+,C30H47NO6,Unknown,0.7039869427680969,Unknown,0.16628316044807434,Unknown,0.1494930535554886,N-acyl amines,0.9941082000732422,NA,NA,NA,NA,NA,NA,NA,NA,NA
x40277_928_87206_16_324,928.87206,16.324,20:4,40277,Unknown,NA,NA,NA,NA,Unknown,NA,Unknown,NA,Unknown,NA,Unknown,NA,NA,NA,NA,NA,NA,NA,NA,NA,NA
x10165_450_33819_5_34,450.33819,5.34,20:4,10165,Unknown,NA,C30H43NO2,[M + H]+,C30H43NO2,Unknown,0.43936887383461,Unknown,0.17340689897537231,Unknown,0.18296808004379272,Unknown,0.8098655343055725,NA,NA,NA,NA,NA,NA,NA,NA,NA
x38659_958_81894_15_652,958.81894,15.652,20:4,38659,MADAG,MADAG(O-16:0/22:4/22:6) [M+NH4]+,C61H109NO5,[M + Na]+,C61H109NO5,Fatty acids,0.9987975358963012,Unknown,0.8241291642189026,Triacylglycerols,0.9570568203926086,N-acyl amines,0.9318047761917114,NA,NA,NA,NA,NA,Glycerolipid,Monoalkyldiacylglycerols,MADAG,MADAG(O-16:0/22:4/22:6) [M+NH4]+
x39222_928_83161_15_822,928.83161,15.822,20:4,39222,Triacylglycerols,TAG(16:0/18:0/22:4) [M+NH4]+,C59H109NO6,[M + H]+,C59H109NO6,Fatty acids,0.9995860457420348,Unknown,0.6081425547599792,Unknown,0.8440905213356018,N-acyl amines,0.9839876890182496,NA,NA,NA,NA,NA,Glycerolipid,Triacylglycerols,Triacylglycerols,TAG(16:0/18:0/22:4) [M+NH4]+
x6767_689_49643_4_131,689.49643,4.131,20:4,6767,Unknown,NA,NA,NA,NA,Unknown,NA,Unknown,NA,Unknown,NA,Unknown,NA,NA,NA,NA,NA,NA,NA,NA,NA,NA
x17295_860_55712_8_249,860.55712,8.249,20:4,17295,Unknown,NA,C42H77N5O13,[M + H]+,C42H77N5O13,Unknown,0.6945738792419434,Unknown,0.5078057646751404,Unknown,0.6269537806510925,Unknown,0.6212066411972046,NA,NA,NA,NA,NA,NA,NA,NA,NA
x2678_402_30069_2_609,402.30069,2.609,20:4,2678,Unknown,NA,C25H39NO3,[M + H]+,C25H39NO3,Unknown,0.8081864714622498,Unknown,0.42298272252082825,Unknown,0.43262359499931335,N-acyl amines,0.8951244950294495,NA,NA,NA,NA,NA,NA,NA,NA,NA
x18990_532_41538_8_925,532.41538,8.925,20:4,18990,Unknown,NA,C36H53NO2,[M + H]+,C36H53NO2,Unknown,0.7455491423606873,Unknown,0.3070976138114929,Unknown,0.2393108457326889,Unknown,0.802570641040802,NA,NA,NA,NA,NA,NA,NA,NA,NA
x32443_832_70446_13_771,832.70446,13.771,20:4,32443,Unknown,NA,C51H93NO7,[M + H]+,C51H93NO7,Fatty acids,0.9957446455955504,Sphingolipids,0.994103729724884,Unknown,0.7863859534263611,Unknown,0.7902822494506836,NA,NA,NA,NA,NA,NA,NA,NA,NA
x9393_692_42004_5_042,692.42004,5.042,20:4,9393,Unknown,NA,C35H57N5O9,[M + H]+,C35H57N5O9,Amino acids and Peptides,0.9401365518569946,Unknown,0.8309241533279419,Unknown,0.7862598299980164,Unknown,0.5327900052070618,NA,NA,NA,NA,NA,NA,NA,NA,NA
x40398_870_7938_16_388,870.7938,16.388,20:4,40398,Unknown,NA,NA,NA,NA,Unknown,NA,Unknown,NA,Unknown,NA,Unknown,NA,NA,NA,NA,NA,NA,NA,NA,NA,NA
x40554_942_88762_16_477,942.88762,16.477,20:4,40554,MADAG,MADAG(O-16:0/20:4/22:0) [M+NH4]+,NA,NA,NA,Unknown,NA,Unknown,NA,Unknown,NA,Unknown,NA,NA,NA,NA,NA,NA,Glycerolipid,Monoalkyldiacylglycerols,MADAG,MADAG(O-16:0/20:4/22:0) [M+NH4]+
x24895_794_59552_11_856,794.59552,11.856,20:4,24895,Unknown,NA,C42H83NO12,[M + H]+,C42H83NO12,Fatty acids,0.9527619481086732,Sphingolipids,0.9656991958618164,Unknown,0.25332605838775635,Sphingolipids,0.8860604166984558,NA,NA,NA,NA,NA,NA,NA,NA,NA
x41017_872_8101_16_789,872.8101,16.789,20:4,41017,Unknown,NA,NA,NA,NA,Unknown,NA,Unknown,NA,Unknown,NA,Unknown,NA,NA,NA,NA,NA,NA,NA,NA,NA,NA
x41457_900_84113_17_158,900.84113,17.158,20:4,41457,Unknown,NA,NA,NA,NA,Unknown,NA,Unknown,NA,Unknown,NA,Unknown,NA,NA,NA,NA,NA,NA,NA,NA,NA,NA
x16730_622_48169_8_025,622.48169,8.025,20:4,16730,Unknown,NA,C38H65NO4,[M + Na]+,C38H65NO4,Terpenoids,0.923492193222046,Unknown,0.5320185422897339,Unknown,0.8493366241455078,Triterpenoids,0.8770783543586731,NA,NA,NA,NA,NA,NA,NA,NA,NA
x5968_456_38482_3_914,456.38482,3.914,20:4,5968,Unknown,NA,C30H49NO2,[M + H]+,C30H49NO2,Terpenoids,0.9299365282058716,Unknown,0.8395252823829651,Unknown,0.8403705358505249,Unknown,0.7090803384780884,NA,NA,NA,NA,NA,NA,NA,NA,NA
x11377_466_33093_5_717,466.33093,5.717,20:4,11377,Unknown,NA,C28H45NO3,[M + Na]+,C28H45NO3,Unknown,0.6090717911720276,Unknown,0.335879921913147,Unknown,0.5066531300544739,Unknown,0.6863462924957275,NA,NA,NA,NA,NA,NA,NA,NA,NA
x40813_996_93358_16_592,996.93358,16.592,20:4,40813,Unknown,NA,NA,NA,NA,Unknown,NA,Unknown,NA,Unknown,NA,Unknown,NA,NA,NA,NA,NA,NA,NA,NA,NA,NA
x24051_684_55544_11_611,684.55544,11.611,20:4,24051,Unknown,NA,NA,NA,NA,Unknown,NA,Unknown,NA,Unknown,NA,Unknown,NA,NA,NA,NA,NA,NA,NA,NA,NA,NA
x31840_802_69269_13_646,802.69269,13.646,20:4,31840,Triacylglycerols,NA,C50H91NO6,[M + H]+,C50H91NO6,Fatty acids,0.9981010556221008,Unknown,0.41737234592437744,Triacylglycerols,0.8991625308990479,Unknown,0.7513915300369263,NA,NA,NA,NA,NA,NA,NA,NA,NA
x24316_634_53843_11_715,634.53843,11.715,20:4,24316,Diacylglycerols,DAG(16:0/20:4) [M+NH4]+,NA,NA,NA,Unknown,NA,Unknown,NA,Unknown,NA,Unknown,NA,NA,NA,NA,NA,NA,Glycerolipid,Diacylglycerols,Diacylglycerols,DAG(16:0/20:4) [M+NH4]+
x26044_928_60189_12_232,928.60189,12.232,20:4,26044,Unknown,NA,C48H80F3N5O9,[M + H]+,C48H80F3N5O9,Unknown,0.8497750759124756,Oligopeptides,0.9156235456466676,Unknown,0.5622583031654358,Valine and derivatives,0.8583861589431763,NA,NA,NA,NA,NA,NA,NA,NA,NA
x40208_1010_84765_16_328,1010.84765,16.328,20:4,40208,MADAG,MADAG(O-16/20:4/28:8) [M+NH4]+,C60H116NO8P,[M + H]+,C60H116NO8P,Fatty acids,0.9999992847442628,Glycerophospholipids,0.9998505115509032,Glycerophosphoethanolamines,0.9995759129524232,Monomethylphosphatidylethanolamines,0.9225747585296632,NA,NA,NA,NA,NA,Glycerolipid,Monoalkyldiacylglycerols,MADAG,MADAG(O-16/20:4/28:8) [M+NH4]+
x30825_850_65901_13_354,850.65901,13.354,20:4,30825,Unknown,NA,C53H87NO7,[M + H]+,C53H87NO7,Fatty acids,0.9665707945823668,Unknown,0.7982213497161865,Unknown,0.6495158076286316,N-acyl amines,0.91226065158844,NA,NA,NA,NA,NA,NA,NA,NA,NA
x41701_928_87227_17_507,928.87227,17.507,20:4,41701,Unknown,NA,NA,NA,NA,Unknown,NA,Unknown,NA,Unknown,NA,Unknown,NA,NA,NA,NA,NA,NA,NA,NA,NA,NA
x15580_504_38402_7_5,504.38402,7.5,20:4,15580,Unknown,NA,C27H47BN6O,[M + Na]+,C27H47BN6O,Unknown,0.14403069019317627,Unknown,0.12174684554338457,Unknown,0.13705885410308838,Unknown,0.6893565654754639,NA,NA,NA,NA,NA,NA,NA,NA,NA
x37424_904_77147_15_162,904.77147,15.162,20:4,37424,MADAG,MADAG(O-16:0/20:4/20:5) / (O-16:0/18:3/22:6) [M+NH4]+,C57H103NO5,[M + Na]+,C57H103NO5,Fatty acids,0.9997796416282654,Glycerolipids,0.9069713354110718,Triacylglycerols,0.9945216178894044,N-acyl amines,0.9212979674339294,NA,NA,NA,NA,NA,Glycerolipid,Monoalkyldiacylglycerols,MADAG,MADAG(O-16:0/20:4/20:5) / (O-16:0/18:3/22:6) [M+NH4]+
x35665_858_75208_14_607,858.75208,14.607,20:4,35665,Unknown,NA,C54H99NO6,[M + H]+,C54H99NO6,Fatty acids,0.9000502824783325,Unknown,0.7260518074035645,Unknown,0.8183035254478455,Unknown,0.7183150053024292,NA,NA,NA,NA,NA,NA,NA,NA,NA
x20271_508_41511_9_588,508.41511,9.588,20:4,20271,Unknown,NA,C34H53NO2,[M + H]+,C34H53NO2,Unknown,0.8356760144233704,Unknown,0.2996828854084015,Unknown,0.24732327461242676,Unknown,0.6264035105705261,NA,NA,NA,NA,NA,NA,NA,NA,NA
x37893_880_77556_15_37,880.77556,15.37,20:4,37893,Unknown,NA,NA,NA,NA,Unknown,NA,Unknown,NA,Unknown,NA,Unknown,NA,NA,NA,NA,NA,NA,NA,NA,NA,NA
x23718_658_53957_11_51,658.53957,11.51,20:4,23718,Unknown,NA,NA,NA,NA,Unknown,NA,Unknown,NA,Unknown,NA,Unknown,NA,NA,NA,NA,NA,NA,NA,NA,NA,NA
x30159_775_59913_13_27,775.59913,13.27,20:4,30159,Unknown,NA,NA,NA,NA,Unknown,NA,Unknown,NA,Unknown,NA,Unknown,NA,NA,NA,NA,NA,NA,NA,NA,NA,NA
x17599_506_39886_8_359,506.39886,8.359,20:4,17599,Unknown,NA,C32H53NO2,[M + Na]+,C32H53NO2,Terpenoids,0.9578171968460084,Unknown,0.7580767273902893,Unknown,0.44944804906845093,Unknown,0.6217206120491028,NA,NA,NA,NA,NA,NA,NA,NA,NA
x40972_1040_89652_16_773,1040.89652,16.773,20:4,40972,Triacylglycerols,NA,C67H119NO5,[M + Na]+,C67H119NO5,Fatty acids,0.9973198771476746,Glycerolipids,0.9416356086730956,Triacylglycerols,0.9991912245750428,Unknown,0.80458831787109375,NA,NA,NA,NA,NA,NA,NA,NA,NA
x7027_470_40051_4_269,470.40051,4.269,20:4,7027,Unknown,NA,C31H51NO2,[M + H]+,C31H51NO2,Unknown,0.6797220706939697,Unknown,0.803544819355011,Unknown,0.3688684105873108,Unknown,0.748701810836792,NA,NA,NA,NA,NA,NA,NA,NA,NA
x41827_970_91845_17_978,970.91845,17.978,20:4,41827,Unknown,NA,NA,NA,NA,Unknown,NA,Unknown,NA,Unknown,NA,Unknown,NA,NA,NA,NA,NA,NA,NA,NA,NA,NA
x7301_378_33721_4_362,378.33721,4.362,20:4,7301,Unknown,NA,C24H43NO2,[M + H]+,C24H43NO2,Fatty acids,0.9229674339294434,Unknown,0.23623913526535031,Unknown,0.5573474764823914,Unknown,0.6281902194023132,NA,NA,NA,NA,NA,NA,NA,NA,NA
x34587_830_72447_14_278,830.72447,14.278,20:4,34587,Triacylglycerols,NA,C50H97NO6,[M + Na]+,C50H97NO6,Fatty acids,0.999395489692688,Glycerolipids,0.9633713364601136,Triacylglycerols,0.9975494742393494,Triacylglycerols,0.9237292408943176,NA,NA,NA,NA,NA,NA,NA,NA,NA
x5668_438_33639_3_781,438.33639,3.781,20:4,5668,Unknown,NA,C27H45NO2,[M + Na]+,C27H45NO2,Fatty acids,0.9371419548988342,Unknown,0.5532445907592773,Unknown,0.49414852261543274,Unknown,0.5983134508132935,NA,NA,NA,NA,NA,NA,NA,NA,NA
x38137_932_80174_15_475,932.80174,15.475,20:4,38137,MADAG,MADAG(O-18:0/20:4/22:5) [M+NH4]+,C59H107NO5,[M + Na]+,C59H107NO5,Fatty acids,0.99973863363266,Glycerolipids,0.9584860801696776,Triacylglycerols,0.9929755926132202,N-acyl amines,0.9259106516838074,NA,NA,NA,NA,NA,Glycerolipid,Monoalkyldiacylglycerols,MADAG,MADAG(O-18:0/20:4/22:5) [M+NH4]+
x39233_858_79186_15_915,858.79186,15.915,20:4,39233,MADAG,MADAG(O-16:0/16:0/20:4) [M+NH4]+,NA,NA,NA,Unknown,NA,Unknown,NA,Unknown,NA,Unknown,NA,NA,NA,NA,NA,NA,Glycerolipid,Monoalkyldiacylglycerols,MADAG,MADAG(O-16:0/16:0/20:4) [M+NH4]+
x18436_596_50353_8_659,596.50353,8.659,20:4,18436,Unknown,NA,C37H67NO3,[M + Na]+,C37H67NO3,Fatty acids,0.9918805956840516,Unknown,0.5986144542694092,Unknown,0.7647786736488342,Unknown,0.6997867822647095,NA,NA,NA,NA,NA,NA,NA,NA,NA
x23976_377_32043_11_594,377.32043,11.594,20:4,23976,Unknown,NA,C28H40,[M + H]+,C28H40,Terpenoids,0.9968284964561462,Unknown,0.10486949980258942,Unknown,0.08047810196876526,Prenol lipids,0.9721193313598632,NA,NA,NA,NA,NA,NA,NA,NA,NA
x11366_568_39953_5_743,568.39953,5.743,20:4,11366,Unknown,NA,C35H53NO5,[M + H]+,C35H53NO5,Terpenoids,0.911836564540863,Unknown,0.29877445101737976,Unknown,0.7490997910499573,Cyclohexenones,0.9833875894546508,NA,NA,NA,NA,NA,NA,NA,NA,NA
x23104_682_54064_11_115,682.54064,11.115,20:4,23104,Unknown,NA,NA,NA,NA,Unknown,NA,Unknown,NA,Unknown,NA,Unknown,NA,NA,NA,NA,NA,NA,NA,NA,NA,NA
x28446_704_57966_12_847,704.57966,12.847,20:4,28446,Unknown,NA,C43H77NO6,[M + H]+,C43H77NO6,Fatty acids,0.9973363280296326,Unknown,0.7362098693847656,Unknown,0.7703539729118347,Unknown,0.7570916414260864,NA,NA,NA,NA,NA,NA,NA,NA,NA
x9246_518_38587_4_988,518.38587,4.988,20:4,9246,Unknown,NA,NA,NA,NA,Unknown,NA,Unknown,NA,Unknown,NA,Unknown,NA,NA,NA,NA,NA,NA,NA,NA,NA,NA
x8803_692_41947_4_824,692.41947,4.824,20:4,8803,Unknown,NA,C35H57N5O9,[M + H]+,C35H57N5O9,Unknown,0.4434668719768524,Unknown,0.6498128175735474,Unknown,0.24070677161216736,Unknown,0.7223460674285889,NA,NA,NA,NA,NA,NA,NA,NA,NA
x21450_610_52167_10_213,610.52167,10.213,20:4,21450,Unknown,NA,C40H67NO3,[M + H]+,C40H67NO3,Fatty acids,0.9311547875404358,Unknown,0.4507701098918915,Unknown,0.09764617681503296,Unknown,0.5153052806854248,NA,NA,NA,NA,NA,NA,NA,NA,NA
x4094_392_31507_3_351,392.31507,3.351,20:4,4094,Unknown,NA,C24H41NO3,[M + H]+,C24H41NO3,Unknown,0.4723208546638489,Unknown,0.5014069080352783,Unknown,0.5676162242889404,Unknown,0.7872410416603088,NA,NA,NA,NA,NA,NA,NA,NA,NA
x19037_628_49403_8_922,628.49403,8.922,20:4,19037,Unknown,NA,NA,NA,NA,Unknown,NA,Unknown,NA,Unknown,NA,Unknown,NA,NA,NA,NA,NA,NA,NA,NA,NA,NA
x22707_634_53825_10_859,634.53825,10.859,20:4,22707,Diacylglycerols,DAG(16:0/20:4) [M+NH4]+,NA,NA,NA,Unknown,NA,Unknown,NA,Unknown,NA,Unknown,NA,NA,NA,NA,NA,NA,Glycerolipid,Diacylglycerols,Diacylglycerols,DAG(16:0/20:4) [M+NH4]+
x7438_632_45212_4_407,632.45212,4.407,20:4,7438,Unknown,NA,C35H63NO7,[M + Na]+,C35H63NO7,Unknown,0.8108873963356018,Unknown,0.28226855397224426,Unknown,0.4624444246292114,Unknown,0.6675258874893188,NA,NA,NA,NA,NA,NA,NA,NA,NA
x10765_488_35462_5_539,488.35462,5.539,20:4,10765,Unknown,NA,C33H45NO2,[M + H]+,C33H45NO2,Unknown,0.7843171954154968,Unknown,0.14315639436244965,Unknown,0.31667229533195496,Unknown,0.5851600170135498,NA,NA,NA,NA,NA,NA,NA,NA,NA
x30214_774_66039_13_281,774.66039,13.281,20:4,30214,Unknown,NA,C48H87NO6,[M + H]+,C48H87NO6,Fatty acids,0.9990422129631042,Unknown,0.4215455055236816,Unknown,0.2975144684314728,N-acyl amines,0.985352337360382,NA,NA,NA,NA,NA,NA,NA,NA,NA
x40701_956_903_16_524,956.903,16.524,20:4,40701,Unknown,NA,NA,NA,NA,Unknown,NA,Unknown,NA,Unknown,NA,Unknown,NA,NA,NA,NA,NA,NA,NA,NA,NA,NA
x11855_552_40511_5_963,552.40511,5.963,20:4,11855,Unknown,NA,C35H53NO4,[M + H]+,C35H53NO4,Terpenoids,0.9015534520149232,Unknown,0.2553929388523102,Unknown,0.31906023621559143,Unknown,0.7298668026924133,NA,NA,NA,NA,NA,NA,NA,NA,NA
x31036_804_70855_13_471,804.70855,13.471,20:4,31036,Triacylglycerols,NA,C48H95NO6,[M + Na]+,C48H95NO6,Fatty acids,0.9994311928749084,Glycerolipids,0.8893469572067261,Triacylglycerols,0.9978201389312744,Unknown,0.7954095005989075,NA,NA,NA,NA,NA,NA,NA,NA,NA
x33481_830_72168_14_021,830.72168,14.021,20:4,33481,Unknown,NA,C52H95NO6,[M + H]+,C52H95NO6,Fatty acids,0.9981063604354858,Unknown,0.3362262547016144,Unknown,0.795596718788147,N-acyl amines,0.8685352802276611,NA,NA,NA,NA,NA,NA,NA,NA,NA
x31230_690_60227_13_479,690.60227,13.479,20:4,31230,Unknown,NA,NA,NA,NA,Unknown,NA,Unknown,NA,Unknown,NA,Unknown,NA,NA,NA,NA,NA,NA,NA,NA,NA,NA
x8462_486_34157_4_709,486.34157,4.709,20:4,8462,Unknown,NA,NA,NA,NA,Unknown,NA,Unknown,NA,Unknown,NA,Unknown,NA,NA,NA,NA,NA,NA,NA,NA,NA,NA
x33811_1082_81964_14_107,1082.81964,14.107,20:4,33811,Unknown,NA,C59H109N7O9,[M + Na]+,C59H109N7O9,Fatty acids,0.8838755488395691,Unknown,0.5171197056770325,Unknown,0.39139774441719055,N-acyl-alpha amino acids and derivatives,0.9892838597297668,NA,NA,NA,NA,NA,NA,NA,NA,NA
x9035_436_32357_4_999,436.32357,4.999,20:4,9035,Unknown,NA,C26H42FNO3,[M + H]+,C26H42FNO3,Unknown,0.3284767270088196,Steroids,0.8946939706802368,Unknown,0.4409255981445313,Unknown,0.8202610611915588,NA,NA,NA,NA,NA,NA,NA,NA,NA
x33770_994_8456_14_082,994.8456,14.082,20:4,33770,Unknown,NA,C61H113NO7,[M + Na]+,C61H113NO7,Fatty acids,0.9968245029449464,Sphingolipids,0.9801590442657472,Unknown,0.7319945096969604,N-acyl amines,0.9860938787460328,NA,NA,NA,NA,NA,NA,NA,NA,NA
x33819_718_63294_14_066,718.63294,14.066,20:4,33819,Unknown,NA,NA,NA,NA,Unknown,NA,Unknown,NA,Unknown,NA,Unknown,NA,NA,NA,NA,NA,NA,NA,NA,NA,NA
x12203_550_39147_6_077,550.39147,6.077,20:4,12203,Unknown,NA,C35H51NO4,[M + H]+,C35H51NO4,Terpenoids,0.9496209025382996,Unknown,0.465229868888855,Unknown,0.24142225086688995,Unknown,0.5159290432929993,NA,NA,NA,NA,NA,NA,NA,NA,NA
x3710_376_28614_3_171,376.28614,3.171,20:4,3710,Unknown,NA,C23H37NO3,[M + H]+,C23H37NO3,Fatty acids,0.9602731466293336,Unknown,0.7906264066696167,Unknown,0.316042423248291,Unknown,0.8419117331504822,NA,NA,NA,NA,NA,NA,NA,NA,NA
x4358_412_35551_3_45,412.35551,3.45,20:4,4358,Unknown,NA,NA,NA,NA,Unknown,NA,Unknown,NA,Unknown,NA,Unknown,NA,NA,NA,NA,NA,NA,NA,NA,NA,NA
x38025_964_73902_15_364,964.73902,15.364,20:4,38025,Triacylglycerols,NA,C61H99NO6,[M + Na]+,C61H99NO6,Fatty acids,0.9800025224685668,Glycerolipids,0.9144726991653442,Triacylglycerols,0.998762845993042,Unknown,0.6950550079345703,NA,NA,NA,NA,NA,NA,NA,NA,NA
x4185_934_62836_3_414,934.62836,3.414,20:4,4185,Unknown,NA,C37H77N21O6,[M + Na]+,C37H77N21O6,Amino acids and Peptides,0.9607310891151428,Unknown,0.35366779565811157,Unknown,0.06940136849880219,Unknown,0.7808291912078857,NA,NA,NA,NA,NA,NA,NA,NA,NA
x15859_692_54195_7_53,692.54195,7.53,20:4,15859,Unknown,NA,C39H75NO7,[M + Na]+,C39H75NO7,Fatty acids,0.9264816045761108,Unknown,0.7320776581764221,Unknown,0.2420878708362579,Unknown,0.712864875793457,NA,NA,NA,NA,NA,NA,NA,NA,NA
x2974_424_3205_2_901,424.3205,2.901,20:4,2974,Unknown,NA,C28H41NO2,[M + H]+,C28H41NO2,Unknown,0.7260320782661438,Unknown,0.3946690261363983,Unknown,0.6159232258796692,Unknown,0.7523818612098694,NA,NA,NA,NA,NA,NA,NA,NA,NA
x5590_468_38576_3_799,468.38576,3.799,20:4,5590,Unknown,NA,C31H49NO2,[M + H]+,C31H49NO2,Terpenoids,0.9734041094779968,Unknown,0.7130728363990784,Unknown,0.2687760591506958,Unknown,0.5187395215034485,NA,NA,NA,NA,NA,NA,NA,NA,NA
x3236_386_3044_3_003,386.3044,3.003,20:4,3236,Unknown,NA,C25H39NO2,[M + H]+,C25H39NO2,Unknown,0.6784989237785339,Unknown,0.6558026075363159,Unknown,0.3489156663417816,Unknown,0.518062949180603,NA,NA,NA,NA,NA,NA,NA,NA,NA
x37089_1084_90797_15_026,1084.90797,15.026,20:4,37089,Unknown,NA,C56H32Br4O4,[M + H]+,C56H32Br4O4,Unknown,0.3632325828075409,Unknown,0.03518954291939735,Unknown,0.08971388638019562,Fluorobenzenes,0.88030606508255,NA,NA,NA,NA,NA,NA,NA,NA,NA
x17922_578_47789_8_496,578.47789,8.496,20:4,17922,Unknown,NA,NA,NA,NA,Unknown,NA,Unknown,NA,Unknown,NA,Unknown,NA,NA,NA,NA,NA,NA,NA,NA,NA,NA
x10529_689_49355_5_414,689.49355,5.414,20:4,10529,Unknown,NA,NA,NA,NA,Unknown,NA,Unknown,NA,Unknown,NA,Unknown,NA,NA,NA,NA,NA,NA,NA,NA,NA,NA
x11002_689_49626_5_655,689.49626,5.655,20:4,11002,Unknown,NA,NA,NA,NA,Unknown,NA,Unknown,NA,Unknown,NA,Unknown,NA,NA,NA,NA,NA,NA,NA,NA,NA,NA
x5258_724_40441_3_719,724.40441,3.719,20:4,5258,Unknown,NA,C41H57NO10,[M + H]+,C41H57NO10,Unknown,0.8448123931884766,Unknown,0.30694231390953064,Unknown,0.11902830004692078,Unknown,0.5169039368629456,NA,NA,NA,NA,NA,NA,NA,NA,NA
x37545_868_73949_15_207,868.73949,15.207,20:5,37545,Triacylglycerols,TAG(16:0/18:3/18:3) / (16:0/16:1/20:5) [M+NH4]+,NA,NA,NA,Unknown,NA,Unknown,NA,Unknown,NA,Unknown,NA,NA,NA,NA,NA,NA,Glycerolipid,Triacylglycerols,Triacylglycerols,TAG(16:0/18:3/18:3) / (16:0/16:1/20:5) [M+NH4]+
x36894_892_7385_14_972,892.7385,14.972,20:5,36894,Triacylglycerols,TAG(18:1/22:6/22:6) [M+NH4]+,C16H10F8I2N2O8S4,[M + H]+,C16H10F8I2N2O8S4,Alkaloids,0.9986944794654846,Unknown,0.7393776178359985,Unknown,0.09887518733739852,Unknown,0.5164387822151184,NA,NA,NA,NA,NA,Glycerolipid,Triacylglycerols,Triacylglycerols,TAG(18:1/22:6/22:6) [M+NH4]+
x35830_890_72292_14_626,890.72292,14.626,20:5,35830,Triacylglycerols,TAG(14:0/18:3/22:6) [M+NH4]+,C55H97NO6,[M + Na]+,C55H97NO6,Fatty acids,0.99993634223938,Glycerolipids,0.9860680103302002,Triacylglycerols,0.9971195459365844,Triacylglycerols,0.9978074431419371,NA,NA,NA,NA,NA,Glycerolipid,Triacylglycerols,Triacylglycerols,TAG(14:0/18:3/22:6) [M+NH4]+
x38809_870_75649_15_74,870.75649,15.74,20:5,38809,Triacylglycerols,TAG(16:0/16:0/20:5) [M+NH4]+,NA,NA,NA,Unknown,NA,Unknown,NA,Unknown,NA,Unknown,NA,NA,NA,NA,NA,NA,Glycerolipid,Triacylglycerols,Triacylglycerols,TAG(16:0/16:0/20:5) [M+NH4]+
x36097_840_70824_14_698,840.70824,14.698,20:5,36097,Triacylglycerols,TAG(14:0/18:3/18:3) / (14:0/16:1/20:5) [M+NH4]+,C51H95NO6,[M + Na]+,C51H95NO6,Fatty acids,0.999026656150818,Glycerolipids,0.9105833768844604,Triacylglycerols,0.9585139155387878,Unknown,0.5561586618423462,NA,NA,NA,NA,NA,Glycerolipid,Triacylglycerols,Triacylglycerols,TAG(14:0/18:3/18:3) / (14:0/16:1/20:5) [M+NH4]+
x38259_898_78379_15_478,898.78379,15.478,20:5,38259,Triacylglycerols,TAG(16:0/18:1/20:4) [M+NH4]+,C52H103N3O8,[M + H]+,C52H103N3O8,Fatty acids,0.999958872795105,Glycerolipids,0.8668979406356812,Unknown,0.7365670204162598,N-acyl-alpha amino acids and derivatives,0.946694314479828,NA,NA,NA,NA,NA,Glycerolipid,Triacylglycerols,Triacylglycerols,TAG(16:0/18:1/20:4) [M+NH4]+
x36708_942_75406_14_916,942.75406,14.916,20:5,36708,Triacylglycerols,TAG(16:0/20:5/22:6) [M+NH4]+,C32H28Br4O4S4,[M + Na]+,C32H28Br4O4S4,Shikimates and Phenylpropanoids,0.953340709209442,Unknown,0.02973931841552257,Unknown,0.23319298028945923,Unknown,0.6238366365432739,NA,NA,NA,NA,NA,Glycerolipid,Triacylglycerols,Triacylglycerols,TAG(16:0/20:5/22:6) [M+NH4]+
x35274_864_70695_14_464,864.70695,14.464,20:5,35274,Triacylglycerols,TAG(14:0/18:3/20:5) / (16:0/18:3/18:5) [M+NH4]+,NA,NA,NA,Unknown,NA,Unknown,NA,Unknown,NA,Unknown,NA,NA,NA,NA,NA,NA,Glycerolipid,Triacylglycerols,Triacylglycerols,TAG(14:0/18:3/20:5) / (16:0/18:3/18:5) [M+NH4]+
x36059_868_73779_14_704,868.73779,14.704,20:5,36059,Triacylglycerols,TAG(16:0/18:3/18:3) / (16:0/16:1/20:5) [M+NH4]+,C50H97N3O8,[M + H]+,C50H97N3O8,Fatty acids,0.9723859429359436,Unknown,0.553961992263794,Unknown,0.3852272033691406,N-acyl amines,0.9853980541229248,NA,NA,NA,NA,NA,Glycerolipid,Triacylglycerols,Triacylglycerols,TAG(16:0/18:3/18:3) / (16:0/16:1/20:5) [M+NH4]+
x37656_842_72368_15_243,842.72368,15.243,20:5,37656,Triacylglycerols,TAG(14:0/16:0/20:5) [M+NH4]+,NA,NA,NA,Unknown,NA,Unknown,NA,Unknown,NA,Unknown,NA,NA,NA,NA,NA,NA,Glycerolipid,Triacylglycerols,Triacylglycerols,TAG(14:0/16:0/20:5) [M+NH4]+
x36854_918_75226_14_961,918.75226,14.961,20:5,36854,Triacylglycerols,TAG(18:1/18:3/20:5) / (16:1/18:2/22:6) / (16:0/18:4/22:5) [M+NH4]+,C54H99N3O8,[M + H]+,C54H99N3O8,Unknown,0.5421348214149475,Unknown,0.6848114132881165,Unknown,0.5450963377952576,Unknown,0.5839915871620178,NA,NA,NA,NA,NA,Glycerolipid,Triacylglycerols,Triacylglycerols,TAG(18:1/18:3/20:5) / (16:1/18:2/22:6) / (16:0/18:4/22:5) [M+NH4]+
x9251_464_31687_4_977,464.31687,4.977,20:5,9251,Unknown,NA,C30H41NO3,[M + H]+,C30H41NO3,Unknown,0.4791660010814667,Unknown,0.3054482638835907,Unknown,0.2235175371170044,Unknown,0.5548932552337646,NA,NA,NA,NA,NA,NA,NA,NA,NA
x36595_894_75128_14_86,894.75128,14.86,20:5,36595,Triacylglycerols,TAG(18:0/18:3/18:4) [M+NH4]+,C55H101NO6,[M + Na]+,C55H101NO6,Fatty acids,0.9984709620475768,Unknown,0.6319912075996399,Triacylglycerols,0.9046984314918518,N-acyl amines,0.9660034775733948,NA,NA,NA,NA,NA,Glycerolipid,Triacylglycerols,Triacylglycerols,TAG(18:0/18:3/18:4) [M+NH4]+
x37168_870_75312_15_069,870.75312,15.069,20:5,37168,Triacylglycerols,TAG(16:0/16:0/20:5) [M+NH4]+,C53H101NO6,[M + Na]+,C53H101NO6,Fatty acids,0.999970555305481,Glycerolipids,0.9508023858070374,Triacylglycerols,0.9800959825515748,N-acyl amines,0.9634958505630492,NA,NA,NA,NA,NA,Glycerolipid,Triacylglycerols,Triacylglycerols,TAG(16:0/16:0/20:5) [M+NH4]+
x39852_899_78891_16_097,899.78891,16.097,20:5,39852,Triacylglycerols,NA,C61H102O4,[M + H]+,C61H102O4,Fatty acids,0.8922131657600403,Unknown,0.8226443529129028,Triacylglycerols,0.9909772872924804,Unknown,0.7086179852485657,NA,NA,NA,NA,NA,NA,NA,NA,NA
x38945_884_80823_15_762,884.80823,15.762,20:5,38945,MADAG,MADAG(O-18:0/16:0/20:5) [M+NH4]+,NA,NA,NA,Unknown,NA,Unknown,NA,Unknown,NA,Unknown,NA,NA,NA,NA,NA,NA,Glycerolipid,Monoalkyldiacylglycerols,MADAG,MADAG(O-18:0/16:0/20:5) [M+NH4]+
x33328_938_72217_13_967,938.72217,13.967,20:5,33328,Triacylglycerols,TAG(18:3/18:4/22:6) [M+NH4]+,C22H17FI4N2O5,[M + Na]+,C22H17FI4N2O5,Unknown,0.26069942116737366,Unknown,0.4492270350456238,Unknown,0.01037334464490413,Unknown,0.5676952600479126,NA,NA,NA,NA,NA,Glycerolipid,Triacylglycerols,Triacylglycerols,TAG(18:3/18:4/22:6) [M+NH4]+
x38122_882_79183_15_463,882.79183,15.463,20:5,38122,Unknown,NA,NA,NA,NA,Unknown,NA,Unknown,NA,Unknown,NA,Unknown,NA,NA,NA,NA,NA,NA,NA,NA,NA,NA
x34018_964_73757_14_139,964.73757,14.139,20:5,34018,Triacylglycerols,TAG(18:3/20:5/22:6) [M+NH4]+,NA,NA,NA,Unknown,NA,Unknown,NA,Unknown,NA,Unknown,NA,NA,NA,NA,NA,NA,Glycerolipid,Triacylglycerols,Triacylglycerols,TAG(18:3/20:5/22:6) [M+NH4]+
x35355_968_76848_14_482,968.76848,14.482,20:5,35355,Triacylglycerols,TAG(18:1/20:5/22:6) [M+NH4]+,C56H103N3O8,[M + Na]+,C56H103N3O8,Unknown,0.8361338376998901,Unknown,0.8279907703399658,Unknown,0.49834075570106506,Unknown,0.7999193072319031,NA,NA,NA,NA,NA,Glycerolipid,Triacylglycerols,Triacylglycerols,TAG(18:1/20:5/22:6) [M+NH4]+
x40828_884_80748_16_617,884.80748,16.617,20:5,40828,MADAG,MADAG(O-18:0/16:0/20:5) [M+NH4]+,NA,NA,NA,Unknown,NA,Unknown,NA,Unknown,NA,Unknown,NA,NA,NA,NA,NA,NA,Glycerolipid,Monoalkyldiacylglycerols,MADAG,MADAG(O-18:0/16:0/20:5) [M+NH4]+
x37195_972_79821_15_076,972.79821,15.076,20:5,37195,Triacylglycerols,TAG(16:0/22:4/22:6) / 20:5 28:7 [M+NH4]+,C56H107N3O8,[M + Na]+,C56H107N3O8,Unknown,0.8217784762382507,Unknown,0.8263620734214783,Unknown,0.4282744526863098,Alpha amino acids and derivatives,0.8627997636795044,NA,NA,NA,NA,NA,Glycerolipid,Triacylglycerols,Triacylglycerols,TAG(16:0/22:4/22:6) / 20:5 28:7 [M+NH4]+
x36593_968_76832_14_871,968.76832,14.871,20:5,36593,Triacylglycerols,TAG(18:3/20:3/22:6) / 22:5 [M+NH4]+,C56H103N3O8,[M + Na]+,C56H103N3O8,Fatty acids,0.9535580277442932,Unknown,0.5337893962860107,Unknown,0.22760647535324097,Unknown,0.6432971954345703,NA,NA,NA,NA,NA,Glycerolipid,Triacylglycerols,Triacylglycerols,TAG(18:3/20:3/22:6) / 22:5 [M+NH4]+
x34458_888_70616_14_235,888.70616,14.235,20:5,34458,Triacylglycerols,TAG(14:0/18:4/22:6) [M+NH4]+,NA,NA,NA,Unknown,NA,Unknown,NA,Unknown,NA,Unknown,NA,NA,NA,NA,NA,NA,Glycerolipid,Triacylglycerols,Triacylglycerols,TAG(14:0/18:4/22:6) [M+NH4]+
x34236_914_72143_14_183,914.72143,14.183,20:5,34236,Triacylglycerols,TAG(18:3/18:3/20:5) / (16:1/18:4/22:6) [M+NH4]+,C66H91NO,[M + H]+,C66H91NO,Fatty acids,0.9595987796783448,Unknown,0.3124215006828308,Unknown,0.06190307810902595,Unknown,0.5447776913642883,NA,NA,NA,NA,NA,Glycerolipid,Triacylglycerols,Triacylglycerols,TAG(18:3/18:3/20:5) / (16:1/18:4/22:6) [M+NH4]+
x33780_862_69116_14_061,862.69116,14.061,20:5,33780,Triacylglycerols,TAG(14:0/18:4/20:5) [M+NH4]+,C53H93NO6,[M + Na]+,C53H93NO6,Fatty acids,0.9998748302459716,Glycerolipids,0.9225702881813048,Triacylglycerols,0.9828245639801024,Triacylglycerols,0.9158948063850404,NA,NA,NA,NA,NA,Glycerolipid,Triacylglycerols,Triacylglycerols,TAG(14:0/18:4/20:5) [M+NH4]+
x39422_912_83873_15_969,912.83873,15.969,20:5,39422,MADAG,MADAG(56:5) [M+NH4]+,C59H109NO5,[M + H]+,C59H109NO5,Fatty acids,0.9999010562896729,Glycerolipids,0.980379581451416,Triacylglycerols,0.9964841604232788,Unknown,0.8223949074745178,NA,NA,NA,NA,NA,Glycerolipid,Monoalkyldiacylglycerols,MADAG,MADAG(56:5) [M+NH4]+
x36225_814_69227_14_747,814.69227,14.747,20:5,36225,Triacylglycerols,TAG(14:0/14:0/20:5) [M+NH4]+,C49H93NO6,[M + Na]+,C49H93NO6,Fatty acids,0.9999501705169678,Unknown,0.8235756754875183,Triacylglycerols,0.963087558746338,Unknown,0.6427653431892395,NA,NA,NA,NA,NA,Glycerolipid,Triacylglycerols,Triacylglycerols,TAG(14:0/14:0/20:5) [M+NH4]+
x32300_962_72266_13_747,962.72266,13.747,20:5,32300,Triacylglycerols,TAG(18:4/20:5/22:6) [M+NH4]+,NA,NA,NA,Unknown,NA,Unknown,NA,Unknown,NA,Unknown,NA,NA,NA,NA,NA,NA,Glycerolipid,Triacylglycerols,Triacylglycerols,TAG(18:4/20:5/22:6) [M+NH4]+
x36014_894_75214_14_706,894.75214,14.706,20:5,36014,Triacylglycerols,TAG(18:0/18:3/18:4) [M+NH4]+,C48H95N9O6,[M + H]+,C48H95N9O6,Unknown,0.6068684458732605,Unknown,0.718091607093811,Unknown,0.4246819317340851,Unknown,0.8106863498687744,NA,NA,NA,NA,NA,Glycerolipid,Triacylglycerols,Triacylglycerols,TAG(18:0/18:3/18:4) [M+NH4]+
x40133_856_77677_16_265,856.77677,16.265,20:5,40133,MADAG,MADAG(O-16:0/16:0/20:5) [M+NH4]+,NA,NA,NA,Unknown,NA,Unknown,NA,Unknown,NA,Unknown,NA,NA,NA,NA,NA,NA,Glycerolipid,Monoalkyldiacylglycerols,MADAG,MADAG(O-16:0/16:0/20:5) [M+NH4]+
x34702_866_7211_14_315,866.7211,14.315,20:5,34702,Triacylglycerols,TAG(16:1/18:3/18:3) [M+NH4]+,C53H97NO6,[M + Na]+,C53H97NO6,Fatty acids,0.9998717308044434,Glycerolipids,0.9438273310661316,Triacylglycerols,0.9906299710273744,Unknown,0.8364068865776062,NA,NA,NA,NA,NA,Glycerolipid,Triacylglycerols,Triacylglycerols,TAG(16:1/18:3/18:3) [M+NH4]+
x38249_884_80447_15_483,884.80447,15.483,20:5,38249,MADAG,MADAG(O-18:0/16:0/20:5) [M+NH4]+,NA,NA,NA,Unknown,NA,Unknown,NA,Unknown,NA,Unknown,NA,NA,NA,NA,NA,NA,Glycerolipid,Monoalkyldiacylglycerols,MADAG,MADAG(O-18:0/16:0/20:5) [M+NH4]+
x36121_842_72119_14_713,842.72119,14.713,20:5,36121,Triacylglycerols,TAG(14:0/16:0/20:5) [M+NH4]+,C51H97NO6,[M + Na]+,C51H97NO6,Fatty acids,0.9999557733535768,Glycerolipids,0.9876564741134644,Triacylglycerols,0.983504831790924,Unknown,0.7884965538978577,NA,NA,NA,NA,NA,Glycerolipid,Triacylglycerols,Triacylglycerols,TAG(14:0/16:0/20:5) [M+NH4]+
x35523_942_75051_14_514,942.75051,14.514,20:5,35523,Triacylglycerols,TAG(16:0/20:5/22:6) [M+NH4]+,C59H101NO6,[M + Na]+,C59H101NO6,Fatty acids,0.9950366616249084,Unknown,0.4680285155773163,Triacylglycerols,0.962733507156372,N-acyl amines,0.9616687893867492,NA,NA,NA,NA,NA,Glycerolipid,Triacylglycerols,Triacylglycerols,TAG(16:0/20:5/22:6) [M+NH4]+
x35068_914_72067_14_404,914.72067,14.404,20:5,35068,Triacylglycerols,TAG(14:0/20:5/22:6) [M+NH4]+,C66H91NO,[M + H]+,C66H91NO,Fatty acids,0.9719162583351136,Unknown,0.5223345756530762,Unknown,0.05426761507987976,Unknown,0.7832187414169312,NA,NA,NA,NA,NA,Glycerolipid,Triacylglycerols,Triacylglycerols,TAG(14:0/20:5/22:6) [M+NH4]+
x35410_944_76716_14_55,944.76716,14.55,20:5,35410,Triacylglycerols,TAG(16:1/20:4/22:5) / (18:2/18:3/22:5) / (18:1/20:4/20:5) [M+NH4]+,C59H103NO6,[M + Na]+,C59H103NO6,Fatty acids,0.999963402748108,Glycerolipids,0.9942652583122252,Triacylglycerols,0.9996883869171144,Triacylglycerols,0.9992246627807616,NA,NA,NA,NA,NA,Glycerolipid,Triacylglycerols,Triacylglycerols,TAG(16:1/20:4/22:5) / (18:2/18:3/22:5) / (18:1/20:4/20:5) [M+NH4]+
x39096_938_85293_15_82,938.85293,15.82,20:5,39096,MADAG,MADAG(58:6) [M+NH4]+,NA,NA,NA,Unknown,NA,Unknown,NA,Unknown,NA,Unknown,NA,NA,NA,NA,NA,NA,Glycerolipid,Monoalkyldiacylglycerols,MADAG,MADAG(58:6) [M+NH4]+
x33040_836_67646_13_892,836.67646,13.892,20:5,33040,Triacylglycerols,TAG(16:0/16:4/18:4) [M+NH4]+,NA,NA,NA,Unknown,NA,Unknown,NA,Unknown,NA,Unknown,NA,NA,NA,NA,NA,NA,Glycerolipid,Triacylglycerols,Triacylglycerols,TAG(16:0/16:4/18:4) [M+NH4]+
x38263_908_80627_15_495,908.80627,15.495,20:5,38263,MADAG,MADAG(O-16:0/18:1/22:6) [M+NH4]+,NA,NA,NA,Unknown,NA,Unknown,NA,Unknown,NA,Unknown,NA,NA,NA,NA,NA,NA,Glycerolipid,Monoalkyldiacylglycerols,MADAG,MADAG(O-16:0/18:1/22:6) [M+NH4]+
x38251_856_77702_15_491,856.77702,15.491,20:5,38251,MADAG,MADAG(O-16:0/16:0/20:5) [M+NH4]+,NA,NA,NA,Unknown,NA,Unknown,NA,Unknown,NA,Unknown,NA,NA,NA,NA,NA,NA,Glycerolipid,Monoalkyldiacylglycerols,MADAG,MADAG(O-16:0/16:0/20:5) [M+NH4]+
x31784_886_68916_13_629,886.68916,13.629,20:5,31784,Triacylglycerols,TAG(18:3/18:4/18:4) [M+NH4]+,C55H93NO6,[M + Na]+,C55H93NO6,Fatty acids,0.9942775368690492,Unknown,0.7387559413909912,Triacylglycerols,0.9285285472869872,Unknown,0.6471320986747742,NA,NA,NA,NA,NA,Glycerolipid,Triacylglycerols,Triacylglycerols,TAG(18:3/18:4/18:4) [M+NH4]+
x32477_912_70658_13_787,912.70658,13.787,20:5,32477,Triacylglycerols,TAG(18:3/18:4/20:5) [M+NH4]+,C54H93N3O8,[M + H]+,C54H93N3O8,Unknown,0.5896646976470947,Unknown,0.7722833156585693,Unknown,0.3277195394039154,Unknown,0.5478543043136597,NA,NA,NA,NA,NA,Glycerolipid,Triacylglycerols,Triacylglycerols,TAG(18:3/18:4/20:5) [M+NH4]+
x17969_678_51042_8_486,678.51042,8.486,20:5,17969,Diacylglycerols,DAG(18:4/22:6) / (20:5/20:5) [M+NH4]+,NA,NA,NA,Unknown,NA,Unknown,NA,Unknown,NA,Unknown,NA,NA,NA,NA,NA,NA,Glycerolipid,Diacylglycerols,Diacylglycerols,DAG(18:4/22:6) / (20:5/20:5) [M+NH4]+
x39883_857_77793_16_257,857.77793,16.257,20:5,39883,Triacylglycerols,NA,C52H104O8,[M + H]+,C52H104O8,Fatty acids,0.9999984502792358,Glycerolipids,0.9995625615119934,Triacylglycerols,0.9627038836479188,Unknown,0.8130314350128174,NA,NA,NA,NA,NA,NA,NA,NA,NA
x40643_926_81708_16_502,926.81708,16.502,20:5,40643,Triacylglycerols,NA,C59H107NO6,[M + H]+,C59H107NO6,Fatty acids,0.999052107334137,Unknown,0.8366972804069519,Triacylglycerols,0.8976717591285706,N-acyl amines,0.9878002405166626,NA,NA,NA,NA,NA,NA,NA,NA,NA
x34781_942_75123_14_347,942.75123,14.347,20:5,34781,Triacylglycerols,TAG(16:0/20:5/22:6) [M+NH4]+,C32H28Br4O4S4,[M + Na]+,C32H28Br4O4S4,Shikimates and Phenylpropanoids,0.9636933207511902,Unknown,0.0173184834420681,Unknown,0.1624942421913147,Unknown,0.5460535287857056,NA,NA,NA,NA,NA,Glycerolipid,Triacylglycerols,Triacylglycerols,TAG(16:0/20:5/22:6) [M+NH4]+
x39225_898_8238_15_829,898.8238,15.829,20:5,39225,Unknown,NA,NA,NA,NA,Unknown,NA,Unknown,NA,Unknown,NA,Unknown,NA,NA,NA,NA,NA,NA,NA,NA,NA,NA
x34891_840_70576_14_365,840.70576,14.365,20:5,34891,Triacylglycerols,TAG(14:0/18:3/18:3) / (14:0/16:1/20:5) [M+NH4]+,C51H95NO6,[M + Na]+,C51H95NO6,Fatty acids,0.9976932406425476,Unknown,0.5207188129425049,Unknown,0.47343000769615173,N-acyl amines,0.9811614751815796,NA,NA,NA,NA,NA,Glycerolipid,Triacylglycerols,Triacylglycerols,TAG(14:0/18:3/18:3) / (14:0/16:1/20:5) [M+NH4]+
x33781_1014_75352_14_088,1014.75352,14.088,20:5,33781,Triacylglycerols,TAG(20:5/22:6/22:6) [M+NH4]+,NA,NA,NA,Unknown,NA,Unknown,NA,Unknown,NA,Unknown,NA,NA,NA,NA,NA,NA,Glycerolipid,Triacylglycerols,Triacylglycerols,TAG(20:5/22:6/22:6) [M+NH4]+
x30633_910_68979_13_366,910.68979,13.366,20:5,30633,Triacylglycerols,TAG(18:4/18:4/20:5) [M+NH4]+,C57H93NO6,[M + Na]+,C57H93NO6,Fatty acids,0.9502678513526917,Unknown,0.3402371406555176,Unknown,0.6960923671722412,Unknown,0.5190515518188477,NA,NA,NA,NA,NA,Glycerolipid,Triacylglycerols,Triacylglycerols,TAG(18:4/18:4/20:5) [M+NH4]+
x38931_936_83705_15_758,936.83705,15.758,20:5,38931,MADAG,MADAG(O-18:0/20:3/22:4) [M+NH4]+,NA,NA,NA,Unknown,NA,Unknown,NA,Unknown,NA,Unknown,NA,NA,NA,NA,NA,NA,Glycerolipid,Monoalkyldiacylglycerols,MADAG,MADAG(O-18:0/20:3/22:4) [M+NH4]+
x37560_974_8122_15_215,974.8122,15.215,20:5,37560,Triacylglycerols,TAG(16:0/16:1/28:8) (16:0/22:4/22:5) [M+NH4]+,C61H109NO6,[M + Na]+,C61H109NO6,Fatty acids,0.9999845027923584,Glycerolipids,0.9962441921234132,Triacylglycerols,0.9999433755874634,Triacylglycerols,0.9998445510864258,NA,NA,NA,NA,NA,Glycerolipid,Triacylglycerols,Triacylglycerols,TAG(16:0/16:1/28:8) (16:0/22:4/22:5) [M+NH4]+
x34077_812_67554_14_149,812.67554,14.149,20:5,34077,Triacylglycerols,TAG(14:0/16:3/18:3) [M+NH4]+,NA,NA,NA,Unknown,NA,Unknown,NA,Unknown,NA,Unknown,NA,NA,NA,NA,NA,NA,Glycerolipid,Triacylglycerols,Triacylglycerols,TAG(14:0/16:3/18:3) [M+NH4]+
x38602_870_79257_15_615,870.79257,15.615,20:5,38602,Unknown,NA,NA,NA,NA,Unknown,NA,Unknown,NA,Unknown,NA,Unknown,NA,NA,NA,NA,NA,NA,NA,NA,NA,NA
x35079_943_75288_14_402,943.75288,14.402,20:5,35079,Triacylglycerols,NA,C63H100O4,[M + Na]+,C63H100O4,Fatty acids,0.9985799789428712,Glycerolipids,0.9932873845100404,Triacylglycerols,0.9839164614677428,Unknown,0.674309253692627,NA,NA,NA,NA,NA,NA,NA,NA,NA
x39961_940_87104_16_19,940.87104,16.19,20:5,39961,MADAG,MADAG(58:5) [M+NH4]+,NA,NA,NA,Unknown,NA,Unknown,NA,Unknown,NA,Unknown,NA,NA,NA,NA,NA,NA,Glycerolipid,Monoalkyldiacylglycerols,MADAG,MADAG(58:5) [M+NH4]+
x38403_896_80637_15_573,896.80637,15.573,20:5,38403,Unknown,NA,NA,NA,NA,Unknown,NA,Unknown,NA,Unknown,NA,Unknown,NA,NA,NA,NA,NA,NA,NA,NA,NA,NA
x32913_860_67484_13_869,860.67484,13.869,20:5,32913,Triacylglycerols,TAG(14:0/18:5/20:5) [M+NH4]+,NA,NA,NA,Unknown,NA,Unknown,NA,Unknown,NA,Unknown,NA,NA,NA,NA,NA,NA,Glycerolipid,Triacylglycerols,Triacylglycerols,TAG(14:0/18:5/20:5) [M+NH4]+
x39713_938_85368_16_033,938.85368,16.033,20:5,39713,MADAG,MADAG(58:6) [M+NH4]+,NA,NA,NA,Unknown,NA,Unknown,NA,Unknown,NA,Unknown,NA,NA,NA,NA,NA,NA,Glycerolipid,Monoalkyldiacylglycerols,MADAG,MADAG(58:6) [M+NH4]+
x39995_882_7922_16_226,882.7922,16.226,20:5,39995,Unknown,NA,NA,NA,NA,Unknown,NA,Unknown,NA,Unknown,NA,Unknown,NA,NA,NA,NA,NA,NA,NA,NA,NA,NA
x40709_910_82287_16_592,910.82287,16.592,20:5,40709,MADAG,MADAG(56:6) [M+NH4]+,NA,NA,NA,Unknown,NA,Unknown,NA,Unknown,NA,Unknown,NA,NA,NA,NA,NA,NA,Glycerolipid,Monoalkyldiacylglycerols,MADAG,MADAG(56:6) [M+NH4]+
x39666_966_88451_16_062,966.88451,16.062,20:5,39666,Unknown,NA,NA,NA,NA,Unknown,NA,Unknown,NA,Unknown,NA,Unknown,NA,NA,NA,NA,NA,NA,NA,NA,NA,NA
x33880_942_75051_14_172,942.75051,14.172,20:5,33880,Triacylglycerols,TAG(16:0/20:5/22:6) [M+NH4]+,C59H101NO6,[M + Na]+,C59H101NO6,Fatty acids,0.9942991733551024,Unknown,0.5746116042137146,Triacylglycerols,0.9430837035179138,Unknown,0.5041138529777527,NA,NA,NA,NA,NA,Glycerolipid,Triacylglycerols,Triacylglycerols,TAG(16:0/20:5/22:6) [M+NH4]+
x40448_910_82144_16_435,910.82144,16.435,20:5,40448,MADAG,MADAG(56:6) [M+NH4]+,NA,NA,NA,Unknown,NA,Unknown,NA,Unknown,NA,Unknown,NA,NA,NA,NA,NA,NA,Glycerolipid,Monoalkyldiacylglycerols,MADAG,MADAG(56:6) [M+NH4]+
x16408_652_49513_7_862,652.49513,7.862,20:5,16408,Diacylglycerols,DAG(18:4/20:5) [M+NH4]+,NA,NA,NA,Unknown,NA,Unknown,NA,Unknown,NA,Unknown,NA,NA,NA,NA,NA,NA,Glycerolipid,Diacylglycerols,Diacylglycerols,DAG(18:4/20:5) [M+NH4]+
x37483_944_806_15_175,944.806,15.175,20:5,37483,Triacylglycerols,NA,C60H107NO5,[M + Na]+,C60H107NO5,Fatty acids,0.9999443292617798,Glycerolipids,0.9812752604484558,Triacylglycerols,0.9978345036506652,N-acyl amines,0.9282081723213196,NA,NA,NA,NA,NA,NA,NA,NA,NA
x31676_910_68895_13_602,910.68895,13.602,20:5,31676,Triacylglycerols,TAG(18:4/18:4/20:5) [M+NH4]+,C57H93NO6,[M + Na]+,C57H93NO6,Fatty acids,0.9425638318061828,Unknown,0.33785387873649597,Unknown,0.4104196429252625,Unknown,0.5228102803230286,NA,NA,NA,NA,NA,Glycerolipid,Triacylglycerols,Triacylglycerols,TAG(18:4/18:4/20:5) [M+NH4]+
x37886_958_81994_15_318,958.81994,15.318,20:5,37886,MADAG,MADAG(O-16:0/22:4/22:6) [M+NH4]+,NA,NA,NA,Unknown,NA,Unknown,NA,Unknown,NA,Unknown,NA,NA,NA,NA,NA,NA,Glycerolipid,Monoalkyldiacylglycerols,MADAG,MADAG(O-16:0/22:4/22:6) [M+NH4]+
x31237_834_66081_13_515,834.66081,13.515,20:5,31237,Triacylglycerols,TAG(14:0/18:4/18:5) [M+NH4]+,C48H93NO6S,[M + Na]+,C48H93NO6S,Fatty acids,0.999706208705902,Unknown,0.32063400745391846,Unknown,0.2881063222885132,N-acyl amines,0.9970017075538636,NA,NA,NA,NA,NA,Glycerolipid,Triacylglycerols,Triacylglycerols,TAG(14:0/18:4/18:5) [M+NH4]+
x37648_906_79107_15_257,906.79107,15.257,20:5,37648,MADAG,MADAG(O-16:0/20:4/20:4) [M+NH4]+,NA,NA,NA,Unknown,NA,Unknown,NA,Unknown,NA,Unknown,NA,NA,NA,NA,NA,NA,Glycerolipid,Monoalkyldiacylglycerols,MADAG,MADAG(O-16:0/20:4/20:4) [M+NH4]+
x38765_924_83758_15_692,924.83758,15.692,20:5,38765,Unknown,NA,NA,NA,NA,Unknown,NA,Unknown,NA,Unknown,NA,Unknown,NA,NA,NA,NA,NA,NA,NA,NA,NA,NA
x39601_906_79162_16_052,906.79162,16.052,20:5,39601,MADAG,MADAG(O-16:0/20:4/20:4) [M+NH4]+,NA,NA,NA,Unknown,NA,Unknown,NA,Unknown,NA,Unknown,NA,NA,NA,NA,NA,NA,Glycerolipid,Monoalkyldiacylglycerols,MADAG,MADAG(O-16:0/20:4/20:4) [M+NH4]+
x37764_932_80609_15_303,932.80609,15.303,20:5,37764,MADAG,MADAG(O-18:0/20:4/22:5) [M+NH4]+,C59H107NO5,[M + Na]+,C59H107NO5,Fatty acids,0.9999202489852904,Glycerolipids,0.9689077138900756,Triacylglycerols,0.9974709749221802,Unknown,0.6669458746910095,NA,NA,NA,NA,NA,Glycerolipid,Monoalkyldiacylglycerols,MADAG,MADAG(O-18:0/20:4/22:5) [M+NH4]+
x34165_966_74545_14_153,966.74545,14.153,20:5,34165,Unknown,NA,C56H101N3O8,[M + Na]+,C56H101N3O8,Unknown,0.654016375541687,Unknown,0.7729130983352661,Unknown,0.38886353373527527,Unknown,0.5189338326454163,NA,NA,NA,NA,NA,NA,NA,NA,NA
x3477_424_31823_3_083,424.31823,3.083,20:5,3477,Unknown,dopamine-C20:3,C21H38FN7O,[M + H]+,C21H38FN7O,Alkaloids,0.9993125200271606,Unknown,0.46155139803886414,Unknown,0.18947207927703855,Unknown,0.6289271712303162,0.852216,4.24335,dopamine-C20:3,Phenols,Benzenediols,NA,NA,NA,NA
x23730_632_52353_11_483,632.52353,11.483,20:5,23730,Unknown,NA,NA,NA,NA,Unknown,NA,Unknown,NA,Unknown,NA,Unknown,NA,NA,NA,NA,NA,NA,NA,NA,NA,NA
x37128_930_78853_15_084,930.78853,15.084,20:5,37128,MADAG,MADAG(O-18:0/20:5/22:5) [M+NH4]+,C59H105NO5,[M + Na]+,C59H105NO5,Fatty acids,0.9998944997787476,Glycerolipids,0.9550346732139589,Triacylglycerols,0.996392548084259,N-acyl amines,0.8978632688522339,NA,NA,NA,NA,NA,Glycerolipid,Monoalkyldiacylglycerols,MADAG,MADAG(O-18:0/20:5/22:5) [M+NH4]+
x37875_868_77626_15_334,868.77626,15.334,20:5,37875,Unknown,NA,NA,NA,NA,Unknown,NA,Unknown,NA,Unknown,NA,Unknown,NA,NA,NA,NA,NA,NA,NA,NA,NA,NA
x36976_998_81139_15_033,998.81139,15.033,20:5,36976,Triacylglycerols,TAG(16:0/18:3/28:8) [M+NH4]+,C54H105N9O6,[M + Na]+,C54H105N9O6,Unknown,0.7987144589424133,Unknown,0.7714947462081909,Unknown,0.4057562053203583,Unknown,0.5166599750518799,NA,NA,NA,NA,NA,Glycerolipid,Triacylglycerols,Triacylglycerols,TAG(16:0/18:3/28:8) [M+NH4]+
x34752_814_69003_14_324,814.69003,14.324,20:5,34752,Triacylglycerols,TAG(14:0/14:0/20:5) [M+NH4]+,NA,NA,NA,Unknown,NA,Unknown,NA,Unknown,NA,Unknown,NA,NA,NA,NA,NA,NA,Glycerolipid,Triacylglycerols,Triacylglycerols,TAG(14:0/14:0/20:5) [M+NH4]+
x34353_786_66084_14_207,786.66084,14.207,20:5,34353,Triacylglycerols,TAG(12:0/14:0/20:5) [M+NH4]+,C49H87NO6,[M + H]+,C49H87NO6,Fatty acids,0.9828743934631348,Unknown,0.5817943215370178,Unknown,0.4584698379039765,N-acyl amines,0.9719477891921996,NA,NA,NA,NA,NA,Glycerolipid,Triacylglycerols,Triacylglycerols,TAG(12:0/14:0/20:5) [M+NH4]+
x38454_878_76101_15_567,878.76101,15.567,20:5,38454,MADAG,MADAG(O-16:0/18:3/20:5) / (O-16:0/18:4/20:4) [M+NH4]+,NA,NA,NA,Unknown,NA,Unknown,NA,Unknown,NA,Unknown,NA,NA,NA,NA,NA,NA,Glycerolipid,Monoalkyldiacylglycerols,MADAG,MADAG(O-16:0/18:3/20:5) / (O-16:0/18:4/20:4) [M+NH4]+
x35574_971_78669_14_583,971.78669,14.583,20:5,35574,Unknown,NA,C54H104N6O7,[M + Na]+,C54H104N6O7,Unknown,0.7519267797470093,Unknown,0.8465891480445862,Unknown,0.5313974618911743,Unknown,0.5502029061317444,NA,NA,NA,NA,NA,NA,NA,NA,NA
x38278_928_77099_15_494,928.77099,15.494,20:5,38278,MADAG,MADAG(O-16:0/20:5/22:6) [M+NH4]+,C59H103NO5,[M + Na]+,C59H103NO5,Fatty acids,0.999297022819519,Unknown,0.8281952142715454,Triacylglycerols,0.9768112897872924,N-acyl amines,0.8960314393043518,NA,NA,NA,NA,NA,Glycerolipid,Monoalkyldiacylglycerols,MADAG,MADAG(O-16:0/20:5/22:6) [M+NH4]+
x1081_401_30889_1_347,401.30889,1.347,20:5,1081,Unknown,NA,NA,NA,NA,Unknown,NA,Unknown,NA,Unknown,NA,Unknown,NA,NA,NA,NA,NA,NA,NA,NA,NA,NA
x37654_882_78948_15_246,882.78948,15.246,20:5,37654,Unknown,NA,NA,NA,NA,Unknown,NA,Unknown,NA,Unknown,NA,Unknown,NA,NA,NA,NA,NA,NA,NA,NA,NA,NA
x37323_958_81774_15_145,958.81774,15.145,20:5,37323,MADAG,MADAG(O-16:0/22:4/22:6) [M+NH4]+,NA,NA,NA,Unknown,NA,Unknown,NA,Unknown,NA,Unknown,NA,NA,NA,NA,NA,NA,Glycerolipid,Monoalkyldiacylglycerols,MADAG,MADAG(O-16:0/22:4/22:6) [M+NH4]+
x38801_904_77237_15_725,904.77237,15.725,20:5,38801,MADAG,MADAG(O-16:0/20:4/20:5) / (O-16:0/18:3/22:6) [M+NH4]+,C57H103NO5,[M + Na]+,C57H103NO5,Fatty acids,0.9998886585235596,Glycerolipids,0.9809788465499878,Triacylglycerols,0.9864641427993774,Unknown,0.7148334980010986,NA,NA,NA,NA,NA,Glycerolipid,Monoalkyldiacylglycerols,MADAG,MADAG(O-16:0/20:4/20:5) / (O-16:0/18:3/22:6) [M+NH4]+
x19109_654_50697_8_977,654.50697,8.977,20:5,19109,Diacylglycerols,DAG(38:8) [M+NH4]+,NA,NA,NA,Unknown,NA,Unknown,NA,Unknown,NA,Unknown,NA,NA,NA,NA,NA,NA,Glycerolipid,Diacylglycerols,Diacylglycerols,DAG(38:8) [M+NH4]+
x39541_932_80618_16_033,932.80618,16.033,20:5,39541,MADAG,MADAG(O-18:0/20:4/22:5) [M+NH4]+,NA,NA,NA,Unknown,NA,Unknown,NA,Unknown,NA,Unknown,NA,NA,NA,NA,NA,NA,Glycerolipid,Monoalkyldiacylglycerols,MADAG,MADAG(O-18:0/20:4/22:5) [M+NH4]+
x31264_860_67456_13_52,860.67456,13.52,20:5,31264,Triacylglycerols,TAG(16:0/18:5/18:5) [M+NH4]+,C50H89N3O8,[M + H]+,C50H89N3O8,Unknown,0.7088993787765503,Unknown,0.708591639995575,Unknown,0.60073089599609375,Unknown,0.6099852323532104,NA,NA,NA,NA,NA,Glycerolipid,Triacylglycerols,Triacylglycerols,TAG(16:0/18:5/18:5) [M+NH4]+
x39786_952_8699_16_062,952.8699,16.062,20:5,39786,Triacylglycerols,NA,C62H113NO5,[M + H]+,C62H113NO5,Fatty acids,0.996629536151886,Unknown,0.6541983485221863,Triacylglycerols,0.9793441891670228,N-acyl amines,0.8763419389724731,NA,NA,NA,NA,NA,NA,NA,NA,NA
x35158_888_70456_14_422,888.70456,14.422,20:5,35158,Triacylglycerols,TAG(14:0/18:4/22:6) / (16:0/18:5/20:5) [M+NH4]+,C55H95NO6,[M + Na]+,C55H95NO6,Fatty acids,0.9954611659049988,Unknown,0.5580595135688782,Unknown,0.7600768804550171,N-acyl amines,0.9412687420845032,NA,NA,NA,NA,NA,Glycerolipid,Triacylglycerols,Triacylglycerols,TAG(14:0/18:4/22:6) / (16:0/18:5/20:5) [M+NH4]+
x39474_964_8673_15_982,964.8673,15.982,20:5,39474,Triacylglycerols,NA,C63H113NO5,[M + H]+,C63H113NO5,Fatty acids,0.9998437166213988,Glycerolipids,0.9819263815879822,Triacylglycerols,0.9963435530662536,Unknown,0.5108606219291687,NA,NA,NA,NA,NA,NA,NA,NA,NA
x37377_854_76012_15_188,854.76012,15.188,20:5,37377,Unknown,NA,NA,NA,NA,Unknown,NA,Unknown,NA,Unknown,NA,Unknown,NA,NA,NA,NA,NA,NA,NA,NA,NA,NA
x15078_650_47714_7_349,650.47714,7.349,20:5,15078,Diacylglycerols,DAG(38:10) [M+NH4]+,C39H65NO5,[M + Na]+,C39H65NO5,Fatty acids,0.9151990413665771,Unknown,0.5578347444534302,Unknown,0.10955678671598434,Unknown,0.6315106153488159,NA,NA,NA,NA,NA,Glycerolipid,Diacylglycerols,Diacylglycerols,DAG(38:10) [M+NH4]+
x19307_704_52276_9_07,704.52276,9.07,20:5,19307,Diacylglycerols,DAG(42:11) [M+NH4]+,NA,NA,NA,Unknown,NA,Unknown,NA,Unknown,NA,Unknown,NA,NA,NA,NA,NA,NA,Glycerolipid,Diacylglycerols,Diacylglycerols,DAG(42:11) [M+NH4]+
x38413_986_85044_15_528,986.85044,15.528,20:5,38413,Triacylglycerols,NA,C63H113NO5,[M + Na]+,C63H113NO5,Fatty acids,0.9999885559082032,Glycerolipids,0.9973679184913636,Triacylglycerols,0.9998453855514526,Triacylglycerols,0.9812965989112854,NA,NA,NA,NA,NA,NA,NA,NA,NA
x38710_930_78791_15_674,930.78791,15.674,20:5,38710,MADAG,MADAG(O-18:0/20:5/22:5) [M+NH4]+,C59H105NO5,[M + Na]+,C59H105NO5,Fatty acids,0.9995014667510986,Unknown,0.8395732641220093,Triacylglycerols,0.9876264929771424,N-acyl amines,0.8771299719810486,NA,NA,NA,NA,NA,Glycerolipid,Monoalkyldiacylglycerols,MADAG,MADAG(O-18:0/20:5/22:5) [M+NH4]+
x34968_786_66088_14_374,786.66088,14.374,20:5,34968,Triacylglycerols,TAG(12:0/14:0/20:5) [M+NH4]+,C49H87NO6,[M + H]+,C49H87NO6,Fatty acids,0.9800609350204468,Unknown,0.6350134015083313,Unknown,0.4676845371723175,N-acyl amines,0.9214251041412354,NA,NA,NA,NA,NA,Glycerolipid,Triacylglycerols,Triacylglycerols,TAG(12:0/14:0/20:5) [M+NH4]+
x40112_966_88519_16_228,966.88519,16.228,20:5,40112,Unknown,NA,NA,NA,NA,Unknown,NA,Unknown,NA,Unknown,NA,Unknown,NA,NA,NA,NA,NA,NA,NA,NA,NA,NA
x39113_956_80212_15_862,956.80212,15.862,20:5,39113,MADAG,MADAG(O-18/20:5/22:6) [M+NH4]+,C61H107NO5,[M + Na]+,C61H107NO5,Fatty acids,0.9995757937431335,Glycerolipids,0.8921727538108826,Triacylglycerols,0.9980334639549256,Unknown,0.836615264415741,NA,NA,NA,NA,NA,Glycerolipid,Monoalkyldiacylglycerols,MADAG,MADAG(O-18/20:5/22:6) [M+NH4]+
x35249_930_75736_14_45,930.75736,14.45,20:5,35249,Unknown,NA,C55H105NO6S,[M + Na]+,C55H105NO6S,Fatty acids,0.9995325803756714,Unknown,0.4543386101722718,Unknown,0.44503334164619446,N-acyl amines,0.9980263113975524,NA,NA,NA,NA,NA,NA,NA,NA,NA
x39062_854_76003_15_823,854.76003,15.823,20:5,39062,MADAG,MADAG(O-16:0/18:3/18:3) [M+NH4]+,NA,NA,NA,Unknown,NA,Unknown,NA,Unknown,NA,Unknown,NA,NA,NA,NA,NA,NA,Glycerolipid,Monoalkyldiacylglycerols,MADAG,MADAG(O-16:0/18:3/18:3) [M+NH4]+
x35987_854_72266_14_671,854.72266,14.671,20:5,35987,Triacylglycerols,NA,C54H95NO6,[M + H]+,C54H95NO6,Fatty acids,0.9975225329399108,Unknown,0.5722711682319641,Triacylglycerols,0.8724148273468018,N-acyl amines,0.9349057078361512,NA,NA,NA,NA,NA,NA,NA,NA,NA
x36236_958_78626_14_746,958.78626,14.746,20:5,36236,Triacylglycerols,NA,C60H105NO6,[M + Na]+,C60H105NO6,Fatty acids,0.9983357787132264,Unknown,0.7083264589309692,Triacylglycerols,0.9528238773345948,Unknown,0.8033477067947388,NA,NA,NA,NA,NA,NA,NA,NA,NA
x37833_842_76117_15_323,842.76117,15.323,20:5,37833,Unknown,NA,NA,NA,NA,Unknown,NA,Unknown,NA,Unknown,NA,Unknown,NA,NA,NA,NA,NA,NA,NA,NA,NA,NA
x30490_808_64767_13_361,808.64767,13.361,20:5,30490,Unknown,NA,NA,NA,NA,Unknown,NA,Unknown,NA,Unknown,NA,Unknown,NA,NA,NA,NA,NA,NA,NA,NA,NA,NA
x40198_954_88717_16_294,954.88717,16.294,20:5,40198,Triacylglycerols,NA,C62H115NO5,[M + H]+,C62H115NO5,Fatty acids,0.9969653487205504,Unknown,0.6040215492248535,Triacylglycerols,0.9668344855308532,N-acyl amines,0.9400498270988464,NA,NA,NA,NA,NA,NA,NA,NA,NA
x39813_992_89841_16_113,992.89841,16.113,20:5,39813,Unknown,NA,NA,NA,NA,Unknown,NA,Unknown,NA,Unknown,NA,Unknown,NA,NA,NA,NA,NA,NA,NA,NA,NA,NA
x40347_994_91715_16_366,994.91715,16.366,20:5,40347,Unknown,NA,NA,NA,NA,Unknown,NA,Unknown,NA,Unknown,NA,Unknown,NA,NA,NA,NA,NA,NA,NA,NA,NA,NA
x37970_856_73882_15_372,856.73882,15.372,20:5,37970,Unknown,NA,C54H97NO6,[M + H]+,C54H97NO6,Fatty acids,0.9973546266555786,Unknown,0.4889506697654724,Unknown,0.5700393319129944,N-acyl amines,0.9841806888580322,NA,NA,NA,NA,NA,NA,NA,NA,NA
x36241_902_75706_14_754,902.75706,14.754,20:5,36241,MADAG,MADAG(O-16:0/20:5/20:5) [M+NH4]+,C57H101NO5,[M + Na]+,C57H101NO5,Fatty acids,0.99910968542099,Unknown,0.7518203258514404,Unknown,0.7841435670852661,N-acyl amines,0.9411214590072632,NA,NA,NA,NA,NA,Glycerolipid,Monoalkyldiacylglycerols,MADAG,MADAG(O-16:0/20:5/20:5) [M+NH4]+
x37578_828_74395_15_233,828.74395,15.233,20:5,37578,Unknown,NA,NA,NA,NA,Unknown,NA,Unknown,NA,Unknown,NA,Unknown,NA,NA,NA,NA,NA,NA,NA,NA,NA,NA
x18654_622_48324_8_733,622.48324,8.733,20:5,18654,Unknown,NA,C38H65NO4,[M + Na]+,C38H65NO4,Unknown,0.569189727306366,Unknown,0.31296977400779724,Unknown,0.4264312982559204,Unknown,0.589713990688324,NA,NA,NA,NA,NA,NA,NA,NA,NA
x36839_854_72295_14_966,854.72295,14.966,20:5,36839,Unknown,NA,C54H95NO6,[M + H]+,C54H95NO6,Fatty acids,0.9928123354911804,Unknown,0.523908793926239,Unknown,0.6045833826065063,N-acyl amines,0.9609790444374084,NA,NA,NA,NA,NA,NA,NA,NA,NA
x31975_758_63136_13_67,758.63136,13.67,20:5,31975,Unknown,NA,C47H83NO6,[M + H]+,C47H83NO6,Fatty acids,0.9952685236930848,Sphingolipids,0.862765908241272,Unknown,0.3663116991519928,N-acyl amines,0.974630892276764,NA,NA,NA,NA,NA,NA,NA,NA,NA
x37921_902_76035_15_35,902.76035,15.35,20:5,37921,MADAG,MADAG(O-16:0/20:5/20:5) [M+NH4]+,C57H101NO5,[M + Na]+,C57H101NO5,Fatty acids,0.9952771663665771,Glycerolipids,0.8665295243263245,Triacylglycerols,0.9278913140296936,Unknown,0.786795973777771,NA,NA,NA,NA,NA,Glycerolipid,Monoalkyldiacylglycerols,MADAG,MADAG(O-16:0/20:5/20:5) [M+NH4]+
x28728_806_62968_12_938,806.62968,12.938,20:5,28728,Unknown,NA,NA,NA,NA,Unknown,NA,Unknown,NA,Unknown,NA,Unknown,NA,NA,NA,NA,NA,NA,NA,NA,NA,NA
x36836_904_77406_15_001,904.77406,15.001,20:5,36836,MADAG,MADAG(O-16:0/20:4/20:5) / (O-16:0/18:3/22:6) [M+NH4]+,C57H103NO5,[M + Na]+,C57H103NO5,Fatty acids,0.9949251413345336,Unknown,0.6176098585128784,Unknown,0.7838265299797058,Unknown,0.5091637969017029,NA,NA,NA,NA,NA,Glycerolipid,Monoalkyldiacylglycerols,MADAG,MADAG(O-16:0/20:4/20:5) / (O-16:0/18:3/22:6) [M+NH4]+
x40428_960_83799_16_413,960.83799,16.413,20:5,40428,MADAG,MADAG(O-18/20:4/22:5) [M+NH4]+,NA,NA,NA,Unknown,NA,Unknown,NA,Unknown,NA,Unknown,NA,NA,NA,NA,NA,NA,Glycerolipid,Monoalkyldiacylglycerols,MADAG,MADAG(O-18/20:4/22:5) [M+NH4]+
x34697_956_77111_14_329,956.77111,14.329,20:5,34697,Triacylglycerols,NA,C60H103NO6,[M + Na]+,C60H103NO6,Fatty acids,0.9987037181854248,Glycerolipids,0.8613482713699341,Triacylglycerols,0.9833295345306396,Unknown,0.5246500372886658,NA,NA,NA,NA,NA,NA,NA,NA,NA
x36353_923_78488_14_813,923.78488,14.813,20:5,36353,Triacylglycerols,NA,C61H104O4,[M + Na]+,C61H104O4,Fatty acids,0.9900366067886353,Glycerolipids,0.921740174293518,Triacylglycerols,0.9619107246398926,Triradylcglycerols,0.9782541990280152,NA,NA,NA,NA,NA,NA,NA,NA,NA
x35645_828_70746_14_551,828.70746,14.551,20:5,35645,Unknown,NA,C52H93NO6,[M + H]+,C52H93NO6,Fatty acids,0.9948700666427612,Unknown,0.4049813449382782,Unknown,0.4669236838817597,N-acyl amines,0.9745774269104004,NA,NA,NA,NA,NA,NA,NA,NA,NA
x7791_428_3168_4_461,428.3168,4.461,20:5,7791,Unknown,NA,C27H41NO3,[M + H]+,C27H41NO3,Unknown,0.6647774577140808,Unknown,0.6201071739196777,Unknown,0.419002503156662,Unknown,0.6883512139320374,NA,NA,NA,NA,NA,NA,NA,NA,NA
x39008_882_78868_15_795,882.78868,15.795,20:5,39008,MADAG,MADAG(O-16:0/16:0/22:6) [M+NH4]+,NA,NA,NA,Unknown,NA,Unknown,NA,Unknown,NA,Unknown,NA,NA,NA,NA,NA,NA,Glycerolipid,Monoalkyldiacylglycerols,MADAG,MADAG(O-16:0/16:0/22:6) [M+NH4]+
x9810_462_33807_5_167,462.33807,5.167,20:5,9810,Unknown,NA,C31H43NO2,[M + H]+,C31H43NO2,Unknown,0.3857828080654144,Unknown,0.24519650638103485,Unknown,0.26656731963157654,Unknown,0.574046790599823,NA,NA,NA,NA,NA,NA,NA,NA,NA
x12485_500_35304_6_224,500.35304,6.224,20:5,12485,Unknown,NA,C34H45NO2,[M + H]+,C34H45NO2,Unknown,0.4204660952091217,Unknown,0.23764123022556305,Unknown,0.25992581248283386,Unknown,0.6736465096473694,NA,NA,NA,NA,NA,NA,NA,NA,NA
x26568_660_5553_12_362,660.5553,12.362,20:5,26568,Unknown,NA,NA,NA,NA,Unknown,NA,Unknown,NA,Unknown,NA,Unknown,NA,NA,NA,NA,NA,NA,NA,NA,NA,NA
x39131_828_74575_15_859,828.74575,15.859,20:5,39131,Unknown,NA,NA,NA,NA,Unknown,NA,Unknown,NA,Unknown,NA,Unknown,NA,NA,NA,NA,NA,NA,NA,NA,NA,NA
x36458_908_76915_14_845,908.76915,14.845,20:5,36458,Triacylglycerols,NA,C56H103NO6,[M + Na]+,C56H103NO6,Fatty acids,0.9990742206573486,Unknown,0.6828001141548157,Triacylglycerols,0.8730484247207642,N-acyl amines,0.9566946625709534,NA,NA,NA,NA,NA,NA,NA,NA,NA
x10165_450_33819_5_34,450.33819,5.34,20:5,10165,Unknown,NA,C30H43NO2,[M + H]+,C30H43NO2,Unknown,0.43936887383461,Unknown,0.17340689897537231,Unknown,0.18296808004379272,Unknown,0.8098655343055725,NA,NA,NA,NA,NA,NA,NA,NA,NA
x35579_956_76977_14_557,956.76977,14.557,20:5,35579,Triacylglycerols,NA,C60H103NO6,[M + Na]+,C60H103NO6,Fatty acids,0.9993245601654052,Glycerolipids,0.9035362005233764,Triacylglycerols,0.989983081817627,Unknown,0.5296105146408081,NA,NA,NA,NA,NA,NA,NA,NA,NA
x28082_804_61153_12_703,804.61153,12.703,20:5,28082,Unknown,NA,NA,NA,NA,Unknown,NA,Unknown,NA,Unknown,NA,Unknown,NA,NA,NA,NA,NA,NA,NA,NA,NA,NA
x2678_402_30069_2_609,402.30069,2.609,20:5,2678,Unknown,NA,C25H39NO3,[M + H]+,C25H39NO3,Unknown,0.8081864714622498,Unknown,0.42298272252082825,Unknown,0.43262359499931335,N-acyl amines,0.8951244950294495,NA,NA,NA,NA,NA,NA,NA,NA,NA
x36369_856_73733_14_831,856.73733,14.831,20:5,36369,Triacylglycerols,TAG(20:5/14:0/17:0) / TAG(20:5/16:0/15:0) [M+NH4]+,C54H97NO6,[M + H]+,C54H97NO6,Fatty acids,0.9978429079055786,Unknown,0.5656700730323792,Unknown,0.6802412867546082,N-acyl amines,0.9658263921737672,NA,NA,NA,NA,NA,Glycerolipid,Triacylglycerols,Triacylglycerols,TAG(20:5/14:0/17:0) / TAG(20:5/16:0/15:0) [M+NH4]+
x36115_960_79946_14_711,960.79946,14.711,20:5,36115,Triacylglycerols,NA,C60H107NO6,[M + Na]+,C60H107NO6,Fatty acids,0.9988906979560852,Glycerolipids,0.9709078669548036,Triacylglycerols,0.9995703101158142,Unknown,0.8206871151924133,NA,NA,NA,NA,NA,NA,NA,NA,NA
x14896_858_5384_7_219,858.5384,7.219,20:5,14896,Unknown,NA,C48H75NO12,[M + H]+,C48H75NO12,Fatty acids,0.8858266472816467,Unknown,0.166847825050354,Unknown,0.074226014316082,N-acyl-alpha amino acids,0.9614341259002686,NA,NA,NA,NA,NA,NA,NA,NA,NA
x18990_532_41538_8_925,532.41538,8.925,20:5,18990,Unknown,NA,C36H53NO2,[M + H]+,C36H53NO2,Unknown,0.7455491423606873,Unknown,0.3070976138114929,Unknown,0.2393108457326889,Unknown,0.802570641040802,NA,NA,NA,NA,NA,NA,NA,NA,NA
x30309_742_63443_13_286,742.63443,13.286,20:5,30309,Unknown,NA,C45H85NO5,[M + Na]+,C45H85NO5,Fatty acids,0.99721527099609375,Unknown,0.7124682664871216,Unknown,0.8146646618843079,N-acyl amines,0.9845513701438904,NA,NA,NA,NA,NA,NA,NA,NA,NA
x40398_870_7938_16_388,870.7938,16.388,20:5,40398,Unknown,NA,NA,NA,NA,Unknown,NA,Unknown,NA,Unknown,NA,Unknown,NA,NA,NA,NA,NA,NA,NA,NA,NA,NA
x9937_414_3002_5_209,414.3002,5.209,20:5,9937,Unknown,NA,C26H39NO3,[M + H]+,C26H39NO3,Terpenoids,0.96246600151062,Steroids,0.8725751042366028,Unknown,0.47258827090263367,Glycinated bile acids and derivatives,0.997363269329071,NA,NA,NA,NA,NA,NA,NA,NA,NA
x36043_1094_8149_14_695,1094.8149,14.695,20:5,36043,Unknown,NA,C53H103N15O9,[M + H]+,C53H103N15O9,Amino acids and Peptides,0.987246870994568,Oligopeptides,0.9591484665870668,Unknown,0.21629613637924192,Unknown,0.6796163320541382,NA,NA,NA,NA,NA,NA,NA,NA,NA
x13831_634_54135_6_784,634.54135,6.784,20:5,13831,Unknown,NA,C39H71NO5,[M + H]+,C39H71NO5,Fatty acids,0.9388834238052368,Unknown,0.24332652986049652,Unknown,0.4798305034637451,Unknown,0.5680544376373291,NA,NA,NA,NA,NA,NA,NA,NA,NA
x16730_622_48169_8_025,622.48169,8.025,20:5,16730,Unknown,NA,C38H65NO4,[M + Na]+,C38H65NO4,Terpenoids,0.923492193222046,Unknown,0.5320185422897339,Unknown,0.8493366241455078,Triterpenoids,0.8770783543586731,NA,NA,NA,NA,NA,NA,NA,NA,NA
x25452_528_37596_12_049,528.37596,12.049,20:5,25452,Unknown,NA,C26H49N5O6,[M + H]+,C26H49N5O6,Unknown,0.3448251485824585,Unknown,0.09138784557580948,Unknown,0.16251569986343384,N-acyl-alpha amino acids and derivatives,0.9435080885887146,NA,NA,NA,NA,NA,NA,NA,NA,NA
x41104_898_82598_16_807,898.82598,16.807,20:5,41104,Unknown,NA,NA,NA,NA,Unknown,NA,Unknown,NA,Unknown,NA,Unknown,NA,NA,NA,NA,NA,NA,NA,NA,NA,NA
x37576_876_74482_15_211,876.74482,15.211,20:5,37576,MADAG,MADAG(O-16:0/18:4/20:5) [M+NH4]+,NA,NA,NA,Unknown,NA,Unknown,NA,Unknown,NA,Unknown,NA,NA,NA,NA,NA,NA,Glycerolipid,Monoalkyldiacylglycerols,MADAG,MADAG(O-16:0/18:4/20:5) [M+NH4]+
x1214_434_25504_1_443,434.25504,1.443,20:5,1214,Unknown,NA,C17H35N7O4S,[M + H]+,C17H35N7O4S,Unknown,0.3112470805644989,Unknown,0.6347540020942688,Unknown,0.7080965042114258,Unknown,0.5007850527763367,NA,NA,NA,NA,NA,NA,NA,NA,NA
x37424_904_77147_15_162,904.77147,15.162,20:5,37424,MADAG,MADAG(O-16:0/20:4/20:5) / (O-16:0/18:3/22:6) [M+NH4]+,C57H103NO5,[M + Na]+,C57H103NO5,Fatty acids,0.9997796416282654,Glycerolipids,0.9069713354110718,Triacylglycerols,0.9945216178894044,N-acyl amines,0.9212979674339294,NA,NA,NA,NA,NA,Glycerolipid,Monoalkyldiacylglycerols,MADAG,MADAG(O-16:0/20:4/20:5) / (O-16:0/18:3/22:6) [M+NH4]+
x35160_854_72146_14_461,854.72146,14.461,20:5,35160,Unknown,NA,C54H95NO6,[M + H]+,C54H95NO6,Fatty acids,0.9947552680969238,Unknown,0.7533406615257263,Unknown,0.5732173323631287,N-acyl amines,0.937847375869751,NA,NA,NA,NA,NA,NA,NA,NA,NA
x29699_844_6419_13_158,844.6419,13.158,20:5,29699,Unknown,NA,C45H81N9O6,[M + H]+,C45H81N9O6,Unknown,0.7111159563064575,Unknown,0.7649310827255249,Unknown,0.3945811688899994,Unknown,0.5629614591598511,NA,NA,NA,NA,NA,NA,NA,NA,NA
x37893_880_77556_15_37,880.77556,15.37,20:5,37893,Unknown,NA,NA,NA,NA,Unknown,NA,Unknown,NA,Unknown,NA,Unknown,NA,NA,NA,NA,NA,NA,NA,NA,NA,NA
x7524_460_32276_4_393,460.32276,4.393,20:5,7524,Unknown,NA,C31H41NO2,[M + H]+,C31H41NO2,Unknown,0.5104775428771973,Unknown,0.4977656900882721,Unknown,0.12444545328617096,Unknown,0.6886383295059204,NA,NA,NA,NA,NA,NA,NA,NA,NA
x11324_548_37482_5_689,548.37482,5.689,20:5,11324,Unknown,NA,C35H49NO4,[M + H]+,C35H49NO4,Terpenoids,0.8537476062774658,Unknown,0.2224565297365189,Unknown,0.03079686872661113,Unknown,0.8251883387565613,NA,NA,NA,NA,NA,NA,NA,NA,NA
x37369_956_79766_15_15,956.79766,15.15,20:5,37369,Unknown,NA,C34H29Br5N2O6,[M + H]+,C34H29Br5N2O6,Unknown,0.2074797749519348,Unknown,0.06333193928003311,Unknown,0.10630562156438828,Unknown,0.5400213599205017,NA,NA,NA,NA,NA,NA,NA,NA,NA
x6748_672_39023_4_173,672.39023,4.173,20:5,6748,Unknown,NA,C39H55NO7,[M + Na]+,C39H55NO7,Terpenoids,0.9036045074462892,Unknown,0.5395546555519104,Unknown,0.05845052376389503,Fatty acid esters,0.8663055300712585,NA,NA,NA,NA,NA,NA,NA,NA,NA
x14096_650_47882_6_909,650.47882,6.909,20:5,14096,Diacylglycerols,DAG(18:5/20:5) [M+NH4]+,C41H63NO5,[M + H]+,C41H63NO5,Unknown,0.6927454471588135,Unknown,0.5801146030426025,Unknown,0.18248887360095975,Unknown,0.6577707529067993,NA,NA,NA,NA,NA,Glycerolipid,Diacylglycerols,Diacylglycerols,DAG(18:5/20:5) [M+NH4]+
x26183_778_59683_12_259,778.59683,12.259,20:5,26183,Unknown,NA,NA,NA,NA,Unknown,NA,Unknown,NA,Unknown,NA,Unknown,NA,NA,NA,NA,NA,NA,NA,NA,NA,NA
x33339_822_65791_13_956,822.65791,13.956,20:5,33339,Unknown,NA,C50H89NO6,[M + Na]+,C50H89NO6,Fatty acids,0.9815469980239868,Sphingolipids,0.905574381351471,Unknown,0.4613964259624481,N-acyl amines,0.9559056162834167,NA,NA,NA,NA,NA,NA,NA,NA,NA
x15775_594_48675_7_561,594.48675,7.561,20:5,15775,Unknown,NA,C37H65NO3,[M + Na]+,C37H65NO3,Fatty acids,0.9882070422172546,Unknown,0.5273028612136841,Unknown,0.7110358476638794,Unknown,0.5637146830558777,NA,NA,NA,NA,NA,NA,NA,NA,NA
x38137_932_80174_15_475,932.80174,15.475,20:5,38137,MADAG,MADAG(O-18:0/20:4/22:5) [M+NH4]+,C59H107NO5,[M + Na]+,C59H107NO5,Fatty acids,0.99973863363266,Glycerolipids,0.9584860801696776,Triacylglycerols,0.9929755926132202,N-acyl amines,0.9259106516838074,NA,NA,NA,NA,NA,Glycerolipid,Monoalkyldiacylglycerols,MADAG,MADAG(O-18:0/20:4/22:5) [M+NH4]+
x36539_928_76766_14_84,928.76766,14.84,20:5,36539,Unknown,NA,C66H99N,[M + Na]+,C66H99N,Terpenoids,0.8511219024658203,Unknown,0.19435058534145355,Unknown,0.23494668304920197,Unknown,0.8240340352058411,NA,NA,NA,NA,NA,NA,NA,NA,NA
x23976_377_32043_11_594,377.32043,11.594,20:5,23976,Unknown,NA,C28H40,[M + H]+,C28H40,Terpenoids,0.9968284964561462,Unknown,0.10486949980258942,Unknown,0.08047810196876526,Prenol lipids,0.9721193313598632,NA,NA,NA,NA,NA,NA,NA,NA,NA
x10793_550_38912_5_559,550.38912,5.559,20:5,10793,Unknown,NA,C33H53NO4,[M + Na]+,C33H53NO4,Terpenoids,0.9505383372306824,Unknown,0.6199142932891846,Unknown,0.5362473726272583,Unknown,0.5687933564186096,NA,NA,NA,NA,NA,NA,NA,NA,NA
x29239_730_59641_13_089,730.59641,13.089,20:5,29239,Unknown,NA,NA,NA,NA,Unknown,NA,Unknown,NA,Unknown,NA,Unknown,NA,NA,NA,NA,NA,NA,NA,NA,NA,NA
x29270_688_58681_13_036,688.58681,13.036,20:5,29270,Unknown,NA,NA,NA,NA,Unknown,NA,Unknown,NA,Unknown,NA,Unknown,NA,NA,NA,NA,NA,NA,NA,NA,NA,NA
x34916_772_68402_14_367,772.68402,14.367,20:5,34916,Unknown,NA,C49H89NO5,[M + H]+,C49H89NO5,Fatty acids,0.9460163712501526,Unknown,0.5270522832870483,Unknown,0.4868312180042267,N-acyl amines,0.9482985138893129,NA,NA,NA,NA,NA,NA,NA,NA,NA
x9768_550_38962_5_173,550.38962,5.173,20:5,9768,Unknown,NA,C35H51NO4,[M + H]+,C35H51NO4,Unknown,0.7846947312355042,Unknown,0.49826955795288086,Unknown,0.18571090698242188,Unknown,0.59013432264328,NA,NA,NA,NA,NA,NA,NA,NA,NA
x10765_488_35462_5_539,488.35462,5.539,20:5,10765,Unknown,NA,C33H45NO2,[M + H]+,C33H45NO2,Unknown,0.7843171954154968,Unknown,0.14315639436244965,Unknown,0.31667229533195496,Unknown,0.5851600170135498,NA,NA,NA,NA,NA,NA,NA,NA,NA
x38543_1190_92883_15_629,1190.92883,15.629,20:5,38543,Unknown,NA,C73H119N7O6,[M + H]+,C73H119N7O6,Unknown,0.7797265648841858,Unknown,0.8465686440467834,Unknown,0.5595599412918091,Unknown,0.6059767007827759,NA,NA,NA,NA,NA,NA,NA,NA,NA
x15292_676_49625_7_426,676.49625,7.426,20:5,15292,Unknown,NA,NA,NA,NA,Unknown,NA,Unknown,NA,Unknown,NA,Unknown,NA,NA,NA,NA,NA,NA,NA,NA,NA,NA
x12964_442_33739_6_447,442.33739,6.447,20:5,12964,Unknown,NA,C27H43BO4,[M + H]+,C27H43BO4,Terpenoids,0.9927574396133424,Steroids,0.8652568459510803,Unknown,0.14361301064491272,Unknown,0.6598217487335205,NA,NA,NA,NA,NA,NA,NA,NA,NA
x14171_548_37532_6_918,548.37532,6.918,20:5,14171,Unknown,NA,C35H49NO4,[M + H]+,C35H49NO4,Unknown,0.752007782459259,Unknown,0.1742563247680664,Unknown,0.04839911311864853,Unknown,0.5619885921478271,NA,NA,NA,NA,NA,NA,NA,NA,NA
x8462_486_34157_4_709,486.34157,4.709,20:5,8462,Unknown,NA,NA,NA,NA,Unknown,NA,Unknown,NA,Unknown,NA,Unknown,NA,NA,NA,NA,NA,NA,NA,NA,NA,NA
x23407_652_53003_11_313,652.53003,11.313,20:5,23407,Unknown,NA,C40H71NO4,[M + Na]+,C40H71NO4,Unknown,0.761815071105957,Steroids,0.8819179534912109,Unknown,0.36514583230018616,Delta-5-steroids,0.8852339386940002,NA,NA,NA,NA,NA,NA,NA,NA,NA
x9035_436_32357_4_999,436.32357,4.999,20:5,9035,Unknown,NA,C26H42FNO3,[M + H]+,C26H42FNO3,Unknown,0.3284767270088196,Steroids,0.8946939706802368,Unknown,0.4409255981445313,Unknown,0.8202610611915588,NA,NA,NA,NA,NA,NA,NA,NA,NA
x39373_944_8086_15_923,944.8086,15.923,20:5,39373,Triacylglycerols,NA,C60H107NO5,[M + Na]+,C60H107NO5,Fatty acids,0.9993894100189208,Glycerolipids,0.9650225639343262,Triacylglycerols,0.997670352458954,Unknown,0.8451736569404602,NA,NA,NA,NA,NA,NA,NA,NA,NA
x25588_862_65419_12_054,862.65419,12.054,20:5,25588,Unknown,NA,C52H89NO7,[M + Na]+,C52H89NO7,Fatty acids,0.9001002907752991,Unknown,0.6399972438812256,Unknown,0.4239598512649536,Unknown,0.8306774497032166,NA,NA,NA,NA,NA,NA,NA,NA,NA
x31404_1182_84938_13_534,1182.84938,13.534,20:5,31404,Unknown,NA,C62H119NO19,[M + H]+,C62H119NO19,Unknown,0.7251679301261902,Unknown,0.2695971429347992,Unknown,0.15553545951843262,Unknown,0.8304853439331055,NA,NA,NA,NA,NA,NA,NA,NA,NA
x12203_550_39147_6_077,550.39147,6.077,20:5,12203,Unknown,NA,C35H51NO4,[M + H]+,C35H51NO4,Terpenoids,0.9496209025382996,Unknown,0.465229868888855,Unknown,0.24142225086688995,Unknown,0.5159290432929993,NA,NA,NA,NA,NA,NA,NA,NA,NA
x33487_1226_89927_14_022,1226.89927,14.022,20:5,33487,Unknown,NA,NA,NA,NA,Unknown,NA,Unknown,NA,Unknown,NA,Unknown,NA,NA,NA,NA,NA,NA,NA,NA,NA,NA
x36580_772_6801_14_848,772.6801,14.848,20:5,36580,Unknown,NA,NA,NA,NA,Unknown,NA,Unknown,NA,Unknown,NA,Unknown,NA,NA,NA,NA,NA,NA,NA,NA,NA,NA
x7520_496_3778_4_417,496.3778,4.417,20:5,7520,Unknown,NA,C30H51NO3,[M + Na]+,C30H51NO3,Unknown,0.6318510174751282,Steroids,0.8659120798110962,Unknown,0.2973465919494629,Unknown,0.5328044891357422,NA,NA,NA,NA,NA,NA,NA,NA,NA
x21658_660_53498_10_293,660.53498,10.293,20:5,21658,Unknown,NA,C42H71NO3,[M + Na]+,C42H71NO3,Fatty acids,0.973546028137207,Unknown,0.7037194967269897,Unknown,0.36514973640441895,N-acyl amines,0.9588688015937804,NA,NA,NA,NA,NA,NA,NA,NA,NA
x2807_422_30783_2_705,422.30783,2.705,20:5,2807,Unknown,NA,C22H39BN2O5,[M + H]+,C22H39BN2O5,Unknown,0.5771089792251587,Unknown,0.07165250182151794,Unknown,0.05699675902724266,Unknown,0.6889857053756714,NA,NA,NA,NA,NA,NA,NA,NA,NA
x3395_424_28618_3_038,424.28618,3.038,20:5,3395,Unknown,NA,C27H37NO3,[M + H]+,C27H37NO3,Unknown,0.7642747759819031,Unknown,0.1428111344575882,Unknown,0.03891744837164879,Unknown,0.5077447295188904,NA,NA,NA,NA,NA,NA,NA,NA,NA
x38827_1210_95879_15_691,1210.95879,15.691,20:5,38827,Unknown,NA,C70H125N9O6,[M + Na]+,C70H125N9O6,Unknown,0.685852587223053,Unknown,0.6640117764472961,Unknown,0.32242971658706665,Unknown,0.8275656700134277,NA,NA,NA,NA,NA,NA,NA,NA,NA
x13781_548_37666_6_764,548.37666,6.764,20:5,13781,Unknown,NA,C27H51N5O5,[M + Na]+,C27H51N5O5,Unknown,0.6983950734138489,Unknown,0.2624833583831787,Unknown,0.04805764555931091,Unknown,0.512808084487915,NA,NA,NA,NA,NA,NA,NA,NA,NA
x40684_994_9084_16_571,994.9084,16.571,20:5,40684,Unknown,NA,C31H22N4O22S6,[M + H]+,C31H22N4O22S6,Unknown,0.375813752412796,Unknown,0.7382134795188904,Unknown,0.1836784929037094,Unknown,0.5987870693206787,NA,NA,NA,NA,NA,NA,NA,NA,NA
x35933_772_68075_14_61,772.68075,14.61,20:5,35933,Unknown,NA,NA,NA,NA,Unknown,NA,Unknown,NA,Unknown,NA,Unknown,NA,NA,NA,NA,NA,NA,NA,NA,NA,NA
x18157_550_39241_8_521,550.39241,8.521,20:5,18157,Unknown,NA,C30H47BN6O3,[M + H]+,C30H47BN6O3,Unknown,0.5741652846336365,Unknown,0.39521524310112,Unknown,0.15780869126319885,Unknown,0.6865995526313782,NA,NA,NA,NA,NA,NA,NA,NA,NA
x2974_424_3205_2_901,424.3205,2.901,20:5,2974,Unknown,NA,C28H41NO2,[M + H]+,C28H41NO2,Unknown,0.7260320782661438,Unknown,0.3946690261363983,Unknown,0.6159232258796692,Unknown,0.7523818612098694,NA,NA,NA,NA,NA,NA,NA,NA,NA
x3236_386_3044_3_003,386.3044,3.003,20:5,3236,Unknown,NA,C25H39NO2,[M + H]+,C25H39NO2,Unknown,0.6784989237785339,Unknown,0.6558026075363159,Unknown,0.3489156663417816,Unknown,0.518062949180603,NA,NA,NA,NA,NA,NA,NA,NA,NA
x38153_1234_96066_15_426,1234.96066,15.426,20:5,38153,Unknown,NA,C72H135N3O6S3,[M + H]+,C72H135N3O6S3,Fatty acids,0.9864777326583862,Unknown,0.48064330220222473,Unknown,0.09823650121688844,Unknown,0.6662036180496216,NA,NA,NA,NA,NA,NA,NA,NA,NA
x36036_1230_92539_14_669,1230.92539,14.669,20:5,36036,Unknown,NA,C34H58I4O8S4,[M + H]+,C34H58I4O8S4,Unknown,0.22244572639465332,Unknown,0.03132820501923561,Unknown,0.0451752170920372,Halobenzenes,0.966529905796051,NA,NA,NA,NA,NA,NA,NA,NA,NA
x34498_1202_89254_14_255,1202.89254,14.255,20:5,34498,Unknown,NA,C60H117N13O10,[M + Na]+,C60H117N13O10,Amino acids and Peptides,0.9618728160858154,Oligopeptides,0.991628885269165,Unknown,0.4014069736003876,Unknown,0.5856395363807678,NA,NA,NA,NA,NA,NA,NA,NA,NA
x599_401_31088_1_126,401.31088,1.126,20:5,599,Unknown,NA,NA,NA,NA,Unknown,NA,Unknown,NA,Unknown,NA,Unknown,NA,NA,NA,NA,NA,NA,NA,NA,NA,NA
x11694_473_43142_5_895,473.43142,5.895,22:0,11694,Unknown,NA,C27H56N2O4,[M + H]+,C27H56N2O4,Fatty acids,0.864888072013855,Unknown,0.6452081799507141,Unknown,0.24873146414756775,Amino acids and derivatives,0.95711517333984375,NA,NA,NA,NA,NA,NA,NA,NA,NA
x3212_466_36624_2_977,466.36624,2.977,22:0,3212,Unknown,NA,C24H52NO5P,[M + H]+,C24H52NO5P,Fatty acids,0.9999006986618042,Glycerophospholipids,0.9902992248535156,Unknown,0.7455074191093445,Phosphocholines,0.9743442535400392,NA,NA,NA,NA,NA,NA,NA,NA,NA
x32113_570_52527_13_704,570.52527,13.704,22:0,32113,Unknown,NA,C38H67NO2,[M + H]+,C38H67NO2,Fatty acids,0.9995322227478028,Unknown,0.7489752769470215,Unknown,0.5283122062683105,N-acyl amines,0.9710182547569276,NA,NA,NA,NA,NA,NA,NA,NA,NA
x20147_516_47843_9_503,516.47843,9.503,22:0,20147,Unknown,NA,C34H61NO2,[M + H]+,C34H61NO2,Fatty acids,0.9490548968315125,Unknown,0.5936523675918579,Unknown,0.6532688140869141,Unknown,0.5931985974311829,NA,NA,NA,NA,NA,NA,NA,NA,NA
x24292_542_49223_11_701,542.49223,11.701,22:0,24292,Unknown,NA,C36H63NO2,[M + H]+,C36H63NO2,Fatty acids,0.9520601630210876,Unknown,0.6358024477958679,Unknown,0.5983089208602905,N-acyl amines,0.9921869039535522,NA,NA,NA,NA,NA,NA,NA,NA,NA
x19755_486_45229_9_263,486.45229,9.263,22:0,19755,Unknown,NA,C29H59NO4,[M + H]+,C29H59NO4,Unknown,0.6758213639259338,Unknown,0.4538428485393524,Unknown,0.1978586912155151,Unknown,0.7008834481239319,NA,NA,NA,NA,NA,NA,NA,NA,NA
x24637_412_41482_11_807,412.41482,11.807,22:0,24637,Unknown,NA,C26H53NO2,[M + H]+,C26H53NO2,Unknown,0.4660160839557648,Unknown,0.51640784740448,Unknown,0.04372349008917808,Unknown,0.5158915519714355,NA,NA,NA,NA,NA,NA,NA,NA,NA
x22590_427_81731_10_789,427.81731,10.789,22:0,22590,Unknown,NA,NA,NA,NA,Unknown,NA,Unknown,NA,Unknown,NA,Unknown,NA,NA,NA,NA,NA,NA,NA,NA,NA,NA
x21927_530_49385_10_401,530.49385,10.401,22:0,21927,Unknown,NA,C35H63NO2,[M + H]+,C35H63NO2,Fatty acids,0.9252058267593384,Unknown,0.30204805731773376,Unknown,0.5777391195297241,N-acyl amines,0.9545540809631348,NA,NA,NA,NA,NA,NA,NA,NA,NA
x8998_434_39937_4_917,434.39937,4.917,22:0,8998,Unknown,NA,NA,NA,NA,Unknown,NA,Unknown,NA,Unknown,NA,Unknown,NA,NA,NA,NA,NA,NA,NA,NA,NA,NA
x11686_462_43131_5_884,462.43131,5.884,22:0,11686,Unknown,NA,C30H55NO2,[M + H]+,C30H55NO2,Unknown,0.7508471012115479,Unknown,0.6895413994789124,Unknown,0.3643952012062073,Unknown,0.5002555847167969,NA,NA,NA,NA,NA,NA,NA,NA,NA
x13960_414_4306_6_84,414.4306,6.84,22:0,13960,Unknown,NA,C26H55NO2,[M + H]+,C26H55NO2,Fatty acids,0.9993135929107666,Sphingolipids,0.9896745085716248,Unknown,0.4394039511680603,"1,2-aminoalcohols",0.997880220413208,NA,NA,NA,NA,NA,NA,NA,NA,NA
x25287_486_43167_11_994,486.43167,11.994,22:0,25287,Unknown,NA,C32H55NO2,[M + H]+,C32H55NO2,Unknown,0.8357782959938049,Unknown,0.7259454131126404,Unknown,0.18366357684135437,Unknown,0.5927799344062805,NA,NA,NA,NA,NA,NA,NA,NA,NA
x19831_781_4965_9_335,781.4965,9.335,22:0,19831,Unknown,NA,NA,NA,NA,Unknown,NA,Unknown,NA,Unknown,NA,Unknown,NA,NA,NA,NA,NA,NA,NA,NA,NA,NA
x17013_428_44593_8_125,428.44593,8.125,22:0,17013,Unknown,NA,C27H57NO2,[M + H]+,C27H57NO2,Fatty acids,0.9477776885032654,Unknown,0.6075000762939453,Unknown,0.2284922152757645,Unknown,0.6892231106758118,NA,NA,NA,NA,NA,NA,NA,NA,NA
x23582_602_5153_11_426,602.5153,11.426,22:0,23582,Unknown,NA,C38H67NO4,[M + H]+,C38H67NO4,Unknown,0.839276134967804,Unknown,0.2450824677944183,Unknown,0.1334197223186493,N-acyl amines,0.8654810786247253,NA,NA,NA,NA,NA,NA,NA,NA,NA
x23645_584_5042_11_463,584.5042,11.463,22:0,23645,Unknown,NA,C36H67NO3,[M + Na]+,C36H67NO3,Fatty acids,0.955391526222229,Unknown,0.505799412727356,Unknown,0.5017520785331726,N-acyl amines,0.9221835732460022,NA,NA,NA,NA,NA,NA,NA,NA,NA
x5856_451_4262_3_882,451.4262,3.882,22:0,5856,Unknown,NA,C28H54N2O2,[M + H]+,C28H54N2O2,Unknown,0.2646920084953308,Unknown,0.4716683328151703,Unknown,0.6744778156280518,Unknown,0.6537513732910156,NA,NA,NA,NA,NA,NA,NA,NA,NA
x10172_448_41503_5_335,448.41503,5.335,22:0,10172,Unknown,NA,C29H53NO2,[M + H]+,C29H53NO2,Fatty acids,0.986244022846222,Fatty amides,0.870543897151947,Unknown,0.3481387197971344,N-acyl amines,0.9767451882362366,NA,NA,NA,NA,NA,NA,NA,NA,NA
x24740_748_52481_11_854,748.52481,11.854,22:0,24740,Unknown,NA,NA,NA,NA,Unknown,NA,Unknown,NA,Unknown,NA,Unknown,NA,NA,NA,NA,NA,NA,NA,NA,NA,NA
x8328_459_41653_4_659,459.41653,4.659,22:0,8328,Unknown,NA,C26H54N2O4,[M + H]+,C26H54N2O4,Fatty acids,0.8927057981491089,Unknown,0.7623468637466431,Unknown,0.4529755115509033,Unknown,0.627031683921814,NA,NA,NA,NA,NA,NA,NA,NA,NA
x32860_742_63355_13_863,742.63355,13.863,22:0,32860,Unknown,NA,NA,NA,NA,Unknown,NA,Unknown,NA,Unknown,NA,Unknown,NA,NA,NA,NA,NA,NA,NA,NA,NA,NA
x14989_414_42971_7_291,414.42971,7.291,22:0,14989,Unknown,NA,C26H55NO2,[M + H]+,C26H55NO2,Fatty acids,0.985901951789856,Unknown,0.6846576929092407,Unknown,0.27175748348236084,Unknown,0.8342915773391724,NA,NA,NA,NA,NA,NA,NA,NA,NA
x32489_572_54055_13_786,572.54055,13.786,22:0,32489,Unknown,NA,C38H69NO2,[M + H]+,C38H69NO2,Fatty acids,0.9524673819541932,Unknown,0.4328185021877289,Unknown,0.2506943345069885,Unknown,0.6847460269927979,NA,NA,NA,NA,NA,NA,NA,NA,NA
x7986_488_4481_4_556,488.4481,4.556,22:0,7986,Unknown,NA,C32H57NO2,[M + H]+,C32H57NO2,Unknown,0.6574288606643677,Unknown,0.2708836793899536,Unknown,0.12026545405387878,Unknown,0.7837759256362915,NA,NA,NA,NA,NA,NA,NA,NA,NA
x20026_448_45119_9_438,448.45119,9.438,22:0,20026,Unknown,NA,C30H57NO,[M + H]+,C30H57NO,Unknown,0.7732079029083252,Unknown,0.5745791792869568,Unknown,0.22210919857025144,N-acyl amines,0.9241346716880798,NA,NA,NA,NA,NA,NA,NA,NA,NA
x19761_691_56729_9_293,691.56729,9.293,22:0,19761,Unknown,NA,C46H74O4,[M + H]+,C46H74O4,Unknown,0.8179444074630737,Unknown,0.7165524959564209,Unknown,0.3280981779098511,Fatty acid esters,0.9801453351974488,NA,NA,NA,NA,NA,NA,NA,NA,NA
x23106_534_48754_11_106,534.48754,11.106,22:0,23106,Unknown,NA,C34H63NO3,[M + H]+,C34H63NO3,Fatty acids,0.9907384514808656,Unknown,0.4789203405380249,Unknown,0.34627386927604675,N-acyl amines,0.964870035648346,NA,NA,NA,NA,NA,NA,NA,NA,NA
x12939_412_41518_6_438,412.41518,6.438,22:0,12939,Unknown,NA,C26H53NO2,[M + H]+,C26H53NO2,Fatty acids,0.9909161925315856,Sphingolipids,0.875542163848877,Unknown,0.41084349155426025,"1,2-aminoalcohols",0.99766206741333,NA,NA,NA,NA,NA,NA,NA,NA,NA
x10778_448_41478_5_556,448.41478,5.556,22:0,10778,Unknown,NA,C29H53NO2,[M + H]+,C29H53NO2,Unknown,0.6046432852745056,Unknown,0.23891128599643707,Unknown,0.17694811522960663,Unknown,0.7648062705993652,NA,NA,NA,NA,NA,NA,NA,NA,NA
x2764_658_46684_2_699,658.46684,2.699,22:0,2764,Unknown,NA,C34H63N3O9,[M + H]+,C34H63N3O9,Polyketides,0.8545297980308533,Unknown,0.44826486706733704,Unknown,0.35984182357788086,Unknown,0.6362329721450806,NA,NA,NA,NA,NA,NA,NA,NA,NA
x18029_705_54087_8_485,705.54087,8.485,22:0,18029,Unknown,NA,C42H68N6O3,[M + H]+,C42H68N6O3,Alkaloids,0.9027086496353148,Unknown,0.16369768977165222,Unknown,0.1076165959239006,Unknown,0.6190891265869141,NA,NA,NA,NA,NA,NA,NA,NA,NA
x4455_437_40916_3_496,437.40916,3.496,22:0,4455,Unknown,NA,C27H52N2O2,[M + H]+,C27H52N2O2,Alkaloids,0.8703218102455139,Unknown,0.3950387239456177,Unknown,0.5539699792861938,Unknown,0.7550198435783386,NA,NA,NA,NA,NA,NA,NA,NA,NA
x4281_723_71441_3_38,723.71441,3.38,22:0,4281,Unknown,NA,C10H12I3NO7P2,[M + Na]+,C10H12I3NO7P2,Unknown,0.383596271276474,Unknown,0.2391108125448227,Unknown,0.1452818363904953,Aryl iodides,0.9402962923049928,NA,NA,NA,NA,NA,NA,NA,NA,NA
x16746_478_46222_8_03,478.46222,8.03,22:0,16746,Unknown,NA,C31H59NO2,[M + H]+,C31H59NO2,Unknown,0.7414599061012268,Unknown,0.42991504073143005,Unknown,0.14789371192455292,Lipids and lipid-like molecules,0.9247309565544128,NA,NA,NA,NA,NA,NA,NA,NA,NA
x20989_530_49386_9_96,530.49386,9.96,22:0,20989,Unknown,NA,C35H63NO2,[M + H]+,C35H63NO2,Fatty acids,0.9967079162597656,Unknown,0.5372697710990906,Unknown,0.7492912411689758,N-acyl amines,0.9804243445396424,NA,NA,NA,NA,NA,NA,NA,NA,NA
x33819_718_63294_14_066,718.63294,14.066,22:0,33819,Unknown,NA,NA,NA,NA,Unknown,NA,Unknown,NA,Unknown,NA,Unknown,NA,NA,NA,NA,NA,NA,NA,NA,NA,NA
x14219_504_47817_6_972,504.47817,6.972,22:0,14219,Unknown,NA,C33H61NO2,[M + H]+,C33H61NO2,Unknown,0.5751800537109375,Unknown,0.1059100180864334,Unknown,0.18148326873779297,Lipids and lipid-like molecules,0.9807433485984802,NA,NA,NA,NA,NA,NA,NA,NA,NA
x15356_721_53914_7_472,721.53914,7.472,22:0,15356,Unknown,NA,C42H68N6O4,[M + H]+,C42H68N6O4,Unknown,0.6634343266487122,Unknown,0.1453929990530014,Unknown,0.07144646346569061,Unknown,0.6540476083755493,NA,NA,NA,NA,NA,NA,NA,NA,NA
x11069_436_41522_5_624,436.41522,5.624,22:0,11069,Unknown,NA,C28H53NO2,[M + H]+,C28H53NO2,Fatty acids,0.9754026532173156,Unknown,0.8314769268035889,Unknown,0.3183784484863281,N-acyl amines,0.9281699657440186,NA,NA,NA,NA,NA,NA,NA,NA,NA
x8316_414_43036_4_62,414.43036,4.62,22:0,8316,Unknown,NA,C26H55NO2,[M + H]+,C26H55NO2,Fatty acids,0.903894305229187,Unknown,0.3147238492965698,Unknown,0.15658724308013916,"1,2-aminoalcohols",0.970770537853241,NA,NA,NA,NA,NA,NA,NA,NA,NA
x32113_570_52527_13_704,570.52527,13.704,22:1,32113,Unknown,NA,C38H67NO2,[M + H]+,C38H67NO2,Fatty acids,0.9995322227478028,Unknown,0.7489752769470215,Unknown,0.5283122062683105,N-acyl amines,0.9710182547569276,NA,NA,NA,NA,NA,NA,NA,NA,NA
x41546_932_86601_17_263,932.86601,17.263,22:1,41546,Unknown,NA,C25H32I4N2O4,[M + H]+,C25H32I4N2O4,Unknown,0.5043905377388,Unknown,0.08211412280797958,Unknown,0.08541830629110336,Unknown,0.687118411064148,NA,NA,NA,NA,NA,NA,NA,NA,NA
x6338_452_34959_4_038,452.34959,4.038,22:1,6338,Unknown,NA,C23H50NO5P,[M + H]+,C23H50NO5P,Fatty acids,0.9913528561592102,Unknown,0.6281200051307678,Unknown,0.3395922780036926,Unknown,0.820006251335144,NA,NA,NA,NA,NA,NA,NA,NA,NA
x34179_1081_71506_14_186,1081.71506,14.186,22:1,34179,Unknown,NA,NA,NA,NA,Unknown,NA,Unknown,NA,Unknown,NA,Unknown,NA,NA,NA,NA,NA,NA,NA,NA,NA,NA
x40112_966_88519_16_228,966.88519,16.228,22:1,40112,Unknown,NA,NA,NA,NA,Unknown,NA,Unknown,NA,Unknown,NA,Unknown,NA,NA,NA,NA,NA,NA,NA,NA,NA,NA
x24637_412_41482_11_807,412.41482,11.807,22:1,24637,Unknown,NA,C26H53NO2,[M + H]+,C26H53NO2,Unknown,0.4660160839557648,Unknown,0.51640784740448,Unknown,0.04372349008917808,Unknown,0.5158915519714355,NA,NA,NA,NA,NA,NA,NA,NA,NA
x40051_980_90086_16_212,980.90086,16.212,22:1,40051,Unknown,NA,NA,NA,NA,Unknown,NA,Unknown,NA,Unknown,NA,Unknown,NA,NA,NA,NA,NA,NA,NA,NA,NA,NA
x40347_994_91715_16_366,994.91715,16.366,22:1,40347,Unknown,NA,NA,NA,NA,Unknown,NA,Unknown,NA,Unknown,NA,Unknown,NA,NA,NA,NA,NA,NA,NA,NA,NA,NA
x40587_918_88656_16_501,918.88656,16.501,22:1,40587,Unknown,NA,NA,NA,NA,Unknown,NA,Unknown,NA,Unknown,NA,Unknown,NA,NA,NA,NA,NA,NA,NA,NA,NA,NA
x21927_530_49385_10_401,530.49385,10.401,22:1,21927,Unknown,NA,C35H63NO2,[M + H]+,C35H63NO2,Fatty acids,0.9252058267593384,Unknown,0.30204805731773376,Unknown,0.5777391195297241,N-acyl amines,0.9545540809631348,NA,NA,NA,NA,NA,NA,NA,NA,NA
x2105_464_35001_2_113,464.35001,2.113,22:1,2105,Unknown,NA,C24H50NO5P,[M + H]+,C24H50NO5P,Fatty acids,0.9994520545005798,Sphingolipids,0.858677864074707,Unknown,0.2598468065261841,Unknown,0.8037772178649902,NA,NA,NA,NA,NA,NA,NA,NA,NA
x8998_434_39937_4_917,434.39937,4.917,22:1,8998,Unknown,NA,NA,NA,NA,Unknown,NA,Unknown,NA,Unknown,NA,Unknown,NA,NA,NA,NA,NA,NA,NA,NA,NA,NA
x11686_462_43131_5_884,462.43131,5.884,22:1,11686,Unknown,NA,C30H55NO2,[M + H]+,C30H55NO2,Unknown,0.7508471012115479,Unknown,0.6895413994789124,Unknown,0.3643952012062073,Unknown,0.5002555847167969,NA,NA,NA,NA,NA,NA,NA,NA,NA
x25287_486_43167_11_994,486.43167,11.994,22:1,25287,Unknown,NA,C32H55NO2,[M + H]+,C32H55NO2,Unknown,0.8357782959938049,Unknown,0.7259454131126404,Unknown,0.18366357684135437,Unknown,0.5927799344062805,NA,NA,NA,NA,NA,NA,NA,NA,NA
x26128_735_66297_12_254,735.66297,12.254,22:1,26128,Unknown,NA,C44H84N6O,[M + Na]+,C44H84N6O,Unknown,0.7736284732818604,Unknown,0.2658291757106781,Unknown,0.18844154477119449,Unknown,0.8187676072120667,NA,NA,NA,NA,NA,NA,NA,NA,NA
x8202_484_41591_4_603,484.41591,4.603,22:1,8202,Unknown,NA,C32H53NO2,[M + H]+,C32H53NO2,Unknown,0.7650749087333679,Unknown,0.8009911179542542,Unknown,0.39199844002723694,Unknown,0.6999388933181763,NA,NA,NA,NA,NA,NA,NA,NA,NA
x23609_780_583_11_42,780.583,11.42,22:1,23609,Unknown,NA,C45H79N3O6,[M + Na]+,C45H79N3O6,Unknown,0.7205668091773987,Unknown,0.5443060398101807,Unknown,0.2839394211769104,Unknown,0.702535092830658,NA,NA,NA,NA,NA,NA,NA,NA,NA
x10172_448_41503_5_335,448.41503,5.335,22:1,10172,Unknown,NA,C29H53NO2,[M + H]+,C29H53NO2,Fatty acids,0.986244022846222,Fatty amides,0.870543897151947,Unknown,0.3481387197971344,N-acyl amines,0.9767451882362366,NA,NA,NA,NA,NA,NA,NA,NA,NA
x32347_536_43992_13_77,536.43992,13.77,22:1,32347,Unknown,NA,C36H58NP,[M + H]+,C36H58NP,Terpenoids,0.9653856158256532,Unknown,0.22099043428897855,Unknown,0.06184501945972442,Lipids and lipid-like molecules,0.986665666103363,NA,NA,NA,NA,NA,NA,NA,NA,NA
x31258_570_52551_13_533,570.52551,13.533,22:1,31258,Unknown,NA,C38H67NO2,[M + H]+,C38H67NO2,Fatty acids,0.9994930028915404,Unknown,0.7353431582450867,Unknown,0.5306252837181091,N-acyl amines,0.9597151279449464,NA,NA,NA,NA,NA,NA,NA,NA,NA
x37558_804_74498_15_263,804.74498,15.263,22:1,37558,Unknown,NA,NA,NA,NA,Unknown,NA,Unknown,NA,Unknown,NA,Unknown,NA,NA,NA,NA,NA,NA,NA,NA,NA,NA
x21020_514_46226_9_961,514.46226,9.961,22:1,21020,Unknown,NA,C34H59NO2,[M + H]+,C34H59NO2,Unknown,0.7575331926345825,Unknown,0.6279234886169434,Unknown,0.523546576499939,N-acyl amines,0.994078516960144,NA,NA,NA,NA,NA,NA,NA,NA,NA
x40928_946_91777_16_707,946.91777,16.707,22:1,40928,Unknown,NA,NA,NA,NA,Unknown,NA,Unknown,NA,Unknown,NA,Unknown,NA,NA,NA,NA,NA,NA,NA,NA,NA,NA
x7027_470_40051_4_269,470.40051,4.269,22:1,7027,Unknown,NA,C31H51NO2,[M + H]+,C31H51NO2,Unknown,0.6797220706939697,Unknown,0.803544819355011,Unknown,0.3688684105873108,Unknown,0.748701810836792,NA,NA,NA,NA,NA,NA,NA,NA,NA
x27322_594_54631_12_55,594.54631,12.55,22:1,27322,Unknown,NA,C37H71NO4,[M + H]+,C37H71NO4,Fatty acids,0.970869779586792,Unknown,0.6042285561561584,Unknown,0.7804118394851685,Unknown,0.570274829864502,NA,NA,NA,NA,NA,NA,NA,NA,NA
x9147_474_39583_4_93,474.39583,4.93,22:1,9147,Unknown,NA,C30H51NO3,[M + H]+,C30H51NO3,Terpenoids,0.9611592888832092,Triterpenoids,0.907418727874756,Unknown,0.7512376308441162,Triterpenoids,0.9782145023345948,NA,NA,NA,NA,NA,NA,NA,NA,NA
x2350_464_35043_2_335,464.35043,2.335,22:1,2350,Unknown,NA,C24H50NO5P,[M + H]+,C24H50NO5P,Fatty acids,0.9996957778930664,Unknown,0.789404034614563,Unknown,0.4054072499275207,Unknown,0.5267297625541687,NA,NA,NA,NA,NA,NA,NA,NA,NA
x7986_488_4481_4_556,488.4481,4.556,22:1,7986,Unknown,NA,C32H57NO2,[M + H]+,C32H57NO2,Unknown,0.6574288606643677,Unknown,0.2708836793899536,Unknown,0.12026545405387878,Unknown,0.7837759256362915,NA,NA,NA,NA,NA,NA,NA,NA,NA
x18273_528_44218_8_54,528.44218,8.54,22:1,18273,Unknown,NA,C34H57NO3,[M + H]+,C34H57NO3,Terpenoids,0.9590421319007874,Unknown,0.5183107852935791,Unknown,0.8211405277252197,Unknown,0.8225286602973938,NA,NA,NA,NA,NA,NA,NA,NA,NA
x19729_689_54884_9_278,689.54884,9.278,22:1,19729,Unknown,NA,C44H74O4,[M + Na]+,C44H74O4,Fatty acids,0.9730094075202942,Glycerolipids,0.9234878420829772,Unknown,0.4135632514953614,Fatty acid esters,0.9952291250228882,NA,NA,NA,NA,NA,NA,NA,NA,NA
x5592_510_43181_3_813,510.43181,3.813,22:1,5592,Unknown,NA,NA,NA,NA,Unknown,NA,Unknown,NA,Unknown,NA,Unknown,NA,NA,NA,NA,NA,NA,NA,NA,NA,NA
x3858_450_39351_3_18,450.39351,3.18,22:1,3858,Unknown,NA,C28H51NO3,[M + H]+,C28H51NO3,Unknown,0.20413509011268616,Unknown,0.19531184434890747,Unknown,0.2133866399526596,Unknown,0.8171427845954895,NA,NA,NA,NA,NA,NA,NA,NA,NA
x6693_446_40154_4_111,446.40154,4.111,22:1,6693,Unknown,NA,C26H52FNO3,[M + H]+,C26H52FNO3,Unknown,0.4065517783164978,Steroids,0.9183545708656312,Unknown,0.05820522457361221,3-hydroxysteroids,0.9925717711448668,NA,NA,NA,NA,NA,NA,NA,NA,NA
x12939_412_41518_6_438,412.41518,6.438,22:1,12939,Unknown,NA,C26H53NO2,[M + H]+,C26H53NO2,Fatty acids,0.9909161925315856,Sphingolipids,0.875542163848877,Unknown,0.41084349155426025,"1,2-aminoalcohols",0.99766206741333,NA,NA,NA,NA,NA,NA,NA,NA,NA
x10778_448_41478_5_556,448.41478,5.556,22:1,10778,Unknown,NA,C29H53NO2,[M + H]+,C29H53NO2,Unknown,0.6046432852745056,Unknown,0.23891128599643707,Unknown,0.17694811522960663,Unknown,0.7648062705993652,NA,NA,NA,NA,NA,NA,NA,NA,NA
x10372_460_415_5_458,460.415,5.458,22:1,10372,Unknown,NA,C30H53NO2,[M + H]+,C30H53NO2,Unknown,0.742409348487854,Unknown,0.8430219292640686,Unknown,0.05724567547440529,Unknown,0.5420757532119751,NA,NA,NA,NA,NA,NA,NA,NA,NA
x37115_790_7301_15_092,790.7301,15.092,22:1,37115,Unknown,NA,NA,NA,NA,Unknown,NA,Unknown,NA,Unknown,NA,Unknown,NA,NA,NA,NA,NA,NA,NA,NA,NA,NA
x18190_522_45297_8_546,522.45297,8.546,22:1,18190,Unknown,NA,C32H59NO4,[M + H]+,C32H59NO4,Fatty acids,0.98199063539505,Unknown,0.7315708994865417,Unknown,0.3219882547855377,N-acyl amines,0.9662014245986938,NA,NA,NA,NA,NA,NA,NA,NA,NA
x16746_478_46222_8_03,478.46222,8.03,22:1,16746,Unknown,NA,C31H59NO2,[M + H]+,C31H59NO2,Unknown,0.7414599061012268,Unknown,0.42991504073143005,Unknown,0.14789371192455292,Lipids and lipid-like molecules,0.9247309565544128,NA,NA,NA,NA,NA,NA,NA,NA,NA
x5839_459_38341_3_878,459.38341,3.878,22:1,5839,Unknown,NA,C30H50O3,[M + H]+,C30H50O3,Terpenoids,0.9844982028007508,Triterpenoids,0.9449113011360168,Unknown,0.5821976661682129,Triterpenoids,0.964954137802124,NA,NA,NA,NA,NA,NA,NA,NA,NA
x20989_530_49386_9_96,530.49386,9.96,22:1,20989,Unknown,NA,C35H63NO2,[M + H]+,C35H63NO2,Fatty acids,0.9967079162597656,Unknown,0.5372697710990906,Unknown,0.7492912411689758,N-acyl amines,0.9804243445396424,NA,NA,NA,NA,NA,NA,NA,NA,NA
x9388_486_43127_5_001,486.43127,5.001,22:1,9388,Unknown,NA,C32H55NO2,[M + H]+,C32H55NO2,Fatty acids,0.952549397945404,Fatty amides,0.874433696269989,Unknown,0.8405474424362183,Unknown,0.5046207904815674,NA,NA,NA,NA,NA,NA,NA,NA,NA
x18748_598_44646_8_824,598.44646,8.824,22:1,18748,Unknown,NA,NA,NA,NA,Unknown,NA,Unknown,NA,Unknown,NA,Unknown,NA,NA,NA,NA,NA,NA,NA,NA,NA,NA
x9035_436_32357_4_999,436.32357,4.999,22:1,9035,Unknown,NA,C26H42FNO3,[M + H]+,C26H42FNO3,Unknown,0.3284767270088196,Steroids,0.8946939706802368,Unknown,0.4409255981445313,Unknown,0.8202610611915588,NA,NA,NA,NA,NA,NA,NA,NA,NA
x18041_498_45259_8_482,498.45259,8.482,22:1,18041,Unknown,NA,C30H59NO4,[M + H]+,C30H59NO4,Unknown,0.8418139815330505,Unknown,0.8246924877166748,Unknown,0.1711464822292328,N-acyl amines,0.8554839491844177,NA,NA,NA,NA,NA,NA,NA,NA,NA
x40684_994_9084_16_571,994.9084,16.571,22:1,40684,Unknown,NA,C31H22N4O22S6,[M + H]+,C31H22N4O22S6,Unknown,0.375813752412796,Unknown,0.7382134795188904,Unknown,0.1836784929037094,Unknown,0.5987870693206787,NA,NA,NA,NA,NA,NA,NA,NA,NA
x25392_520_44323_12_008,520.44323,12.008,22:1,25392,Unknown,NA,C26H57N5O5,[M + H]+,C26H57N5O5,Amino acids and Peptides,0.8627753853797913,Unknown,0.34497392177581787,Unknown,0.10333139449357986,Dipeptides,0.8821268081665039,NA,NA,NA,NA,NA,NA,NA,NA,NA
x11069_436_41522_5_624,436.41522,5.624,22:1,11069,Unknown,NA,C28H53NO2,[M + H]+,C28H53NO2,Fatty acids,0.9754026532173156,Unknown,0.8314769268035889,Unknown,0.3183784484863281,N-acyl amines,0.9281699657440186,NA,NA,NA,NA,NA,NA,NA,NA,NA
x5988_463_39348_3_847,463.39348,3.847,22:1,5988,Unknown,NA,NA,NA,NA,Unknown,NA,Unknown,NA,Unknown,NA,Unknown,NA,NA,NA,NA,NA,NA,NA,NA,NA,NA
x4591_452_31436_3_5,452.31436,3.5,22:2,4591,Unknown,NA,C22H46NO6P,[M + H]+,C22H46NO6P,Fatty acids,0.999895453453064,Glycerophospholipids,0.9768823385238647,Unknown,0.668351411819458,Glycerophosphoethanolamines,0.8681536912918091,NA,NA,NA,NA,NA,NA,NA,NA,NA
x39474_964_8673_15_982,964.8673,15.982,22:2,39474,Triacylglycerols,NA,C63H113NO5,[M + H]+,C63H113NO5,Fatty acids,0.9998437166213988,Glycerolipids,0.9819263815879822,Triacylglycerols,0.9963435530662536,Unknown,0.5108606219291687,NA,NA,NA,NA,NA,NA,NA,NA,NA
x8998_434_39937_4_917,434.39937,4.917,22:2,8998,Unknown,NA,NA,NA,NA,Unknown,NA,Unknown,NA,Unknown,NA,Unknown,NA,NA,NA,NA,NA,NA,NA,NA,NA,NA
x11686_462_43131_5_884,462.43131,5.884,22:2,11686,Unknown,NA,C30H55NO2,[M + H]+,C30H55NO2,Unknown,0.7508471012115479,Unknown,0.6895413994789124,Unknown,0.3643952012062073,Unknown,0.5002555847167969,NA,NA,NA,NA,NA,NA,NA,NA,NA
x8881_490_39057_4_844,490.39057,4.844,22:2,8881,Unknown,NA,C30H51NO4,[M + H]+,C30H51NO4,Unknown,0.5116003155708313,Unknown,0.3392752408981323,Unknown,0.6781235337257385,Unknown,0.7609089016914368,NA,NA,NA,NA,NA,NA,NA,NA,NA
x18990_532_41538_8_925,532.41538,8.925,22:2,18990,Unknown,NA,C36H53NO2,[M + H]+,C36H53NO2,Unknown,0.7455491423606873,Unknown,0.3070976138114929,Unknown,0.2393108457326889,Unknown,0.802570641040802,NA,NA,NA,NA,NA,NA,NA,NA,NA
x8202_484_41591_4_603,484.41591,4.603,22:2,8202,Unknown,NA,C32H53NO2,[M + H]+,C32H53NO2,Unknown,0.7650749087333679,Unknown,0.8009911179542542,Unknown,0.39199844002723694,Unknown,0.6999388933181763,NA,NA,NA,NA,NA,NA,NA,NA,NA
x8649_448_37953_4_781,448.37953,4.781,22:2,8649,Unknown,NA,C28H49NO3,[M + H]+,C28H49NO3,Terpenoids,0.870957612991333,Steroids,0.9972255229949952,Unknown,0.8450380563735962,Glycinated bile acids and derivatives,0.9916995763778688,NA,NA,NA,NA,NA,NA,NA,NA,NA
x10172_448_41503_5_335,448.41503,5.335,22:2,10172,Unknown,NA,C29H53NO2,[M + H]+,C29H53NO2,Fatty acids,0.986244022846222,Fatty amides,0.870543897151947,Unknown,0.3481387197971344,N-acyl amines,0.9767451882362366,NA,NA,NA,NA,NA,NA,NA,NA,NA
x4792_479_42343_3_527,479.42343,3.527,22:2,4792,Unknown,NA,NA,NA,NA,Unknown,NA,Unknown,NA,Unknown,NA,Unknown,NA,NA,NA,NA,NA,NA,NA,NA,NA,NA
x32347_536_43992_13_77,536.43992,13.77,22:2,32347,Unknown,NA,C36H58NP,[M + H]+,C36H58NP,Terpenoids,0.9653856158256532,Unknown,0.22099043428897855,Unknown,0.06184501945972442,Lipids and lipid-like molecules,0.986665666103363,NA,NA,NA,NA,NA,NA,NA,NA,NA
x20271_508_41511_9_588,508.41511,9.588,22:2,20271,Unknown,NA,C34H53NO2,[M + H]+,C34H53NO2,Unknown,0.8356760144233704,Unknown,0.2996828854084015,Unknown,0.24732327461242676,Unknown,0.6264035105705261,NA,NA,NA,NA,NA,NA,NA,NA,NA
x20143_488_44648_9_486,488.44648,9.486,22:2,20143,Unknown,NA,C32H57NO2,[M + H]+,C32H57NO2,Unknown,0.7824307680130005,Unknown,0.5593370199203491,Unknown,0.14052170515060425,N-acyl amines,0.9409860968589784,NA,NA,NA,NA,NA,NA,NA,NA,NA
x24697_444_42006_11_832,444.42006,11.832,22:2,24697,Unknown,NA,C30H53NO,[M + H]+,C30H53NO,Unknown,0.30499139428138733,Unknown,0.7330259084701538,Unknown,0.49380597472190857,Unknown,0.8168820142745972,NA,NA,NA,NA,NA,NA,NA,NA,NA
x7027_470_40051_4_269,470.40051,4.269,22:2,7027,Unknown,NA,C31H51NO2,[M + H]+,C31H51NO2,Unknown,0.6797220706939697,Unknown,0.803544819355011,Unknown,0.3688684105873108,Unknown,0.748701810836792,NA,NA,NA,NA,NA,NA,NA,NA,NA
x11703_428_37385_5_863,428.37385,5.863,22:2,11703,Unknown,NA,C25H49NO4,[M + H]+,C25H49NO4,Fatty acids,0.9838977456092834,Unknown,0.12095454335212708,Unknown,0.11163272708654404,Unknown,0.584506630897522,NA,NA,NA,NA,NA,NA,NA,NA,NA
x7986_488_4481_4_556,488.4481,4.556,22:2,7986,Unknown,NA,C32H57NO2,[M + H]+,C32H57NO2,Unknown,0.6574288606643677,Unknown,0.2708836793899536,Unknown,0.12026545405387878,Unknown,0.7837759256362915,NA,NA,NA,NA,NA,NA,NA,NA,NA
x740_592_38489_1_217,592.38489,1.217,22:2,740,Unknown,NA,C33H53NO8,[M + H]+,C33H53NO8,Unknown,0.7211140394210815,Unknown,0.7619650363922119,Unknown,0.2790455222129822,Unknown,0.5013158321380615,NA,NA,NA,NA,NA,NA,NA,NA,NA
x6693_446_40154_4_111,446.40154,4.111,22:2,6693,Unknown,NA,C26H52FNO3,[M + H]+,C26H52FNO3,Unknown,0.4065517783164978,Steroids,0.9183545708656312,Unknown,0.05820522457361221,3-hydroxysteroids,0.9925717711448668,NA,NA,NA,NA,NA,NA,NA,NA,NA
x10778_448_41478_5_556,448.41478,5.556,22:2,10778,Unknown,NA,C29H53NO2,[M + H]+,C29H53NO2,Unknown,0.6046432852745056,Unknown,0.23891128599643707,Unknown,0.17694811522960663,Unknown,0.7648062705993652,NA,NA,NA,NA,NA,NA,NA,NA,NA
x10372_460_415_5_458,460.415,5.458,22:2,10372,Unknown,NA,C30H53NO2,[M + H]+,C30H53NO2,Unknown,0.742409348487854,Unknown,0.8430219292640686,Unknown,0.05724567547440529,Unknown,0.5420757532119751,NA,NA,NA,NA,NA,NA,NA,NA,NA
x10048_458_39999_5_275,458.39999,5.275,22:2,10048,Unknown,NA,C30H51NO2,[M + H]+,C30H51NO2,Unknown,0.644688069820404,Unknown,0.3303661644458771,Unknown,0.64624786376953125,Unknown,0.7178358435630798,NA,NA,NA,NA,NA,NA,NA,NA,NA
x10354_472_41435_5_388,472.41435,5.388,22:2,10354,Unknown,NA,C31H53NO2,[M + H]+,C31H53NO2,Unknown,0.6507053375244141,Unknown,0.4447929263114929,Unknown,0.2389085292816162,Unknown,0.6085696220397949,NA,NA,NA,NA,NA,NA,NA,NA,NA
x25592_642_5843_12_062,642.5843,12.062,22:2,25592,Unknown,NA,C42H75NO3,[M + H]+,C42H75NO3,Unknown,0.7616063356399536,Triterpenoids,0.8675827383995056,Unknown,0.501078188419342,Unknown,0.8137310147285461,NA,NA,NA,NA,NA,NA,NA,NA,NA
x9260_432_38307_5_001,432.38307,5.001,22:2,9260,Unknown,NA,C28H49NO2,[M + H]+,C28H49NO2,Unknown,0.721160352230072,Unknown,0.7627356648445129,Unknown,0.16604509949684143,Unknown,0.7948048710823059,NA,NA,NA,NA,NA,NA,NA,NA,NA
x7451_458_39959_4_403,458.39959,4.403,22:2,7451,Unknown,NA,C30H51NO2,[M + H]+,C30H51NO2,Fatty acids,0.9912158250808716,Unknown,0.8094176650047302,Unknown,0.3029320240020752,Unknown,0.8031893372535706,NA,NA,NA,NA,NA,NA,NA,NA,NA
x7797_444_38432_4_481,444.38432,4.481,22:2,7797,Unknown,NA,C29H49NO2,[M + H]+,C29H49NO2,Unknown,0.6100072264671326,Unknown,0.390719473361969,Unknown,0.24817177653312683,Lipids and lipid-like molecules,0.9117543697357178,NA,NA,NA,NA,NA,NA,NA,NA,NA
x14128_500_40993_6_926,500.40993,6.926,22:2,14128,Unknown,NA,C32H53NO3,[M + H]+,C32H53NO3,Terpenoids,0.9332668781280518,Unknown,0.6388583779335022,Unknown,0.8003236055374146,Triterpenoids,0.9427785873413086,NA,NA,NA,NA,NA,NA,NA,NA,NA
x8332_864_62484_4_63,864.62484,4.63,22:2,8332,Unknown,NA,C46H87N3O10,[M + Na]+,C46H87N3O10,Unknown,0.777001678943634,Unknown,0.5989232063293457,Unknown,0.2577678859233856,Unknown,0.5342779159545898,NA,NA,NA,NA,NA,NA,NA,NA,NA
x9603_448_38052_5_057,448.38052,5.057,22:2,9603,Unknown,NA,C28H49NO3,[M + H]+,C28H49NO3,Terpenoids,0.9717896580696106,Steroids,0.9997188448905944,Unknown,0.8059597611427307,Glycinated bile acids and derivatives,0.97586989402771,NA,NA,NA,NA,NA,NA,NA,NA,NA
x8745_432_38524_4_767,432.38524,4.767,22:2,8745,Unknown,NA,C28H49NO2,[M + H]+,C28H49NO2,Unknown,0.7060420513153076,Steroids,0.8877086639404297,Unknown,0.27134969830513,Unknown,0.6725060939788818,NA,NA,NA,NA,NA,NA,NA,NA,NA
x11239_428_37406_5_68,428.37406,5.68,22:2,11239,Unknown,NA,C25H49NO4,[M + H]+,C25H49NO4,Fatty acids,0.9900332093238832,Unknown,0.3026197850704193,Unknown,0.19742269814014435,Lipids and lipid-like molecules,0.8803882598876953,NA,NA,NA,NA,NA,NA,NA,NA,NA
x11069_436_41522_5_624,436.41522,5.624,22:2,11069,Unknown,NA,C28H53NO2,[M + H]+,C28H53NO2,Fatty acids,0.9754026532173156,Unknown,0.8314769268035889,Unknown,0.3183784484863281,N-acyl amines,0.9281699657440186,NA,NA,NA,NA,NA,NA,NA,NA,NA
x6565_482_40226_4_047,482.40226,4.047,22:2,6565,Unknown,NA,C27H47BN6O,[M + H]+,C27H47BN6O,Unknown,0.1848900318145752,Unknown,0.05720435082912445,Unknown,0.17473292350769043,Unknown,0.6611492037773132,NA,NA,NA,NA,NA,NA,NA,NA,NA
x13112_516_44185_6_489,516.44185,6.489,22:3,13112,Unknown,NA,C33H57NO3,[M + H]+,C33H57NO3,Unknown,0.3789614140987396,Steroids,0.8831247687339783,Unknown,0.6203693151473999,Unknown,0.7046634554862976,NA,NA,NA,NA,NA,NA,NA,NA,NA
x20215_558_43169_9_537,558.43169,9.537,22:3,20215,Unknown,NA,C38H55NO2,[M + H]+,C38H55NO2,Unknown,0.6242345571517944,Unknown,0.2845059931278229,Unknown,0.23095181584358215,Unknown,0.5617097020149231,NA,NA,NA,NA,NA,NA,NA,NA,NA
x5174_446_36343_3_691,446.36343,3.691,22:3,5174,Unknown,NA,C28H47NO3,[M + H]+,C28H47NO3,Terpenoids,0.9180446267127992,Unknown,0.8166564106941223,Unknown,0.6380206942558289,Unknown,0.5700286030769348,NA,NA,NA,NA,NA,NA,NA,NA,NA
x8998_434_39937_4_917,434.39937,4.917,22:3,8998,Unknown,NA,NA,NA,NA,Unknown,NA,Unknown,NA,Unknown,NA,Unknown,NA,NA,NA,NA,NA,NA,NA,NA,NA,NA
x29521_664_58531_13_119,664.58531,13.119,22:3,29521,Unknown,NA,NA,NA,NA,Unknown,NA,Unknown,NA,Unknown,NA,Unknown,NA,NA,NA,NA,NA,NA,NA,NA,NA,NA
x17361_496_37907_8_262,496.37907,8.262,22:3,17361,Unknown,NA,C32H49NO3,[M + H]+,C32H49NO3,Terpenoids,0.9839506149291992,Steroids,0.9839118123054504,Unknown,0.4395851492881775,Glycinated bile acids and derivatives,0.9778025150299072,NA,NA,NA,NA,NA,NA,NA,NA,NA
x11686_462_43131_5_884,462.43131,5.884,22:3,11686,Unknown,NA,C30H55NO2,[M + H]+,C30H55NO2,Unknown,0.7508471012115479,Unknown,0.6895413994789124,Unknown,0.3643952012062073,Unknown,0.5002555847167969,NA,NA,NA,NA,NA,NA,NA,NA,NA
x22046_442_40486_10_468,442.40486,10.468,22:3,22046,Unknown,NA,NA,NA,NA,Unknown,NA,Unknown,NA,Unknown,NA,Unknown,NA,NA,NA,NA,NA,NA,NA,NA,NA,NA
x18990_532_41538_8_925,532.41538,8.925,22:3,18990,Unknown,NA,C36H53NO2,[M + H]+,C36H53NO2,Unknown,0.7455491423606873,Unknown,0.3070976138114929,Unknown,0.2393108457326889,Unknown,0.802570641040802,NA,NA,NA,NA,NA,NA,NA,NA,NA
x2657_450_29649_2_637,450.29649,2.637,22:3,2657,Unknown,NA,C22H44NO6P,[M + H]+,C22H44NO6P,Fatty acids,0.98967045545578,Unknown,0.09354475885629654,Unknown,0.4404158294200897,Unknown,0.7526516318321228,NA,NA,NA,NA,NA,NA,NA,NA,NA
x8202_484_41591_4_603,484.41591,4.603,22:3,8202,Unknown,NA,C32H53NO2,[M + H]+,C32H53NO2,Unknown,0.7650749087333679,Unknown,0.8009911179542542,Unknown,0.39199844002723694,Unknown,0.6999388933181763,NA,NA,NA,NA,NA,NA,NA,NA,NA
x32029_692_61769_13_667,692.61769,13.667,22:3,32029,Unknown,NA,NA,NA,NA,Unknown,NA,Unknown,NA,Unknown,NA,Unknown,NA,NA,NA,NA,NA,NA,NA,NA,NA,NA
x5968_456_38482_3_914,456.38482,3.914,22:3,5968,Unknown,NA,C30H49NO2,[M + H]+,C30H49NO2,Terpenoids,0.9299365282058716,Unknown,0.8395252823829651,Unknown,0.8403705358505249,Unknown,0.7090803384780884,NA,NA,NA,NA,NA,NA,NA,NA,NA
x19421_532_41389_9_146,532.41389,9.146,22:3,19421,Unknown,NA,C29H56ClN5,[M + Na]+,C29H56ClN5,Unknown,0.732099711894989,Unknown,0.16054265201091766,Unknown,0.03448624908924103,Aryl chlorides,0.8842462301254272,NA,NA,NA,NA,NA,NA,NA,NA,NA
x10172_448_41503_5_335,448.41503,5.335,22:3,10172,Unknown,NA,C29H53NO2,[M + H]+,C29H53NO2,Fatty acids,0.986244022846222,Fatty amides,0.870543897151947,Unknown,0.3481387197971344,N-acyl amines,0.9767451882362366,NA,NA,NA,NA,NA,NA,NA,NA,NA
x15580_504_38402_7_5,504.38402,7.5,22:3,15580,Unknown,NA,C27H47BN6O,[M + Na]+,C27H47BN6O,Unknown,0.14403069019317627,Unknown,0.12174684554338457,Unknown,0.13705885410308838,Unknown,0.6893565654754639,NA,NA,NA,NA,NA,NA,NA,NA,NA
x15167_552_47863_7_323,552.47863,7.323,22:3,15167,Unknown,NA,C37H61NO2,[M + H]+,C37H61NO2,Unknown,0.8169663548469543,Triterpenoids,0.9431825280189514,Unknown,0.5705275535583496,Triterpenoids,0.9794584512710572,NA,NA,NA,NA,NA,NA,NA,NA,NA
x32347_536_43992_13_77,536.43992,13.77,22:3,32347,Unknown,NA,C36H58NP,[M + H]+,C36H58NP,Terpenoids,0.9653856158256532,Unknown,0.22099043428897855,Unknown,0.06184501945972442,Lipids and lipid-like molecules,0.986665666103363,NA,NA,NA,NA,NA,NA,NA,NA,NA
x20271_508_41511_9_588,508.41511,9.588,22:3,20271,Unknown,NA,C34H53NO2,[M + H]+,C34H53NO2,Unknown,0.8356760144233704,Unknown,0.2996828854084015,Unknown,0.24732327461242676,Unknown,0.6264035105705261,NA,NA,NA,NA,NA,NA,NA,NA,NA
x6348_406_3685_4_054,406.3685,4.054,22:3,6348,Unknown,NA,C26H47NO2,[M + H]+,C26H47NO2,Fatty acids,0.9893688559532166,Fatty amides,0.8804796934127808,Unknown,0.7236568331718445,N-acyl amines,0.9827197790145874,NA,NA,NA,NA,NA,NA,NA,NA,NA
x17599_506_39886_8_359,506.39886,8.359,22:3,17599,Unknown,NA,C32H53NO2,[M + Na]+,C32H53NO2,Terpenoids,0.9578171968460084,Unknown,0.7580767273902893,Unknown,0.44944804906845093,Unknown,0.6217206120491028,NA,NA,NA,NA,NA,NA,NA,NA,NA
x4450_406_33146_3_48,406.33146,3.48,22:3,4450,Unknown,NA,C25H43NO3,[M + H]+,C25H43NO3,Unknown,0.7549445033073425,Unknown,0.32465869188308716,Unknown,0.28369078040122986,N-acyl amines,0.957654356956482,NA,NA,NA,NA,NA,NA,NA,NA,NA
x7027_470_40051_4_269,470.40051,4.269,22:3,7027,Unknown,NA,C31H51NO2,[M + H]+,C31H51NO2,Unknown,0.6797220706939697,Unknown,0.803544819355011,Unknown,0.3688684105873108,Unknown,0.748701810836792,NA,NA,NA,NA,NA,NA,NA,NA,NA
x14007_546_48867_6_883,546.48867,6.883,22:3,14007,Unknown,NA,C35H63NO3,[M + H]+,C35H63NO3,Unknown,0.6308643221855164,Unknown,0.8434633016586304,Unknown,0.09251181036233902,Triterpenoids,0.9323573112487792,NA,NA,NA,NA,NA,NA,NA,NA,NA
x7986_488_4481_4_556,488.4481,4.556,22:3,7986,Unknown,NA,C32H57NO2,[M + H]+,C32H57NO2,Unknown,0.6574288606643677,Unknown,0.2708836793899536,Unknown,0.12026545405387878,Unknown,0.7837759256362915,NA,NA,NA,NA,NA,NA,NA,NA,NA
x24550_640_56739_11_806,640.56739,11.806,22:3,24550,Unknown,NA,C42H73NO3,[M + H]+,C42H73NO3,Unknown,0.8240296840667725,Unknown,0.5946754813194275,Unknown,0.5195782780647278,Unknown,0.5014569163322449,NA,NA,NA,NA,NA,NA,NA,NA,NA
x6693_446_40154_4_111,446.40154,4.111,22:3,6693,Unknown,NA,C26H52FNO3,[M + H]+,C26H52FNO3,Unknown,0.4065517783164978,Steroids,0.9183545708656312,Unknown,0.05820522457361221,3-hydroxysteroids,0.9925717711448668,NA,NA,NA,NA,NA,NA,NA,NA,NA
x749_408_34716_1_189,408.34716,1.189,22:3,749,Unknown,NA,C25H45NO3,[M + H]+,C25H45NO3,Unknown,0.4311115443706513,Steroids,0.923361599445343,Unknown,0.4182712137699127,Unknown,0.5061176419258118,NA,NA,NA,NA,NA,NA,NA,NA,NA
x10372_460_415_5_458,460.415,5.458,22:3,10372,Unknown,NA,C30H53NO2,[M + H]+,C30H53NO2,Unknown,0.742409348487854,Unknown,0.8430219292640686,Unknown,0.05724567547440529,Unknown,0.5420757532119751,NA,NA,NA,NA,NA,NA,NA,NA,NA
x10048_458_39999_5_275,458.39999,5.275,22:3,10048,Unknown,NA,C30H51NO2,[M + H]+,C30H51NO2,Unknown,0.644688069820404,Unknown,0.3303661644458771,Unknown,0.64624786376953125,Unknown,0.7178358435630798,NA,NA,NA,NA,NA,NA,NA,NA,NA
x8797_476_41062_4_8,476.41062,4.8,22:3,8797,Unknown,NA,C30H53NO3,[M + H]+,C30H53NO3,Unknown,0.8089892268180847,Unknown,0.5071977972984314,Unknown,0.4588746130466461,Triterpenoids,0.935407280921936,NA,NA,NA,NA,NA,NA,NA,NA,NA
x9260_432_38307_5_001,432.38307,5.001,22:3,9260,Unknown,NA,C28H49NO2,[M + H]+,C28H49NO2,Unknown,0.721160352230072,Unknown,0.7627356648445129,Unknown,0.16604509949684143,Unknown,0.7948048710823059,NA,NA,NA,NA,NA,NA,NA,NA,NA
x8521_415_35727_4_735,415.35727,4.735,22:3,8521,Unknown,NA,C28H46O2,[M + H]+,C28H46O2,Terpenoids,0.999895453453064,Steroids,0.9928540587425232,Unknown,0.4583810567855835,Unknown,0.8095242977142334,NA,NA,NA,NA,NA,NA,NA,NA,NA
x7451_458_39959_4_403,458.39959,4.403,22:3,7451,Unknown,NA,C30H51NO2,[M + H]+,C30H51NO2,Fatty acids,0.9912158250808716,Unknown,0.8094176650047302,Unknown,0.3029320240020752,Unknown,0.8031893372535706,NA,NA,NA,NA,NA,NA,NA,NA,NA
x7797_444_38432_4_481,444.38432,4.481,22:3,7797,Unknown,NA,C29H49NO2,[M + H]+,C29H49NO2,Unknown,0.6100072264671326,Unknown,0.390719473361969,Unknown,0.24817177653312683,Lipids and lipid-like molecules,0.9117543697357178,NA,NA,NA,NA,NA,NA,NA,NA,NA
x7735_474_39554_4_428,474.39554,4.428,22:3,7735,Unknown,NA,C30H51NO3,[M + H]+,C30H51NO3,Terpenoids,0.90421462059021,Unknown,0.6857234239578247,Unknown,0.8390098214149475,Unknown,0.8409923911094666,NA,NA,NA,NA,NA,NA,NA,NA,NA
x8745_432_38524_4_767,432.38524,4.767,22:3,8745,Unknown,NA,C28H49NO2,[M + H]+,C28H49NO2,Unknown,0.7060420513153076,Steroids,0.8877086639404297,Unknown,0.27134969830513,Unknown,0.6725060939788818,NA,NA,NA,NA,NA,NA,NA,NA,NA
x11428_510_39329_5_744,510.39329,5.744,22:3,11428,Unknown,NA,C33H51NO3,[M + H]+,C33H51NO3,Unknown,0.30525290966033936,Unknown,0.3650340735912323,Unknown,0.4620592892169952,Unknown,0.5846890807151794,NA,NA,NA,NA,NA,NA,NA,NA,NA
x12428_626_41211_6_205,626.41211,6.205,22:3,12428,Unknown,NA,C34H57N3O6,[M + Na]+,C34H57N3O6,Unknown,0.6789460182189941,Unknown,0.6526169776916504,Unknown,0.4929787814617157,Unknown,0.6120792627334595,NA,NA,NA,NA,NA,NA,NA,NA,NA
x5590_468_38576_3_799,468.38576,3.799,22:3,5590,Unknown,NA,C31H49NO2,[M + H]+,C31H49NO2,Terpenoids,0.9734041094779968,Unknown,0.7130728363990784,Unknown,0.2687760591506958,Unknown,0.5187395215034485,NA,NA,NA,NA,NA,NA,NA,NA,NA
x38900_764_57954_15_761,764.57954,15.761,22:3,38900,Unknown,NA,NA,NA,NA,Unknown,NA,Unknown,NA,Unknown,NA,Unknown,NA,NA,NA,NA,NA,NA,NA,NA,NA,NA
x6565_482_40226_4_047,482.40226,4.047,22:3,6565,Unknown,NA,C27H47BN6O,[M + H]+,C27H47BN6O,Unknown,0.1848900318145752,Unknown,0.05720435082912445,Unknown,0.17473292350769043,Unknown,0.6611492037773132,NA,NA,NA,NA,NA,NA,NA,NA,NA
x40912_928_83443_16_707,928.83443,16.707,22:4,40912,Triacylglycerols,TAG(16:0/18:0/22:4) [M+NH4]+,C59H109NO6,[M + H]+,C59H109NO6,Fatty acids,0.9997833371162416,Glycerolipids,0.9872254729270936,Triacylglycerols,0.998524010181427,Unknown,0.7218982577323914,NA,NA,NA,NA,NA,Glycerolipid,Triacylglycerols,Triacylglycerols,TAG(16:0/18:0/22:4) [M+NH4]+
x30258_690_60437_13_288,690.60437,13.288,22:4,30258,Diacylglycerols,DAG(18:0/22:4) [M+NH4]+,NA,NA,NA,Unknown,NA,Unknown,NA,Unknown,NA,Unknown,NA,NA,NA,NA,NA,NA,Glycerolipid,Diacylglycerols,Diacylglycerols,DAG(18:0/22:4) [M+NH4]+
x40856_954_84718_16_66,954.84718,16.66,22:4,40856,Triacylglycerols,TAG(18:0/18:0/22:5) [M+NH4]+,C25H32I4N2O4,[M + Na]+,C25H32I4N2O4,Unknown,0.27673280239105225,Unknown,0.16165530681610107,Unknown,0.26247134804725647,Unknown,0.5274227857589722,NA,NA,NA,NA,NA,Glycerolipid,Triacylglycerols,Triacylglycerols,TAG(18:0/18:0/22:5) [M+NH4]+
x41385_956_8657_17_079,956.8657,17.079,22:4,41385,Triacylglycerols,TAG(18:0/18:0/22:4) / (16:0/20:0/22:4) [M+NH4]+,C57H109N7O4,[M + H]+,C57H109N7O4,Fatty acids,0.9261080622673036,Unknown,0.3672649562358856,Unknown,0.29081588983535767,N-acyl amines,0.9551799297332764,NA,NA,NA,NA,NA,Glycerolipid,Triacylglycerols,Triacylglycerols,TAG(18:0/18:0/22:4) / (16:0/20:0/22:4) [M+NH4]+
x41201_913_8409_16_964,913.8409,16.964,22:4,41201,Unknown,NA,C56H106N8,[M + Na]+,C56H106N8,Alkaloids,0.9804883003234864,Unknown,0.5234363675117493,Unknown,0.3861229717731476,Unknown,0.6146013736724854,NA,NA,NA,NA,NA,NA,NA,NA,NA
x39969_968_89918_16_204,968.89918,16.204,22:4,39969,MADAG,MADAG(60:5) [M+NH4]+,C37H29BrI2N2O5S,[M + Na]+,C37H29BrI2N2O5S,Unknown,0.7261436581611633,Unknown,0.0351964458823204,Unknown,0.17852067947387695,Unknown,0.8002297878265381,NA,NA,NA,NA,NA,Glycerolipid,Monoalkyldiacylglycerols,MADAG,MADAG(60:5) [M+NH4]+
x27749_662_57157_12_662,662.57157,12.662,22:4,27749,Diacylglycerols,DAG(16:0/22:4) [M+NH4]+,NA,NA,NA,Unknown,NA,Unknown,NA,Unknown,NA,Unknown,NA,NA,NA,NA,NA,NA,Glycerolipid,Diacylglycerols,Diacylglycerols,DAG(16:0/22:4) [M+NH4]+
x41306_982_87829_17_014,982.87829,17.014,22:4,41306,Unknown,NA,NA,NA,NA,Unknown,NA,Unknown,NA,Unknown,NA,Unknown,NA,NA,NA,NA,NA,NA,NA,NA,NA,NA
x37764_932_80609_15_303,932.80609,15.303,22:4,37764,MADAG,MADAG(O-18:0/20:4/22:5) [M+NH4]+,C59H107NO5,[M + Na]+,C59H107NO5,Fatty acids,0.9999202489852904,Glycerolipids,0.9689077138900756,Triacylglycerols,0.9974709749221802,Unknown,0.6669458746910095,NA,NA,NA,NA,NA,Glycerolipid,Monoalkyldiacylglycerols,MADAG,MADAG(O-18:0/20:4/22:5) [M+NH4]+
x33099_718_63424_13_916,718.63424,13.916,22:4,33099,Diacylglycerols,DAG(20:0/22:4) [M+NH4]+,NA,NA,NA,Unknown,NA,Unknown,NA,Unknown,NA,Unknown,NA,NA,NA,NA,NA,NA,Glycerolipid,Diacylglycerols,Diacylglycerols,DAG(20:0/22:4) [M+NH4]+
x40253_934_82237_16_346,934.82237,16.346,22:4,40253,MADAG,MADAG(O-16:0/20:4/22:4) [M+NH4]+,NA,NA,NA,Unknown,NA,Unknown,NA,Unknown,NA,Unknown,NA,NA,NA,NA,NA,NA,Glycerolipid,Monoalkyldiacylglycerols,MADAG,MADAG(O-16:0/20:4/22:4) [M+NH4]+
x31622_704_61782_13_598,704.61782,13.598,22:4,31622,Diacylglycerols,DAG(22:4/19:0) [M+NH4]+,NA,NA,NA,Unknown,NA,Unknown,NA,Unknown,NA,Unknown,NA,NA,NA,NA,NA,NA,Glycerolipid,Diacylglycerols,Diacylglycerols,DAG(22:4/19:0) [M+NH4]+
x30409_716_61874_13_319,716.61874,13.319,22:4,30409,Unknown,NA,NA,NA,NA,Unknown,NA,Unknown,NA,Unknown,NA,Unknown,NA,NA,NA,NA,NA,NA,NA,NA,NA,NA
x40817_936_83793_16_662,936.83793,16.662,22:4,40817,MADAG,MADAG(O-18:0/20:3/22:4) [M+NH4]+,NA,NA,NA,Unknown,NA,Unknown,NA,Unknown,NA,Unknown,NA,NA,NA,NA,NA,NA,Glycerolipid,Monoalkyldiacylglycerols,MADAG,MADAG(O-18:0/20:3/22:4) [M+NH4]+
x20215_558_43169_9_537,558.43169,9.537,22:4,20215,Unknown,NA,C38H55NO2,[M + H]+,C38H55NO2,Unknown,0.6242345571517944,Unknown,0.2845059931278229,Unknown,0.23095181584358215,Unknown,0.5617097020149231,NA,NA,NA,NA,NA,NA,NA,NA,NA
x25007_634_53948_11_913,634.53948,11.913,22:4,25007,Diacylglycerols,DAG(16:0/20:4) [M+NH4]+,NA,NA,NA,Unknown,NA,Unknown,NA,Unknown,NA,Unknown,NA,NA,NA,NA,NA,NA,Glycerolipid,Diacylglycerols,Diacylglycerols,DAG(16:0/20:4) [M+NH4]+
x12647_668_52496_6_285,668.52496,6.285,22:4,12647,Unknown,NA,C40H71NO5,[M + Na]+,C40H71NO5,Unknown,0.4752083122730255,Unknown,0.34589526057243347,Unknown,0.5204132795333862,Unknown,0.5244446396827698,NA,NA,NA,NA,NA,NA,NA,NA,NA
x39192_954_84393_15_891,954.84393,15.891,22:4,39192,Triacylglycerols,TAG(18:0/18:0/22:5) [M+NH4]+,C59H113NO6,[M + Na]+,C59H113NO6,Fatty acids,0.9994763731956482,Glycerolipids,0.8886160254478455,Triacylglycerols,0.993232011795044,N-acyl amines,0.9739292860031128,NA,NA,NA,NA,NA,Glycerolipid,Triacylglycerols,Triacylglycerols,TAG(18:0/18:0/22:5) [M+NH4]+
x34008_931_77542_14_114,931.77542,14.114,22:4,34008,Triacylglycerols,NA,C61H102O6,[M + H]+,C61H102O6,Fatty acids,0.9999619722366332,Glycerolipids,0.9997674822807312,Triacylglycerols,0.9999912977218628,Triacylglycerols,0.999998927116394,NA,NA,NA,NA,NA,NA,NA,NA,NA
x16666_650_51114_8,650.51114,NA,22:4,16666,Unknown,NA,C40H69NO4,[M + Na]+,C40H69NO4,Unknown,0.6843341588973999,Unknown,0.3012514114379883,Unknown,0.32802632451057434,Steroids and steroid derivatives,0.8937327861785889,NA,NA,NA,NA,NA,NA,NA,NA,NA
x16564_470_36389_7_936,470.36389,7.936,22:4,16564,Unknown,NA,C30H47NO3,[M + H]+,C30H47NO3,Terpenoids,0.9990718364715576,Steroids,0.998789131641388,Unknown,0.7873362302780151,Glycinated bile acids and derivatives,0.9980748891830444,NA,NA,NA,NA,NA,NA,NA,NA,NA
x40937_962_85374_16_72,962.85374,16.72,22:4,40937,MADAG,MADAG(O-18/20:4/22:4) [M+NH4]+,C61H113NO5,[M + Na]+,C61H113NO5,Fatty acids,0.9999361038208008,Glycerolipids,0.9561036825180054,Triacylglycerols,0.9968219995498656,N-acyl amines,0.9308926463127136,NA,NA,NA,NA,NA,Glycerolipid,Monoalkyldiacylglycerols,MADAG,MADAG(O-18/20:4/22:4) [M+NH4]+
x26537_642_52509_12_38,642.52509,12.38,22:4,26537,Unknown,NA,C42H69NO2,[M + Na]+,C42H69NO2,Unknown,0.7492533922195435,Unknown,0.25045523047447205,Unknown,0.16897262632846832,Unknown,0.5478985905647278,NA,NA,NA,NA,NA,NA,NA,NA,NA
x28416_716_61671_12_845,716.61671,12.845,22:4,28416,Unknown,NA,NA,NA,NA,Unknown,NA,Unknown,NA,Unknown,NA,Unknown,NA,NA,NA,NA,NA,NA,NA,NA,NA,NA
x21797_682_54072_10_367,682.54072,10.367,22:4,21797,Diacylglycerols,DAG(40:8) [M+NH4]+,C41H73NO5,[M + Na]+,C41H73NO5,Fatty acids,0.99266982078552235,Unknown,0.30483579635620117,Unknown,0.24222001433372495,N-acyl amines,0.9658955931663512,NA,NA,NA,NA,NA,Glycerolipid,Diacylglycerols,Diacylglycerols,DAG(40:8) [M+NH4]+
x39590_982_88043_16_013,982.88043,16.013,22:4,39590,Triacylglycerols,NA,C63H115NO6,[M + H]+,C63H115NO6,Fatty acids,0.9999724626541138,Glycerolipids,0.9983443021774292,Triacylglycerols,0.9999842643737792,Triacylglycerols,0.9992777705192566,NA,NA,NA,NA,NA,NA,NA,NA,NA
x38606_914_81517_15_612,914.81517,15.612,22:4,38606,Triacylglycerols,TAG(16:0/17:0/22:4) [M+NH4]+,C58H107NO6,[M + H]+,C58H107NO6,Fatty acids,0.9994149208068848,Glycerolipids,0.976506769657135,Triacylglycerols,0.997503936290741,N-acyl amines,0.9768217206001282,NA,NA,NA,NA,NA,Glycerolipid,Triacylglycerols,Triacylglycerols,TAG(16:0/17:0/22:4) [M+NH4]+
x8998_434_39937_4_917,434.39937,4.917,22:4,8998,Unknown,NA,NA,NA,NA,Unknown,NA,Unknown,NA,Unknown,NA,Unknown,NA,NA,NA,NA,NA,NA,NA,NA,NA,NA
x30628_704_61815_13_367,704.61815,13.367,22:4,30628,Diacylglycerols,DAG(22:4/19:0) [M+NH4]+,NA,NA,NA,Unknown,NA,Unknown,NA,Unknown,NA,Unknown,NA,NA,NA,NA,NA,NA,Glycerolipid,Diacylglycerols,Diacylglycerols,DAG(22:4/19:0) [M+NH4]+
x32044_718_63474_13_712,718.63474,13.712,22:4,32044,Diacylglycerols,DAG(20:0/22:4) [M+NH4]+,NA,NA,NA,Unknown,NA,Unknown,NA,Unknown,NA,Unknown,NA,NA,NA,NA,NA,NA,Glycerolipid,Diacylglycerols,Diacylglycerols,DAG(20:0/22:4) [M+NH4]+
x18990_532_41538_8_925,532.41538,8.925,22:4,18990,Unknown,NA,C36H53NO2,[M + H]+,C36H53NO2,Unknown,0.7455491423606873,Unknown,0.3070976138114929,Unknown,0.2393108457326889,Unknown,0.802570641040802,NA,NA,NA,NA,NA,NA,NA,NA,NA
x41297_990_88514_17_011,990.88514,17.011,22:4,41297,Triacylglycerols,NA,C63H117NO5,[M + Na]+,C63H117NO5,Fatty acids,0.9973331689834596,Unknown,0.8484422564506531,Triacylglycerols,0.9993460774421692,Unknown,0.6037657856941223,NA,NA,NA,NA,NA,NA,NA,NA,NA
x8202_484_41591_4_603,484.41591,4.603,22:4,8202,Unknown,NA,C32H53NO2,[M + H]+,C32H53NO2,Unknown,0.7650749087333679,Unknown,0.8009911179542542,Unknown,0.39199844002723694,Unknown,0.6999388933181763,NA,NA,NA,NA,NA,NA,NA,NA,NA
x40571_986_84845_16_452,986.84845,16.452,22:4,40571,MADAG,MADAG(O-18/22:4/22:6) [M+NH4]+,C58H116NO8P,[M + H]+,C58H116NO8P,Fatty acids,0.9999878406524658,Glycerophospholipids,0.999857783317566,Glycerophosphoethanolamines,0.9963458180427552,Dimethylphosphatidylethanolamines,0.9730966687202454,NA,NA,NA,NA,NA,Glycerolipid,Monoalkyldiacylglycerols,MADAG,MADAG(O-18/22:4/22:6) [M+NH4]+
x4372_438_3572_3_496,438.3572,3.496,22:4,4372,Unknown,NA,C26H47NO4,[M + H]+,C26H47NO4,Unknown,0.7084890604019165,Unknown,0.5806030631065369,Unknown,0.5626228451728821,Unknown,0.8467979431152344,NA,NA,NA,NA,NA,NA,NA,NA,NA
x30888_960_75623_13_409,960.75623,13.409,22:4,30888,Unknown,NA,C54H103N3O9,[M + Na]+,C54H103N3O9,Fatty acids,0.9519892930984496,Unknown,0.3394274115562439,Unknown,0.4589729309082031,Unknown,0.826688289642334,NA,NA,NA,NA,NA,NA,NA,NA,NA
x5968_456_38482_3_914,456.38482,3.914,22:4,5968,Unknown,NA,C30H49NO2,[M + H]+,C30H49NO2,Terpenoids,0.9299365282058716,Unknown,0.8395252823829651,Unknown,0.8403705358505249,Unknown,0.7090803384780884,NA,NA,NA,NA,NA,NA,NA,NA,NA
x25225_660_55428_11_979,660.55428,11.979,22:4,25225,Unknown,NA,NA,NA,NA,Unknown,NA,Unknown,NA,Unknown,NA,Unknown,NA,NA,NA,NA,NA,NA,NA,NA,NA,NA
x24051_684_55544_11_611,684.55544,11.611,22:4,24051,Unknown,NA,NA,NA,NA,Unknown,NA,Unknown,NA,Unknown,NA,Unknown,NA,NA,NA,NA,NA,NA,NA,NA,NA,NA
x15580_504_38402_7_5,504.38402,7.5,22:4,15580,Unknown,NA,C27H47BN6O,[M + Na]+,C27H47BN6O,Unknown,0.14403069019317627,Unknown,0.12174684554338457,Unknown,0.13705885410308838,Unknown,0.6893565654754639,NA,NA,NA,NA,NA,NA,NA,NA,NA
x15167_552_47863_7_323,552.47863,7.323,22:4,15167,Unknown,NA,C37H61NO2,[M + H]+,C37H61NO2,Unknown,0.8169663548469543,Triterpenoids,0.9431825280189514,Unknown,0.5705275535583496,Triterpenoids,0.9794584512710572,NA,NA,NA,NA,NA,NA,NA,NA,NA
x32347_536_43992_13_77,536.43992,13.77,22:4,32347,Unknown,NA,C36H58NP,[M + H]+,C36H58NP,Terpenoids,0.9653856158256532,Unknown,0.22099043428897855,Unknown,0.06184501945972442,Lipids and lipid-like molecules,0.986665666103363,NA,NA,NA,NA,NA,NA,NA,NA,NA
x25081_736_58953_11_922,736.58953,11.922,22:4,25081,Unknown,NA,NA,NA,NA,Unknown,NA,Unknown,NA,Unknown,NA,Unknown,NA,NA,NA,NA,NA,NA,NA,NA,NA,NA
x20271_508_41511_9_588,508.41511,9.588,22:4,20271,Unknown,NA,C34H53NO2,[M + H]+,C34H53NO2,Unknown,0.8356760144233704,Unknown,0.2996828854084015,Unknown,0.24732327461242676,Unknown,0.6264035105705261,NA,NA,NA,NA,NA,NA,NA,NA,NA
x17599_506_39886_8_359,506.39886,8.359,22:4,17599,Unknown,NA,C32H53NO2,[M + Na]+,C32H53NO2,Terpenoids,0.9578171968460084,Unknown,0.7580767273902893,Unknown,0.44944804906845093,Unknown,0.6217206120491028,NA,NA,NA,NA,NA,NA,NA,NA,NA
x28768_676_58663_12_96,676.58663,12.96,22:4,28768,Unknown,NA,NA,NA,NA,Unknown,NA,Unknown,NA,Unknown,NA,Unknown,NA,NA,NA,NA,NA,NA,NA,NA,NA,NA
x7027_470_40051_4_269,470.40051,4.269,22:4,7027,Unknown,NA,C31H51NO2,[M + H]+,C31H51NO2,Unknown,0.6797220706939697,Unknown,0.803544819355011,Unknown,0.3688684105873108,Unknown,0.748701810836792,NA,NA,NA,NA,NA,NA,NA,NA,NA
x7327_472_37991_4_393,472.37991,4.393,22:4,7327,Unknown,NA,NA,NA,NA,Unknown,NA,Unknown,NA,Unknown,NA,Unknown,NA,NA,NA,NA,NA,NA,NA,NA,NA,NA
x34330_732_64869_14_214,732.64869,14.214,22:4,34330,Unknown,NA,NA,NA,NA,Unknown,NA,Unknown,NA,Unknown,NA,Unknown,NA,NA,NA,NA,NA,NA,NA,NA,NA,NA
x25537_1038_73688_12_063,1038.73688,12.063,22:4,25537,Unknown,NA,C58H101N3O11,[M + Na]+,C58H101N3O11,Polyketides,0.9979669451713562,Unknown,0.7474793791770935,Unknown,0.4664313793182373,Unknown,0.5918850302696228,NA,NA,NA,NA,NA,NA,NA,NA,NA
x4361_530_3245_3_446,530.3245,3.446,22:4,4361,Unknown,NA,C27H48NO7P,[M + H]+,C27H48NO7P,Fatty acids,0.9806585311889648,Glycerophospholipids,0.9986642599105836,Unknown,0.5223701596260071,Unknown,0.8245594501495361,NA,NA,NA,NA,NA,NA,NA,NA,NA
x12944_580_43682_6_398,580.43682,6.398,22:4,12944,Unknown,NA,C37H57NO4,[M + H]+,C37H57NO4,Terpenoids,0.9662845730781556,Unknown,0.6875278353691101,Unknown,0.25521495938301086,Unknown,0.6509497165679932,NA,NA,NA,NA,NA,NA,NA,NA,NA
x39991_718_64956_16_222,718.64956,16.222,22:4,39991,Unknown,NA,C49H83NO2,[M + H]+,C49H83NO2,Fatty acids,0.8790375590324402,Unknown,0.5147165656089783,Unknown,0.5983828902244568,Unknown,0.6970465779304504,NA,NA,NA,NA,NA,NA,NA,NA,NA
x21500_638_54971_10_227,638.54971,10.227,22:4,21500,Unknown,NA,C40H73NO3,[M + Na]+,C40H73NO3,Unknown,0.702242910861969,Triterpenoids,0.9464324116706848,Unknown,0.5207328796386719,Triterpenoids,0.9844473600387572,NA,NA,NA,NA,NA,NA,NA,NA,NA
x14254_478_36681_6_966,478.36681,6.966,22:4,14254,Unknown,NA,C30H49NO2,[M + Na]+,C30H49NO2,Fatty acids,0.9357313513755798,Unknown,0.2916952967643738,Unknown,0.16290423274040222,Unknown,0.755329430103302,NA,NA,NA,NA,NA,NA,NA,NA,NA
x10048_458_39999_5_275,458.39999,5.275,22:4,10048,Unknown,NA,C30H51NO2,[M + H]+,C30H51NO2,Unknown,0.644688069820404,Unknown,0.3303661644458771,Unknown,0.64624786376953125,Unknown,0.7178358435630798,NA,NA,NA,NA,NA,NA,NA,NA,NA
x8797_476_41062_4_8,476.41062,4.8,22:4,8797,Unknown,NA,C30H53NO3,[M + H]+,C30H53NO3,Unknown,0.8089892268180847,Unknown,0.5071977972984314,Unknown,0.4588746130466461,Triterpenoids,0.935407280921936,NA,NA,NA,NA,NA,NA,NA,NA,NA
x40364_732_66799_16_394,732.66799,16.394,22:4,40364,Unknown,NA,NA,NA,NA,Unknown,NA,Unknown,NA,Unknown,NA,Unknown,NA,NA,NA,NA,NA,NA,NA,NA,NA,NA
x16034_504_38473_7_657,504.38473,7.657,22:4,16034,Unknown,NA,C34H49NO2,[M + H]+,C34H49NO2,Unknown,0.5831829309463501,Unknown,0.3939848244190216,Unknown,0.13076353073120117,Unknown,0.7032252550125122,NA,NA,NA,NA,NA,NA,NA,NA,NA
x4136_491_3703_3_353,491.3703,3.353,22:4,4136,Unknown,NA,C28H52O5,[M + Na]+,C28H52O5,Terpenoids,0.9438868165016174,Unknown,0.8079937696456909,Unknown,0.331163227558136,Unknown,0.5589340329170227,NA,NA,NA,NA,NA,NA,NA,NA,NA
x7451_458_39959_4_403,458.39959,4.403,22:4,7451,Unknown,NA,C30H51NO2,[M + H]+,C30H51NO2,Fatty acids,0.9912158250808716,Unknown,0.8094176650047302,Unknown,0.3029320240020752,Unknown,0.8031893372535706,NA,NA,NA,NA,NA,NA,NA,NA,NA
x32197_894_65779_13_744,894.65779,13.744,22:4,32197,Unknown,NA,C43H83N13O7,[M + H]+,C43H83N13O7,Unknown,0.83036041259765625,Unknown,0.8416396379470825,Unknown,0.4008685350418091,Unknown,0.524148166179657,NA,NA,NA,NA,NA,NA,NA,NA,NA
x7797_444_38432_4_481,444.38432,4.481,22:4,7797,Unknown,NA,C29H49NO2,[M + H]+,C29H49NO2,Unknown,0.6100072264671326,Unknown,0.390719473361969,Unknown,0.24817177653312683,Lipids and lipid-like molecules,0.9117543697357178,NA,NA,NA,NA,NA,NA,NA,NA,NA
x8287_720_44518_4_632,720.44518,4.632,22:4,8287,Unknown,NA,C39H57N7O6,[M + H]+,C39H57N7O6,Unknown,0.8019599914550781,Unknown,0.7519438862800598,Unknown,0.4418717324733734,Unknown,0.7261883020401001,NA,NA,NA,NA,NA,NA,NA,NA,NA
x17908_650_51925_8_466,650.51925,8.466,22:4,17908,Unknown,NA,C35H71NO9,[M + H]+,C35H71NO9,Unknown,0.5771188735961914,Unknown,0.45231667160987854,Unknown,0.12681685388088226,Unknown,0.5696837306022644,NA,NA,NA,NA,NA,NA,NA,NA,NA
x9467_430_36842_5_11,430.36842,5.11,22:4,9467,Unknown,NA,C28H47NO2,[M + H]+,C28H47NO2,Unknown,0.8448825478553772,Unknown,0.6184441447257996,Unknown,0.7769469618797302,Unknown,0.6439439058303833,NA,NA,NA,NA,NA,NA,NA,NA,NA
x18410_668_52696_8_574,668.52696,8.574,22:4,18410,Unknown,NA,C39H73NO5S,[M + H]+,C39H73NO5S,Fatty acids,0.955548107624054,Unknown,0.4562387466430664,Unknown,0.08821418881416321,Unknown,0.5690205693244934,NA,NA,NA,NA,NA,NA,NA,NA,NA
x1553_580_31185_1_716,580.31185,1.716,22:4,1553,Unknown,NA,C30H45NO10,[M + H]+,C30H45NO10,Unknown,0.7027243971824646,Unknown,0.4992811381816864,Unknown,0.28608208894729614,Unknown,0.7611235976219177,NA,NA,NA,NA,NA,NA,NA,NA,NA
x18711_650_51386_8_791,650.51386,8.791,22:4,18711,Unknown,NA,C40H69NO4,[M + Na]+,C40H69NO4,Unknown,0.5896465182304382,Unknown,0.25659969449043274,Unknown,0.5295525789260864,Unknown,0.512657880783081,NA,NA,NA,NA,NA,NA,NA,NA,NA
x8752_430_37559_4_892,430.37559,4.892,22:4,8752,Unknown,NA,NA,NA,NA,Unknown,NA,Unknown,NA,Unknown,NA,Unknown,NA,NA,NA,NA,NA,NA,NA,NA,NA,NA
x8659_554_42177_4_769,554.42177,4.769,22:4,8659,Unknown,NA,C35H55NO4,[M + H]+,C35H55NO4,Unknown,0.8325814604759216,Unknown,0.6424698233604431,Unknown,0.7867180109024048,Unknown,0.7424099445343018,NA,NA,NA,NA,NA,NA,NA,NA,NA
x21153_636_53448_9_992,636.53448,9.992,22:4,21153,Unknown,NA,C40H71NO3,[M + Na]+,C40H71NO3,Unknown,0.8250226378440857,Unknown,0.13797207176685333,Unknown,0.273653507232666,Amino acids and derivatives,0.9335247874259948,NA,NA,NA,NA,NA,NA,NA,NA,NA
x22228_411_39882_10_587,411.39882,10.587,22:4,22228,Unknown,NA,C30H50,[M + H]+,C30H50,Terpenoids,0.9977941513061525,Unknown,0.6546504497528076,Unknown,0.24376316368579865,Steroids and steroid derivatives,0.8844007253646851,NA,NA,NA,NA,NA,NA,NA,NA,NA
x5590_468_38576_3_799,468.38576,3.799,22:4,5590,Unknown,NA,C31H49NO2,[M + H]+,C31H49NO2,Terpenoids,0.9734041094779968,Unknown,0.7130728363990784,Unknown,0.2687760591506958,Unknown,0.5187395215034485,NA,NA,NA,NA,NA,NA,NA,NA,NA
x6565_482_40226_4_047,482.40226,4.047,22:4,6565,Unknown,NA,C27H47BN6O,[M + H]+,C27H47BN6O,Unknown,0.1848900318145752,Unknown,0.05720435082912445,Unknown,0.17473292350769043,Unknown,0.6611492037773132,NA,NA,NA,NA,NA,NA,NA,NA,NA
x39091_950_81423_15_819,950.81423,15.819,22:5,39091,Triacylglycerols,TAG(18:0/18:3/22:4) [M+NH4]+,C52H103N9O6,[M + H]+,C52H103N9O6,Unknown,0.6879231929779053,Unknown,0.7886533141136169,Unknown,0.5144631266593933,N-acyl-alpha amino acids and derivatives,0.8777291178703308,NA,NA,NA,NA,NA,Glycerolipid,Triacylglycerols,Triacylglycerols,TAG(18:0/18:3/22:4) [M+NH4]+
x39508_898_78752_16_02,898.78752,16.02,22:5,39508,Triacylglycerols,TAG(16:0/18:1/20:4) [M+NH4]+,C57H103NO6,[M + H]+,C57H103NO6,Fatty acids,0.997899889945984,Unknown,0.6319813132286072,Triacylglycerols,0.8646024465560913,N-acyl amines,0.9172467589378356,NA,NA,NA,NA,NA,Glycerolipid,Triacylglycerols,Triacylglycerols,TAG(16:0/18:1/20:4) [M+NH4]+
x39194_899_78625_15_877,899.78625,15.877,22:5,39194,Triacylglycerols,NA,C59H104O4,[M + Na]+,C59H104O4,Fatty acids,0.9971965551376344,Glycerolipids,0.966413676738739,Triacylglycerols,0.9928932785987854,Triradylcglycerols,0.9919266700744628,NA,NA,NA,NA,NA,NA,NA,NA,NA
x11988_492_34809_6_02,492.34809,6.02,22:5,11988,Unknown,NA,C32H45NO3,[M + H]+,C32H45NO3,Unknown,0.6398501396179199,Unknown,0.5461466312408447,Unknown,0.8100348711013794,Unknown,0.5650815367698669,NA,NA,NA,NA,NA,NA,NA,NA,NA
x39464_924_80209_15_996,924.80209,15.996,22:5,39464,Triacylglycerols,TAG(16:0/18:0/22:6) [M+NH4]+,C59H105NO6,[M + H]+,C59H105NO6,Fatty acids,0.999021291732788,Unknown,0.7789417505264282,Triacylglycerols,0.9579023718833924,N-acyl amines,0.9321007132530212,NA,NA,NA,NA,NA,Glycerolipid,Triacylglycerols,Triacylglycerols,TAG(16:0/18:0/22:6) [M+NH4]+
x38690_910_8219_15_662,910.8219,15.662,22:5,38690,MADAG,MADAG(56:6) [M+NH4]+,NA,NA,NA,Unknown,NA,Unknown,NA,Unknown,NA,Unknown,NA,NA,NA,NA,NA,NA,Glycerolipid,Monoalkyldiacylglycerols,MADAG,MADAG(56:6) [M+NH4]+
x37636_970_78489_15_253,970.78489,15.253,22:5,37636,Triacylglycerols,TAG(16:0/22:5/22:6) / (14:0/18:3/28:8) [M+NH4]+,C27H24I4N2O4,[M + Na]+,C27H24I4N2O4,Unknown,0.6063399910926819,Unknown,0.06865323334932327,Unknown,0.03109553083777427,Unknown,0.5518727898597717,NA,NA,NA,NA,NA,Glycerolipid,Triacylglycerols,Triacylglycerols,TAG(16:0/22:5/22:6) / (14:0/18:3/28:8) [M+NH4]+
x37774_946_7821_15_31,946.7821,15.31,22:5,37774,Triacylglycerols,TAG(16:0/20:3/22:6) / (16:0/20:4/22:5) [M+NH4]+,C54H105N3O8,[M + Na]+,C54H105N3O8,Unknown,0.8100972175598145,Unknown,0.6592237949371338,Unknown,0.46554598212242126,Unknown,0.523414671421051,NA,NA,NA,NA,NA,Glycerolipid,Triacylglycerols,Triacylglycerols,TAG(16:0/20:3/22:6) / (16:0/20:4/22:5) [M+NH4]+
x39422_912_83873_15_969,912.83873,15.969,22:5,39422,MADAG,MADAG(56:5) [M+NH4]+,C59H109NO5,[M + H]+,C59H109NO5,Fatty acids,0.9999010562896729,Glycerolipids,0.980379581451416,Triacylglycerols,0.9964841604232788,Unknown,0.8223949074745178,NA,NA,NA,NA,NA,Glycerolipid,Monoalkyldiacylglycerols,MADAG,MADAG(56:5) [M+NH4]+
x36351_896_76781_14_784,896.76781,14.784,22:5,36351,Triacylglycerols,TAG(18:1/18:2/18:3) [M+NH4]+,C55H103NO6,[M + Na]+,C55H103NO6,Fatty acids,0.9991870522499084,Unknown,0.7484538555145264,Triacylglycerols,0.9426332116127014,N-acyl amines,0.9797590970993042,NA,NA,NA,NA,NA,Glycerolipid,Triacylglycerols,Triacylglycerols,TAG(18:1/18:2/18:3) [M+NH4]+
x38249_884_80447_15_483,884.80447,15.483,22:5,38249,MADAG,MADAG(O-18:0/16:0/20:5) [M+NH4]+,NA,NA,NA,Unknown,NA,Unknown,NA,Unknown,NA,Unknown,NA,NA,NA,NA,NA,NA,Glycerolipid,Monoalkyldiacylglycerols,MADAG,MADAG(O-18:0/16:0/20:5) [M+NH4]+
x39096_938_85293_15_82,938.85293,15.82,22:5,39096,MADAG,MADAG(58:6) [M+NH4]+,NA,NA,NA,Unknown,NA,Unknown,NA,Unknown,NA,Unknown,NA,NA,NA,NA,NA,NA,Glycerolipid,Monoalkyldiacylglycerols,MADAG,MADAG(58:6) [M+NH4]+
x39445_950_81651_15_998,950.81651,15.998,22:5,39445,Triacylglycerols,TAG(18:0/18:3/22:4) [M+NH4]+,C59H109NO6,[M + Na]+,C59H109NO6,Fatty acids,0.998959183692932,Unknown,0.736568808555603,Triacylglycerols,0.9239068031311036,N-acyl amines,0.955332100391388,NA,NA,NA,NA,NA,Glycerolipid,Triacylglycerols,Triacylglycerols,TAG(18:0/18:3/22:4) [M+NH4]+
x38560_1000_8292_15_612,1000.8292,15.612,22:5,38560,Triacylglycerols,TAG(16:0/18:3/28:7) [M+NH4]+,C48H29Br5,[M + H]+,C48H29Br5,Unknown,0.8200546503067017,Unknown,0.6791317462921143,Unknown,0.7645823955535889,Styrenes,0.8764225840568542,NA,NA,NA,NA,NA,Glycerolipid,Triacylglycerols,Triacylglycerols,TAG(16:0/18:3/28:7) [M+NH4]+
x41233_912_83892_16_95,912.83892,16.95,22:5,41233,MADAG,MADAG(56:5) [M+NH4]+,NA,NA,NA,Unknown,NA,Unknown,NA,Unknown,NA,Unknown,NA,NA,NA,NA,NA,NA,Glycerolipid,Monoalkyldiacylglycerols,MADAG,MADAG(56:5) [M+NH4]+
x38318_998_81178_15_523,998.81178,15.523,22:5,38318,Triacylglycerols,TAG(16:0/18:3/28:8) [M+NH4]+,C63H109NO6,[M + Na]+,C63H109NO6,Fatty acids,0.9999896287918092,Glycerolipids,0.9993720650672911,Triacylglycerols,0.9999699592590332,Triacylglycerols,0.9999661445617676,NA,NA,NA,NA,NA,Glycerolipid,Triacylglycerols,Triacylglycerols,TAG(16:0/18:3/28:8) [M+NH4]+
x38550_936_83573_15_605,936.83573,15.605,22:5,38550,Unknown,NA,NA,NA,NA,Unknown,NA,Unknown,NA,Unknown,NA,Unknown,NA,NA,NA,NA,NA,NA,NA,NA,NA,NA
x38931_936_83705_15_758,936.83705,15.758,22:5,38931,MADAG,MADAG(O-18:0/20:3/22:4) [M+NH4]+,NA,NA,NA,Unknown,NA,Unknown,NA,Unknown,NA,Unknown,NA,NA,NA,NA,NA,NA,Glycerolipid,Monoalkyldiacylglycerols,MADAG,MADAG(O-18:0/20:3/22:4) [M+NH4]+
x37484_716_63438_15_187,716.63438,15.187,22:5,37484,Unknown,NA,C47H83NO2,[M + Na]+,C47H83NO2,Fatty acids,0.9953835606575012,Fatty amides,0.8505781292915344,Unknown,0.4286643862724304,N-acyl amines,0.9911835193634032,NA,NA,NA,NA,NA,NA,NA,NA,NA
x36534_972_79592_14_886,972.79592,14.886,22:5,36534,Triacylglycerols,TAG(16:0/22:4/22:6) / 20:5 28:7 [M+NH4]+,C61H107NO6,[M + Na]+,C61H107NO6,Fatty acids,0.9995585083961488,Unknown,0.7666139602661133,Triacylglycerols,0.9703518152236938,N-acyl-alpha amino acids and derivatives,0.8624325394630432,NA,NA,NA,NA,NA,Glycerolipid,Triacylglycerols,Triacylglycerols,TAG(16:0/22:4/22:6) / 20:5 28:7 [M+NH4]+
x39961_940_87104_16_19,940.87104,16.19,22:5,39961,MADAG,MADAG(58:5) [M+NH4]+,NA,NA,NA,Unknown,NA,Unknown,NA,Unknown,NA,Unknown,NA,NA,NA,NA,NA,NA,Glycerolipid,Monoalkyldiacylglycerols,MADAG,MADAG(58:5) [M+NH4]+
x38403_896_80637_15_573,896.80637,15.573,22:5,38403,Unknown,NA,NA,NA,NA,Unknown,NA,Unknown,NA,Unknown,NA,Unknown,NA,NA,NA,NA,NA,NA,NA,NA,NA,NA
x28430_688_58733_12_844,688.58733,12.844,22:5,28430,Unknown,NA,NA,NA,NA,Unknown,NA,Unknown,NA,Unknown,NA,Unknown,NA,NA,NA,NA,NA,NA,NA,NA,NA,NA
x39713_938_85368_16_033,938.85368,16.033,22:5,39713,MADAG,MADAG(58:6) [M+NH4]+,NA,NA,NA,Unknown,NA,Unknown,NA,Unknown,NA,Unknown,NA,NA,NA,NA,NA,NA,Glycerolipid,Monoalkyldiacylglycerols,MADAG,MADAG(58:6) [M+NH4]+
x40709_910_82287_16_592,910.82287,16.592,22:5,40709,MADAG,MADAG(56:6) [M+NH4]+,NA,NA,NA,Unknown,NA,Unknown,NA,Unknown,NA,Unknown,NA,NA,NA,NA,NA,NA,Glycerolipid,Monoalkyldiacylglycerols,MADAG,MADAG(56:6) [M+NH4]+
x35389_894_74978_14_492,894.74978,14.492,22:5,35389,Triacylglycerols,TAG(18:0/18:3/18:4) [M+NH4]+,C55H101NO6,[M + Na]+,C55H101NO6,Fatty acids,0.9976141452789308,Unknown,0.6145440340042114,Unknown,0.849081814289093,N-acyl amines,0.9751570224761964,NA,NA,NA,NA,NA,Glycerolipid,Triacylglycerols,Triacylglycerols,TAG(18:0/18:3/18:4) [M+NH4]+
x39666_966_88451_16_062,966.88451,16.062,22:5,39666,Unknown,NA,NA,NA,NA,Unknown,NA,Unknown,NA,Unknown,NA,Unknown,NA,NA,NA,NA,NA,NA,NA,NA,NA,NA
x38989_1000_82878_15_768,1000.82878,15.768,22:5,38989,Triacylglycerols,TAG(16:0/18:3/28:7) [M+NH4]+,NA,NA,NA,Unknown,NA,Unknown,NA,Unknown,NA,Unknown,NA,NA,NA,NA,NA,NA,Glycerolipid,Triacylglycerols,Triacylglycerols,TAG(16:0/18:3/28:7) [M+NH4]+
x40448_910_82144_16_435,910.82144,16.435,22:5,40448,MADAG,MADAG(56:6) [M+NH4]+,NA,NA,NA,Unknown,NA,Unknown,NA,Unknown,NA,Unknown,NA,NA,NA,NA,NA,NA,Glycerolipid,Monoalkyldiacylglycerols,MADAG,MADAG(56:6) [M+NH4]+
x37483_944_806_15_175,944.806,15.175,22:5,37483,Triacylglycerols,NA,C60H107NO5,[M + Na]+,C60H107NO5,Fatty acids,0.9999443292617798,Glycerolipids,0.9812752604484558,Triacylglycerols,0.9978345036506652,N-acyl amines,0.9282081723213196,NA,NA,NA,NA,NA,NA,NA,NA,NA
x36851_922_78329_15_011,922.78329,15.011,22:5,36851,Triacylglycerols,TAG(16:0/18:3/22:4) [M+NH4]+,NA,NA,NA,Unknown,NA,Unknown,NA,Unknown,NA,Unknown,NA,NA,NA,NA,NA,NA,Glycerolipid,Triacylglycerols,Triacylglycerols,TAG(16:0/18:3/22:4) [M+NH4]+
x37886_958_81994_15_318,958.81994,15.318,22:5,37886,MADAG,MADAG(O-16:0/22:4/22:6) [M+NH4]+,NA,NA,NA,Unknown,NA,Unknown,NA,Unknown,NA,Unknown,NA,NA,NA,NA,NA,NA,Glycerolipid,Monoalkyldiacylglycerols,MADAG,MADAG(O-16:0/22:4/22:6) [M+NH4]+
x38765_924_83758_15_692,924.83758,15.692,22:5,38765,Unknown,NA,NA,NA,NA,Unknown,NA,Unknown,NA,Unknown,NA,Unknown,NA,NA,NA,NA,NA,NA,NA,NA,NA,NA
x37764_932_80609_15_303,932.80609,15.303,22:5,37764,MADAG,MADAG(O-18:0/20:4/22:5) [M+NH4]+,C59H107NO5,[M + Na]+,C59H107NO5,Fatty acids,0.9999202489852904,Glycerolipids,0.9689077138900756,Triacylglycerols,0.9974709749221802,Unknown,0.6669458746910095,NA,NA,NA,NA,NA,Glycerolipid,Monoalkyldiacylglycerols,MADAG,MADAG(O-18:0/20:4/22:5) [M+NH4]+
x39668_926_85448_16_049,926.85448,16.049,22:5,39668,Unknown,NA,NA,NA,NA,Unknown,NA,Unknown,NA,Unknown,NA,Unknown,NA,NA,NA,NA,NA,NA,NA,NA,NA,NA
x3477_424_31823_3_083,424.31823,3.083,22:5,3477,Unknown,dopamine-C20:3,C21H38FN7O,[M + H]+,C21H38FN7O,Alkaloids,0.9993125200271606,Unknown,0.46155139803886414,Unknown,0.18947207927703855,Unknown,0.6289271712303162,0.852216,4.24335,dopamine-C20:3,Phenols,Benzenediols,NA,NA,NA,NA
x36297_1044_79996_14_774,1044.79996,14.774,22:5,36297,Triacylglycerols,TAG(18:3/20:5/28:8) [M+NH4]+,C62H107N3O8,[M + Na]+,C62H107N3O8,Unknown,0.7738506197929382,Unknown,0.8131615519523621,Unknown,0.17711582779884338,Alpha amino acids and derivatives,0.9290456771850586,NA,NA,NA,NA,NA,Glycerolipid,Triacylglycerols,Triacylglycerols,TAG(18:3/20:5/28:8) [M+NH4]+
x37817_924_80004_15_317,924.80004,15.317,22:5,37817,Triacylglycerols,TAG(16:0/18:0/22:6) [M+NH4]+,C54H105N3O8,[M + H]+,C54H105N3O8,Unknown,0.5736069679260254,Unknown,0.5808320045471191,Unknown,0.5459855198860168,Unknown,0.525264322757721,NA,NA,NA,NA,NA,Glycerolipid,Triacylglycerols,Triacylglycerols,TAG(16:0/18:0/22:6) [M+NH4]+
x37128_930_78853_15_084,930.78853,15.084,22:5,37128,MADAG,MADAG(O-18:0/20:5/22:5) [M+NH4]+,C59H105NO5,[M + Na]+,C59H105NO5,Fatty acids,0.9998944997787476,Glycerolipids,0.9550346732139589,Triacylglycerols,0.996392548084259,N-acyl amines,0.8978632688522339,NA,NA,NA,NA,NA,Glycerolipid,Monoalkyldiacylglycerols,MADAG,MADAG(O-18:0/20:5/22:5) [M+NH4]+
x39221_980_8619_15_869,980.8619,15.869,22:5,39221,Triacylglycerols,NA,C61H115NO6,[M + Na]+,C61H115NO6,Fatty acids,0.9996104836463928,Unknown,0.7784358263015747,Triacylglycerols,0.9603163003921508,N-acyl amines,0.9282197952270508,NA,NA,NA,NA,NA,NA,NA,NA,NA
x25861_660_55524_12_168,660.55524,12.168,22:5,25861,Unknown,NA,C41H73NO5,[M + H]+,C41H73NO5,Fatty acids,0.99968421459198,Fatty amides,0.8817815184593201,Unknown,0.813249409198761,N-acyl-alpha amino acids,0.9254582524299622,NA,NA,NA,NA,NA,NA,NA,NA,NA
x41195_954_84905_16_829,954.84905,16.829,22:5,41195,Triacylglycerols,NA,C59H113NO6,[M + Na]+,C59H113NO6,Fatty acids,0.9999641180038452,Glycerolipids,0.9820406436920166,Triacylglycerols,0.9992495179176332,Unknown,0.8086951971054077,NA,NA,NA,NA,NA,NA,NA,NA,NA
x6338_452_34959_4_038,452.34959,4.038,22:5,6338,Unknown,NA,C23H50NO5P,[M + H]+,C23H50NO5P,Fatty acids,0.9913528561592102,Unknown,0.6281200051307678,Unknown,0.3395922780036926,Unknown,0.820006251335144,NA,NA,NA,NA,NA,NA,NA,NA,NA
x37323_958_81774_15_145,958.81774,15.145,22:5,37323,MADAG,MADAG(O-16:0/22:4/22:6) [M+NH4]+,NA,NA,NA,Unknown,NA,Unknown,NA,Unknown,NA,Unknown,NA,NA,NA,NA,NA,NA,Glycerolipid,Monoalkyldiacylglycerols,MADAG,MADAG(O-16:0/22:4/22:6) [M+NH4]+
x37387_1000_82663_15_197,1000.82663,15.197,22:5,37387,Triacylglycerols,TAG(16:0/18:3/28:7) [M+NH4]+,NA,NA,NA,Unknown,NA,Unknown,NA,Unknown,NA,Unknown,NA,NA,NA,NA,NA,NA,Glycerolipid,Triacylglycerols,Triacylglycerols,TAG(16:0/18:3/28:7) [M+NH4]+
x41548_940_87063_17_275,940.87063,17.275,22:5,41548,MADAG,MADAG(58:5) [M+NH4]+,NA,NA,NA,Unknown,NA,Unknown,NA,Unknown,NA,Unknown,NA,NA,NA,NA,NA,NA,Glycerolipid,Monoalkyldiacylglycerols,MADAG,MADAG(58:5) [M+NH4]+
x36569_998_81018_14_86,998.81018,14.86,22:5,36569,Triacylglycerols,TAG(16:0/18:3/28:8) [M+NH4]+,C63H109NO6,[M + Na]+,C63H109NO6,Fatty acids,0.9995410442352296,Glycerolipids,0.8789193034172058,Triacylglycerols,0.9929314851760864,Unknown,0.8331525921821594,NA,NA,NA,NA,NA,Glycerolipid,Triacylglycerols,Triacylglycerols,TAG(16:0/18:3/28:8) [M+NH4]+
x37609_925_80051_15_264,925.80051,15.264,22:5,37609,Unknown,NA,C64H100N4,[M + H]+,C64H100N4,Unknown,0.7755563855171204,Unknown,0.2230300009250641,Unknown,0.14745879173278809,Unknown,0.6196618676185608,NA,NA,NA,NA,NA,NA,NA,NA,NA
x39637_912_80386_16_054,912.80386,16.054,22:5,39637,Unknown,NA,C58H105NO6,[M + H]+,C58H105NO6,Fatty acids,0.9982538819313048,Unknown,0.5301036834716797,Unknown,0.8129153251647949,N-acyl amines,0.9715318083763124,NA,NA,NA,NA,NA,NA,NA,NA,NA
x27640_714_60122_12_631,714.60122,12.631,22:5,27640,Unknown,NA,NA,NA,NA,Unknown,NA,Unknown,NA,Unknown,NA,Unknown,NA,NA,NA,NA,NA,NA,NA,NA,NA,NA
x38215_960_83595_15_48,960.83595,15.48,22:5,38215,MADAG,MADAG(O-18/20:4/22:5) [M+NH4]+,NA,NA,NA,Unknown,NA,Unknown,NA,Unknown,NA,Unknown,NA,NA,NA,NA,NA,NA,Glycerolipid,Monoalkyldiacylglycerols,MADAG,MADAG(O-18/20:4/22:5) [M+NH4]+
x39541_932_80618_16_033,932.80618,16.033,22:5,39541,MADAG,MADAG(O-18:0/20:4/22:5) [M+NH4]+,NA,NA,NA,Unknown,NA,Unknown,NA,Unknown,NA,Unknown,NA,NA,NA,NA,NA,NA,Glycerolipid,Monoalkyldiacylglycerols,MADAG,MADAG(O-18:0/20:4/22:5) [M+NH4]+
x37293_924_79573_15_157,924.79573,15.157,22:5,37293,Triacylglycerols,TAG(16:0/18:0/22:6) [M+NH4]+,C54H105N3O8,[M + H]+,C54H105N3O8,Unknown,0.4791548550128937,Unknown,0.600170373916626,Unknown,0.5267676711082458,Unknown,0.5326473116874695,NA,NA,NA,NA,NA,Glycerolipid,Triacylglycerols,Triacylglycerols,TAG(16:0/18:0/22:6) [M+NH4]+
x39474_964_8673_15_982,964.8673,15.982,22:5,39474,Triacylglycerols,NA,C63H113NO5,[M + H]+,C63H113NO5,Fatty acids,0.9998437166213988,Glycerolipids,0.9819263815879822,Triacylglycerols,0.9963435530662536,Unknown,0.5108606219291687,NA,NA,NA,NA,NA,NA,NA,NA,NA
x27783_688_58586_12_672,688.58586,12.672,22:5,27783,Unknown,NA,NA,NA,NA,Unknown,NA,Unknown,NA,Unknown,NA,Unknown,NA,NA,NA,NA,NA,NA,NA,NA,NA,NA
x38323_942_84636_15_562,942.84636,15.562,22:5,38323,Triacylglycerols,NA,C60H111NO6,[M + H]+,C60H111NO6,Fatty acids,0.9973822236061096,Glycerolipids,0.9939106702804564,Triacylglycerols,0.999964475631714,Triacylglycerols,0.9869181513786316,NA,NA,NA,NA,NA,NA,NA,NA,NA
x2327_512_31316_2_304,512.31316,2.304,22:5,2327,Unknown,NA,C25H48NO6P,[M + Na]+,C25H48NO6P,Fatty acids,0.9995381832122804,Unknown,0.5319976210594177,Unknown,0.27360767126083374,Unknown,0.5650402903556824,NA,NA,NA,NA,NA,NA,NA,NA,NA
x38413_986_85044_15_528,986.85044,15.528,22:5,38413,Triacylglycerols,NA,C63H113NO5,[M + Na]+,C63H113NO5,Fatty acids,0.9999885559082032,Glycerolipids,0.9973679184913636,Triacylglycerols,0.9998453855514526,Triacylglycerols,0.9812965989112854,NA,NA,NA,NA,NA,NA,NA,NA,NA
x12395_452_35157_6_187,452.35157,6.187,22:5,12395,Unknown,NA,C30H45NO2,[M + H]+,C30H45NO2,Unknown,0.5603600740432739,Unknown,0.34130504727363586,Unknown,0.4211167097091675,Unknown,0.7442737817764282,NA,NA,NA,NA,NA,NA,NA,NA,NA
x38710_930_78791_15_674,930.78791,15.674,22:5,38710,MADAG,MADAG(O-18:0/20:5/22:5) [M+NH4]+,C59H105NO5,[M + Na]+,C59H105NO5,Fatty acids,0.9995014667510986,Unknown,0.8395732641220093,Triacylglycerols,0.9876264929771424,N-acyl amines,0.8771299719810486,NA,NA,NA,NA,NA,Glycerolipid,Monoalkyldiacylglycerols,MADAG,MADAG(O-18:0/20:5/22:5) [M+NH4]+
x36024_1046_81355_14_67,1046.81355,14.67,22:5,36024,Unknown,NA,C62H109N3O8,[M + Na]+,C62H109N3O8,Unknown,0.8428371548652649,Oligopeptides,0.8505511283874512,Unknown,0.20711933076381683,Alpha amino acids and derivatives,0.9346604943275452,NA,NA,NA,NA,NA,NA,NA,NA,NA
x40444_968_90257_16_414,968.90257,16.414,22:5,40444,MADAG,MADAG(60:5) [M+NH4]+,NA,NA,NA,Unknown,NA,Unknown,NA,Unknown,NA,Unknown,NA,NA,NA,NA,NA,NA,Glycerolipid,Monoalkyldiacylglycerols,MADAG,MADAG(60:5) [M+NH4]+
x40112_966_88519_16_228,966.88519,16.228,22:5,40112,Unknown,NA,NA,NA,NA,Unknown,NA,Unknown,NA,Unknown,NA,Unknown,NA,NA,NA,NA,NA,NA,NA,NA,NA,NA
x17837_812_54582_8_406,812.54582,8.406,22:5,17837,Unknown,NA,C32H65N19O6,[M + H]+,C32H65N19O6,Amino acids and Peptides,0.9463038444519044,Unknown,0.512234628200531,Unknown,0.064415842294693,Unknown,0.5926691293716431,NA,NA,NA,NA,NA,NA,NA,NA,NA
x39113_956_80212_15_862,956.80212,15.862,22:5,39113,MADAG,MADAG(O-18/20:5/22:6) [M+NH4]+,C61H107NO5,[M + Na]+,C61H107NO5,Fatty acids,0.9995757937431335,Glycerolipids,0.8921727538108826,Triacylglycerols,0.9980334639549256,Unknown,0.836615264415741,NA,NA,NA,NA,NA,Glycerolipid,Monoalkyldiacylglycerols,MADAG,MADAG(O-18/20:5/22:6) [M+NH4]+
x39047_966_846_15_803,966.846,15.803,22:5,39047,Triacylglycerols,NA,C60H113NO6,[M + Na]+,C60H113NO6,Fatty acids,0.998757004737854,Unknown,0.7564702033996582,Triacylglycerols,0.9799488186836244,N-acyl amines,0.965984344482422,NA,NA,NA,NA,NA,NA,NA,NA,NA
x40198_954_88717_16_294,954.88717,16.294,22:5,40198,Triacylglycerols,NA,C62H115NO5,[M + H]+,C62H115NO5,Fatty acids,0.9969653487205504,Unknown,0.6040215492248535,Triacylglycerols,0.9668344855308532,N-acyl amines,0.9400498270988464,NA,NA,NA,NA,NA,NA,NA,NA,NA
x40051_980_90086_16_212,980.90086,16.212,22:5,40051,Unknown,NA,NA,NA,NA,Unknown,NA,Unknown,NA,Unknown,NA,Unknown,NA,NA,NA,NA,NA,NA,NA,NA,NA,NA
x36130_972_79507_14_703,972.79507,14.703,22:5,36130,Triacylglycerols,TAG(16:0/22:4/22:6) / 20:5 28:7 [M+NH4]+,C61H107NO6,[M + Na]+,C61H107NO6,Fatty acids,0.9993515610694884,Unknown,0.8070920705795288,Triacylglycerols,0.9879398345947266,Unknown,0.7802290916442871,NA,NA,NA,NA,NA,Glycerolipid,Triacylglycerols,Triacylglycerols,TAG(16:0/22:4/22:6) / 20:5 28:7 [M+NH4]+
x39813_992_89841_16_113,992.89841,16.113,22:5,39813,Unknown,NA,NA,NA,NA,Unknown,NA,Unknown,NA,Unknown,NA,Unknown,NA,NA,NA,NA,NA,NA,NA,NA,NA,NA
x40527_942_8461_16_471,942.8461,16.471,22:5,40527,Triacylglycerols,NA,C60H111NO6,[M + H]+,C60H111NO6,Fatty acids,0.9985431432724,Glycerolipids,0.9946118593215942,Triacylglycerols,0.9999850988388062,Triacylglycerols,0.9889178276062012,NA,NA,NA,NA,NA,NA,NA,NA,NA
x40347_994_91715_16_366,994.91715,16.366,22:5,40347,Unknown,NA,NA,NA,NA,Unknown,NA,Unknown,NA,Unknown,NA,Unknown,NA,NA,NA,NA,NA,NA,NA,NA,NA,NA
x6561_408_29427_4_017,408.29427,4.017,22:5,6561,Unknown,NA,C24H41NO2S,[M + H]+,C24H41NO2S,Terpenoids,0.8512357473373413,Unknown,0.2750682830810547,Unknown,0.10662912577390672,Unknown,0.7389299869537354,NA,NA,NA,NA,NA,NA,NA,NA,NA
x33244_1043_785_14_042,1043.785,14.042,22:5,33244,Unknown,NA,C74H98N4,[M + H]+,C74H98N4,Unknown,0.7854156494140625,Unknown,0.66490936279296875,Unknown,0.08485011756420135,Unknown,0.5674186944961548,NA,NA,NA,NA,NA,NA,NA,NA,NA
x16666_650_51114_8,650.51114,NA,22:5,16666,Unknown,NA,C40H69NO4,[M + Na]+,C40H69NO4,Unknown,0.6843341588973999,Unknown,0.3012514114379883,Unknown,0.32802632451057434,Steroids and steroid derivatives,0.8937327861785889,NA,NA,NA,NA,NA,NA,NA,NA,NA
x37780_940_82961_15_319,940.82961,15.319,22:5,37780,Triacylglycerols,NA,C60H109NO6,[M + H]+,C60H109NO6,Fatty acids,0.9942745566368104,Glycerolipids,0.9864598512649536,Triacylglycerols,0.9998974800109864,Triacylglycerols,0.9347485303878784,NA,NA,NA,NA,NA,NA,NA,NA,NA
x37399_884_76797_15_191,884.76797,15.191,22:5,37399,Triacylglycerols,TAG(20:5/16:0/17:0) [M+NH4]+,C54H103NO6,[M + Na]+,C54H103NO6,Fatty acids,0.9991825222969056,Unknown,0.6642675995826721,Unknown,0.6859891414642334,N-acyl amines,0.9727152585983276,NA,NA,NA,NA,NA,Glycerolipid,Triacylglycerols,Triacylglycerols,TAG(20:5/16:0/17:0) [M+NH4]+
x40428_960_83799_16_413,960.83799,16.413,22:5,40428,MADAG,MADAG(O-18/20:4/22:5) [M+NH4]+,NA,NA,NA,Unknown,NA,Unknown,NA,Unknown,NA,Unknown,NA,NA,NA,NA,NA,NA,Glycerolipid,Monoalkyldiacylglycerols,MADAG,MADAG(O-18/20:4/22:5) [M+NH4]+
x37721_1026_84294_15_271,1026.84294,15.271,22:5,37721,Unknown,NA,C44H30Br4N4S3,[M + H]+,C44H30Br4N4S3,Unknown,0.3676497340202331,Unknown,0.4528186321258545,Unknown,0.103685662150383,Unknown,0.5725821852684021,NA,NA,NA,NA,NA,NA,NA,NA,NA
x38600_996_89465_15_606,996.89465,15.606,22:5,38600,Triacylglycerols,NA,C64H117NO6,[M + H]+,C64H117NO6,Fatty acids,0.9946478009223938,Glycerolipids,0.9572489261627196,Triacylglycerols,0.9985460042953492,Unknown,0.6227439045906067,NA,NA,NA,NA,NA,NA,NA,NA,NA
x38935_1006_87896_15_783,1006.87896,15.783,22:5,38935,Unknown,NA,C59H113N7O4,[M + Na]+,C59H113N7O4,Unknown,0.600587010383606,Unknown,0.7638228535652161,Unknown,0.5336602330207825,Unknown,0.8026710748672485,NA,NA,NA,NA,NA,NA,NA,NA,NA
x14082_548_40948_6_904,548.40948,6.904,22:5,14082,Unknown,NA,C34H55NO3,[M + Na]+,C34H55NO3,Unknown,0.7222679853439331,Unknown,0.3766264319419861,Unknown,0.17303280532360077,Steroids and steroid derivatives,0.8922516107559204,NA,NA,NA,NA,NA,NA,NA,NA,NA
x41741_968_90229_17_608,968.90229,17.608,22:5,41741,MADAG,MADAG(60:5) [M+NH4]+,NA,NA,NA,Unknown,NA,Unknown,NA,Unknown,NA,Unknown,NA,NA,NA,NA,NA,NA,Glycerolipid,Monoalkyldiacylglycerols,MADAG,MADAG(60:5) [M+NH4]+
x9810_462_33807_5_167,462.33807,5.167,22:5,9810,Unknown,NA,C31H43NO2,[M + H]+,C31H43NO2,Unknown,0.3857828080654144,Unknown,0.24519650638103485,Unknown,0.26656731963157654,Unknown,0.574046790599823,NA,NA,NA,NA,NA,NA,NA,NA,NA
x12485_500_35304_6_224,500.35304,6.224,22:5,12485,Unknown,NA,C34H45NO2,[M + H]+,C34H45NO2,Unknown,0.4204660952091217,Unknown,0.23764123022556305,Unknown,0.25992581248283386,Unknown,0.6736465096473694,NA,NA,NA,NA,NA,NA,NA,NA,NA
x21797_682_54072_10_367,682.54072,10.367,22:5,21797,Diacylglycerols,DAG(40:8) [M+NH4]+,C41H73NO5,[M + Na]+,C41H73NO5,Fatty acids,0.99266982078552235,Unknown,0.30483579635620117,Unknown,0.24222001433372495,N-acyl amines,0.9658955931663512,NA,NA,NA,NA,NA,Glycerolipid,Diacylglycerols,Diacylglycerols,DAG(40:8) [M+NH4]+
x38659_958_81894_15_652,958.81894,15.652,22:5,38659,MADAG,MADAG(O-16:0/22:4/22:6) [M+NH4]+,C61H109NO5,[M + Na]+,C61H109NO5,Fatty acids,0.9987975358963012,Unknown,0.8241291642189026,Triacylglycerols,0.9570568203926086,N-acyl amines,0.9318047761917114,NA,NA,NA,NA,NA,Glycerolipid,Monoalkyldiacylglycerols,MADAG,MADAG(O-16:0/22:4/22:6) [M+NH4]+
x25727_686_57001_12_142,686.57001,12.142,22:5,25727,Unknown,NA,NA,NA,NA,Unknown,NA,Unknown,NA,Unknown,NA,Unknown,NA,NA,NA,NA,NA,NA,NA,NA,NA,NA
x36460_974_8114_14_882,974.8114,14.882,22:5,36460,Triacylglycerols,TAG(16:0/16:1/28:8) (16:0/22:4/22:5) [M+NH4]+,C56H109N3O8,[M + Na]+,C56H109N3O8,Polyketides,0.9163647294044496,Oligopeptides,0.8839389681816101,Unknown,0.46217626333236694,Unknown,0.5289426445960999,NA,NA,NA,NA,NA,Glycerolipid,Triacylglycerols,Triacylglycerols,TAG(16:0/16:1/28:8) (16:0/22:4/22:5) [M+NH4]+
x26367_728_55743_12_324,728.55743,12.324,22:5,26367,Unknown,NA,NA,NA,NA,Unknown,NA,Unknown,NA,Unknown,NA,Unknown,NA,NA,NA,NA,NA,NA,NA,NA,NA,NA
x36986_1026_84579_15_01,1026.84579,15.01,22:5,36986,Unknown,NA,C44H30Br4N4S3,[M + H]+,C44H30Br4N4S3,Unknown,0.29485005140304565,Unknown,0.2775458097457886,Unknown,0.08158788830041885,Unknown,0.6555637121200562,NA,NA,NA,NA,NA,NA,NA,NA,NA
x37618_988_8344_15_192,988.8344,15.192,22:5,37618,Triacylglycerols,NA,C62H111NO6,[M + Na]+,C62H111NO6,Fatty acids,0.9987046718597412,Glycerolipids,0.9550197720527648,Triacylglycerols,0.999638557434082,Triacylglycerols,0.9236066937446594,NA,NA,NA,NA,NA,NA,NA,NA,NA
x2678_402_30069_2_609,402.30069,2.609,22:5,2678,Unknown,NA,C25H39NO3,[M + H]+,C25H39NO3,Unknown,0.8081864714622498,Unknown,0.42298272252082825,Unknown,0.43262359499931335,N-acyl amines,0.8951244950294495,NA,NA,NA,NA,NA,NA,NA,NA,NA
x37879_1028_86298_15_315,1028.86298,15.315,22:5,37879,Unknown,NA,NA,NA,NA,Unknown,NA,Unknown,NA,Unknown,NA,Unknown,NA,NA,NA,NA,NA,NA,NA,NA,NA,NA
x31787_888_69315_13_631,888.69315,13.631,22:5,31787,Unknown,NA,C51H95NO9,[M + Na]+,C51H95NO9,Fatty acids,0.9744463562965392,Unknown,0.352325439453125,Unknown,0.6603632569313049,Unknown,0.5418307781219482,NA,NA,NA,NA,NA,NA,NA,NA,NA
x18990_532_41538_8_925,532.41538,8.925,22:5,18990,Unknown,NA,C36H53NO2,[M + H]+,C36H53NO2,Unknown,0.7455491423606873,Unknown,0.3070976138114929,Unknown,0.2393108457326889,Unknown,0.802570641040802,NA,NA,NA,NA,NA,NA,NA,NA,NA
x29036_702_6024_12_99,702.6024,12.99,22:5,29036,Unknown,NA,NA,NA,NA,Unknown,NA,Unknown,NA,Unknown,NA,Unknown,NA,NA,NA,NA,NA,NA,NA,NA,NA,NA
x37947_964_83442_15_366,964.83442,15.366,22:5,37947,Triacylglycerols,NA,C60H111NO6,[M + Na]+,C60H111NO6,Fatty acids,0.9996832609176636,Glycerolipids,0.930138349533081,Triacylglycerols,0.9961344003677368,N-acyl amines,0.9542213082313538,NA,NA,NA,NA,NA,NA,NA,NA,NA
x34358_1046_81405_14_261,1046.81405,14.261,22:5,34358,Unknown,NA,C62H109N3O8,[M + Na]+,C62H109N3O8,Unknown,0.38705167174339294,Unknown,0.6033053994178772,Unknown,0.09965745359659196,Alpha amino acids and derivatives,0.8503822684288025,NA,NA,NA,NA,NA,NA,NA,NA,NA
x25452_528_37596_12_049,528.37596,12.049,22:5,25452,Unknown,NA,C26H49N5O6,[M + H]+,C26H49N5O6,Unknown,0.3448251485824585,Unknown,0.09138784557580948,Unknown,0.16251569986343384,N-acyl-alpha amino acids and derivatives,0.9435080885887146,NA,NA,NA,NA,NA,NA,NA,NA,NA
x38054_914_81476_15_431,914.81476,15.431,22:5,38054,Unknown,NA,NA,NA,NA,Unknown,NA,Unknown,NA,Unknown,NA,Unknown,NA,NA,NA,NA,NA,NA,NA,NA,NA,NA
x37012_950_81264_15_032,950.81264,15.032,22:5,37012,Triacylglycerols,TAG(18:0/18:3/22:4) [M+NH4]+,NA,NA,NA,Unknown,NA,Unknown,NA,Unknown,NA,Unknown,NA,NA,NA,NA,NA,NA,Glycerolipid,Triacylglycerols,Triacylglycerols,TAG(18:0/18:3/22:4) [M+NH4]+
x5968_456_38482_3_914,456.38482,3.914,22:5,5968,Unknown,NA,C30H49NO2,[M + H]+,C30H49NO2,Terpenoids,0.9299365282058716,Unknown,0.8395252823829651,Unknown,0.8403705358505249,Unknown,0.7090803384780884,NA,NA,NA,NA,NA,NA,NA,NA,NA
x40813_996_93358_16_592,996.93358,16.592,22:5,40813,Unknown,NA,NA,NA,NA,Unknown,NA,Unknown,NA,Unknown,NA,Unknown,NA,NA,NA,NA,NA,NA,NA,NA,NA,NA
x28476_714_60337_12_81,714.60337,12.81,22:5,28476,Unknown,NA,NA,NA,NA,Unknown,NA,Unknown,NA,Unknown,NA,Unknown,NA,NA,NA,NA,NA,NA,NA,NA,NA,NA
x36608_988_83072_14_884,988.83072,14.884,22:5,36608,Triacylglycerols,NA,C62H111NO6,[M + Na]+,C62H111NO6,Fatty acids,0.9993765950202942,Glycerolipids,0.9705825448036194,Triacylglycerols,0.9999133348464966,Triacylglycerols,0.9808337092399596,NA,NA,NA,NA,NA,NA,NA,NA,NA
x15580_504_38402_7_5,504.38402,7.5,22:5,15580,Unknown,NA,C27H47BN6O,[M + Na]+,C27H47BN6O,Unknown,0.14403069019317627,Unknown,0.12174684554338457,Unknown,0.13705885410308838,Unknown,0.6893565654754639,NA,NA,NA,NA,NA,NA,NA,NA,NA
x22651_551_42536_10_832,551.42536,10.832,22:5,22651,Unknown,NA,C40H54O,[M + H]+,C40H54O,Terpenoids,0.9988180994987488,Carotenoids (C40),0.9783144593238832,Unknown,0.7044845819473267,Unknown,0.8484861850738525,NA,NA,NA,NA,NA,NA,NA,NA,NA
x38582_966_84816_15_623,966.84816,15.623,22:5,38582,Triacylglycerols,NA,C60H113NO6,[M + Na]+,C60H113NO6,Fatty acids,0.999007284641266,Unknown,0.7253299951553345,Triacylglycerols,0.9585942029953004,N-acyl amines,0.9523500800132751,NA,NA,NA,NA,NA,NA,NA,NA,NA
x25081_736_58953_11_922,736.58953,11.922,22:5,25081,Unknown,NA,NA,NA,NA,Unknown,NA,Unknown,NA,Unknown,NA,Unknown,NA,NA,NA,NA,NA,NA,NA,NA,NA,NA
x6547_496_37761_4_098,496.37761,4.098,22:5,6547,Unknown,NA,C32H49NO3,[M + H]+,C32H49NO3,Terpenoids,0.9715024828910828,Unknown,0.8481438159942627,Unknown,0.25326189398765564,Unknown,0.8323462605476379,NA,NA,NA,NA,NA,NA,NA,NA,NA
x11324_548_37482_5_689,548.37482,5.689,22:5,11324,Unknown,NA,C35H49NO4,[M + H]+,C35H49NO4,Terpenoids,0.8537476062774658,Unknown,0.2224565297365189,Unknown,0.03079686872661113,Unknown,0.8251883387565613,NA,NA,NA,NA,NA,NA,NA,NA,NA
x40642_1036_96236_16_53,1036.96236,16.53,22:5,40642,Triacylglycerols,NA,C66H127NO5,[M + Na]+,C66H127NO5,Fatty acids,0.9979541301727296,Glycerolipids,0.944502890110016,Triacylglycerols,0.9990301132202148,Unknown,0.7508050203323364,NA,NA,NA,NA,NA,NA,NA,NA,NA
x17599_506_39886_8_359,506.39886,8.359,22:5,17599,Unknown,NA,C32H53NO2,[M + Na]+,C32H53NO2,Terpenoids,0.9578171968460084,Unknown,0.7580767273902893,Unknown,0.44944804906845093,Unknown,0.6217206120491028,NA,NA,NA,NA,NA,NA,NA,NA,NA
x27370_674_57077_12_534,674.57077,12.534,22:5,27370,Unknown,NA,NA,NA,NA,Unknown,NA,Unknown,NA,Unknown,NA,Unknown,NA,NA,NA,NA,NA,NA,NA,NA,NA,NA
x7027_470_40051_4_269,470.40051,4.269,22:5,7027,Unknown,NA,C31H51NO2,[M + H]+,C31H51NO2,Unknown,0.6797220706939697,Unknown,0.803544819355011,Unknown,0.3688684105873108,Unknown,0.748701810836792,NA,NA,NA,NA,NA,NA,NA,NA,NA
x28805_532_40806_12_953,532.40806,12.953,22:5,28805,Unknown,NA,C27H49N9O2,[M + H]+,C27H49N9O2,Unknown,0.4527060091495514,Unknown,0.29452067613601685,Unknown,0.753903329372406,Unknown,0.5759561657905579,NA,NA,NA,NA,NA,NA,NA,NA,NA
x5668_438_33639_3_781,438.33639,3.781,22:5,5668,Unknown,NA,C27H45NO2,[M + Na]+,C27H45NO2,Fatty acids,0.9371419548988342,Unknown,0.5532445907592773,Unknown,0.49414852261543274,Unknown,0.5983134508132935,NA,NA,NA,NA,NA,NA,NA,NA,NA
x22925_632_52429_11_001,632.52429,11.001,22:5,22925,Diacylglycerols,DAG(18:1/18:4) / (18:2/18:3) [M+NH4]+,NA,NA,NA,Unknown,NA,Unknown,NA,Unknown,NA,Unknown,NA,NA,NA,NA,NA,NA,Glycerolipid,Diacylglycerols,Diacylglycerols,DAG(18:1/18:4) / (18:2/18:3) [M+NH4]+
x12236_576_46234_6_113,576.46234,6.113,22:5,12236,Unknown,NA,NA,NA,NA,Unknown,NA,Unknown,NA,Unknown,NA,Unknown,NA,NA,NA,NA,NA,NA,NA,NA,NA,NA
x39346_994_88154_15_966,994.88154,15.966,22:5,39346,Unknown,NA,C19H29N8O18P5S5,[M + Na]+,C19H29N8O18P5S5,Fatty acids,0.9952730536460876,Unknown,0.6256434321403503,Unknown,0.8047673106193542,"Purine ribonucleoside 3',5'-bisphosphates",0.9861132502555848,NA,NA,NA,NA,NA,NA,NA,NA,NA
x35834_1042_78612_14_596,1042.78612,14.596,22:5,35834,Triacylglycerols,TAG(22:5/22:6/22:6) / (18:4/20:5/28:8) [M+NH4]+,C60H110NO9P,[M + Na]+,C60H110NO9P,Fatty acids,0.9999409914016724,Glycerophospholipids,0.9992228746414183,Glycerophosphoethanolamines,0.9429135918617249,Phosphatidylethanolamines,0.958053469657898,NA,NA,NA,NA,NA,Glycerolipid,Triacylglycerols,Triacylglycerols,TAG(22:5/22:6/22:6) / (18:4/20:5/28:8) [M+NH4]+
x22340_551_42506_10_66,551.42506,10.66,22:5,22340,Unknown,NA,C40H54O,[M + H]+,C40H54O,Terpenoids,0.9971165657043456,Carotenoids (C40),0.988917589187622,Unknown,0.7561966776847839,Xanthophylls,0.8925479054450989,NA,NA,NA,NA,NA,NA,NA,NA,NA
x29315_945_7474_13_085,945.7474,13.085,22:5,29315,Unknown,NA,C57H104N2O4S2,[M + H]+,C57H104N2O4S2,Fatty acids,0.9838011860847472,Unknown,0.4618633687496186,Unknown,0.15463043749332428,N-acyl amines,0.9748377203941344,NA,NA,NA,NA,NA,NA,NA,NA,NA
x14254_478_36681_6_966,478.36681,6.966,22:5,14254,Unknown,NA,C30H49NO2,[M + Na]+,C30H49NO2,Fatty acids,0.9357313513755798,Unknown,0.2916952967643738,Unknown,0.16290423274040222,Unknown,0.755329430103302,NA,NA,NA,NA,NA,NA,NA,NA,NA
x10765_488_35462_5_539,488.35462,5.539,22:5,10765,Unknown,NA,C33H45NO2,[M + H]+,C33H45NO2,Unknown,0.7843171954154968,Unknown,0.14315639436244965,Unknown,0.31667229533195496,Unknown,0.5851600170135498,NA,NA,NA,NA,NA,NA,NA,NA,NA
x25902_736_59027_12_126,736.59027,12.126,22:5,25902,Unknown,NA,C47H73B2NO4,[M + H]+,C47H73B2NO4,Unknown,0.8361710906028748,Unknown,0.5429483652114868,Unknown,0.7993675470352173,Unknown,0.7067568302154541,NA,NA,NA,NA,NA,NA,NA,NA,NA
x12129_578_42093_6_089,578.42093,6.089,22:5,12129,Unknown,NA,C37H55NO4,[M + H]+,C37H55NO4,Terpenoids,0.8926348090171814,Unknown,0.6632981300354004,Unknown,0.285518616437912,Unknown,0.6149227023124695,NA,NA,NA,NA,NA,NA,NA,NA,NA
x31748_730_63205_13_608,730.63205,13.608,22:5,31748,Unknown,NA,NA,NA,NA,Unknown,NA,Unknown,NA,Unknown,NA,Unknown,NA,NA,NA,NA,NA,NA,NA,NA,NA,NA
x16034_504_38473_7_657,504.38473,7.657,22:5,16034,Unknown,NA,C34H49NO2,[M + H]+,C34H49NO2,Unknown,0.5831829309463501,Unknown,0.3939848244190216,Unknown,0.13076353073120117,Unknown,0.7032252550125122,NA,NA,NA,NA,NA,NA,NA,NA,NA
x4136_491_3703_3_353,491.3703,3.353,22:5,4136,Unknown,NA,C28H52O5,[M + Na]+,C28H52O5,Terpenoids,0.9438868165016174,Unknown,0.8079937696456909,Unknown,0.331163227558136,Unknown,0.5589340329170227,NA,NA,NA,NA,NA,NA,NA,NA,NA
x10121_528_40534_5_239,528.40534,5.239,22:5,10121,Unknown,NA,C33H53NO4,[M + H]+,C33H53NO4,Terpenoids,0.9383737444877625,Unknown,0.2204287201166153,Unknown,0.4609704911708832,Unknown,0.7216949462890625,NA,NA,NA,NA,NA,NA,NA,NA,NA
x12964_442_33739_6_447,442.33739,6.447,22:5,12964,Unknown,NA,C27H43BO4,[M + H]+,C27H43BO4,Terpenoids,0.9927574396133424,Steroids,0.8652568459510803,Unknown,0.14361301064491272,Unknown,0.6598217487335205,NA,NA,NA,NA,NA,NA,NA,NA,NA
x16492_648_49933_7_882,648.49933,7.882,22:5,16492,Unknown,NA,C40H67NO4,[M + Na]+,C40H67NO4,Terpenoids,0.8918660283088684,Unknown,0.6242678761482239,Unknown,0.7581183910369873,Unknown,0.6814709305763245,NA,NA,NA,NA,NA,NA,NA,NA,NA
x14171_548_37532_6_918,548.37532,6.918,22:5,14171,Unknown,NA,C35H49NO4,[M + H]+,C35H49NO4,Unknown,0.752007782459259,Unknown,0.1742563247680664,Unknown,0.04839911311864853,Unknown,0.5619885921478271,NA,NA,NA,NA,NA,NA,NA,NA,NA
x8883_581_42203_4_863,581.42203,4.863,22:5,8883,Unknown,NA,C37H56O5,[M + H]+,C37H56O5,Terpenoids,0.999267280101776,Triterpenoids,0.9983909130096436,Unknown,0.41911548376083374,Triterpenoids,0.98593407869339,NA,NA,NA,NA,NA,NA,NA,NA,NA
x32502_730_63174_13_777,730.63174,13.777,22:5,32502,Unknown,NA,NA,NA,NA,Unknown,NA,Unknown,NA,Unknown,NA,Unknown,NA,NA,NA,NA,NA,NA,NA,NA,NA,NA
x18748_598_44646_8_824,598.44646,8.824,22:5,18748,Unknown,NA,NA,NA,NA,Unknown,NA,Unknown,NA,Unknown,NA,Unknown,NA,NA,NA,NA,NA,NA,NA,NA,NA,NA
x7466_569_3264_4_464,569.3264,4.464,22:5,7466,Unknown,NA,C26H46F2N2O9,[M + H]+,C26H46F2N2O9,Unknown,0.25789138674736023,Unknown,0.48553523421287537,Unknown,0.04204902797937393,Unknown,0.55376434326171875,NA,NA,NA,NA,NA,NA,NA,NA,NA
x39373_944_8086_15_923,944.8086,15.923,22:5,39373,Triacylglycerols,NA,C60H107NO5,[M + Na]+,C60H107NO5,Fatty acids,0.9993894100189208,Glycerolipids,0.9650225639343262,Triacylglycerols,0.997670352458954,Unknown,0.8451736569404602,NA,NA,NA,NA,NA,NA,NA,NA,NA
x17908_650_51925_8_466,650.51925,8.466,22:5,17908,Unknown,NA,C35H71NO9,[M + H]+,C35H71NO9,Unknown,0.5771188735961914,Unknown,0.45231667160987854,Unknown,0.12681685388088226,Unknown,0.5696837306022644,NA,NA,NA,NA,NA,NA,NA,NA,NA
x30131_866_66828_13_208,866.66828,13.208,22:5,30131,Unknown,NA,NA,NA,NA,Unknown,NA,Unknown,NA,Unknown,NA,Unknown,NA,NA,NA,NA,NA,NA,NA,NA,NA,NA
x9819_578_42457_5_238,578.42457,5.238,22:5,9819,Unknown,NA,C30H59NO9,[M + H]+,C30H59NO9,Unknown,0.12321685254573822,Unknown,0.3389347493648529,Unknown,0.0723303034901619,Amino acids and derivatives,0.9583815336227416,NA,NA,NA,NA,NA,NA,NA,NA,NA
x18711_650_51386_8_791,650.51386,8.791,22:5,18711,Unknown,NA,C40H69NO4,[M + Na]+,C40H69NO4,Unknown,0.5896465182304382,Unknown,0.25659969449043274,Unknown,0.5295525789260864,Unknown,0.512657880783081,NA,NA,NA,NA,NA,NA,NA,NA,NA
x13225_650_515_6_524,650.515,6.524,22:5,13225,Unknown,NA,C40H69NO4,[M + Na]+,C40H69NO4,Terpenoids,0.9203884601593018,Unknown,0.30845314264297485,Unknown,0.2966874837875366,Unknown,0.7288484573364258,NA,NA,NA,NA,NA,NA,NA,NA,NA
x3452_452_31375_3_039,452.31375,3.039,22:5,3452,Unknown,NA,C29H41NO3,[M + H]+,C29H41NO3,Unknown,0.7621687054634094,Unknown,0.107945054769516,Unknown,0.12590402364730835,Unknown,0.514056384563446,NA,NA,NA,NA,NA,NA,NA,NA,NA
x11327_600_46323_5_751,600.46323,5.751,22:5,11327,Unknown,NA,NA,NA,NA,Unknown,NA,Unknown,NA,Unknown,NA,Unknown,NA,NA,NA,NA,NA,NA,NA,NA,NA,NA
x23109_576_49921_11_094,576.49921,11.094,22:5,23109,Unknown,NA,C36H65NO4,[M + H]+,C36H65NO4,Terpenoids,0.9427209496498108,Triterpenoids,0.9552616477012634,Unknown,0.5014850497245789,Triterpenoids,0.8613623380661011,NA,NA,NA,NA,NA,NA,NA,NA,NA
x3104_403_26215_2_935,403.26215,2.935,22:5,3104,Unknown,NA,C26H36O2,[M + Na]+,C26H36O2,Unknown,0.3611027002334595,Unknown,0.6785869598388672,Unknown,0.6077345013618469,Unknown,0.6019862294197083,NA,NA,NA,NA,NA,NA,NA,NA,NA
x13781_548_37666_6_764,548.37666,6.764,22:5,13781,Unknown,NA,C27H51N5O5,[M + Na]+,C27H51N5O5,Unknown,0.6983950734138489,Unknown,0.2624833583831787,Unknown,0.04805764555931091,Unknown,0.512808084487915,NA,NA,NA,NA,NA,NA,NA,NA,NA
x40684_994_9084_16_571,994.9084,16.571,22:5,40684,Unknown,NA,C31H22N4O22S6,[M + H]+,C31H22N4O22S6,Unknown,0.375813752412796,Unknown,0.7382134795188904,Unknown,0.1836784929037094,Unknown,0.5987870693206787,NA,NA,NA,NA,NA,NA,NA,NA,NA
x2974_424_3205_2_901,424.3205,2.901,22:5,2974,Unknown,NA,C28H41NO2,[M + H]+,C28H41NO2,Unknown,0.7260320782661438,Unknown,0.3946690261363983,Unknown,0.6159232258796692,Unknown,0.7523818612098694,NA,NA,NA,NA,NA,NA,NA,NA,NA
x5590_468_38576_3_799,468.38576,3.799,22:5,5590,Unknown,NA,C31H49NO2,[M + H]+,C31H49NO2,Terpenoids,0.9734041094779968,Unknown,0.7130728363990784,Unknown,0.2687760591506958,Unknown,0.5187395215034485,NA,NA,NA,NA,NA,NA,NA,NA,NA
x8987_736_44262_4_863,736.44262,4.863,22:5,8987,Unknown,NA,C47H59N3O3,[M + Na]+,C47H59N3O3,Unknown,0.3796130120754242,Unknown,0.13823381066322327,Unknown,0.18563690781593323,Amino acids and derivatives,0.9505316615104676,NA,NA,NA,NA,NA,NA,NA,NA,NA
x22777_732_55603_10_927,732.55603,10.927,22:5,22777,Unknown,NA,C45H75NO5,[M + Na]+,C45H75NO5,Fatty acids,0.9461690783500672,Unknown,0.5744033455848694,Unknown,0.31381866335868835,Unknown,0.5461158752441406,NA,NA,NA,NA,NA,NA,NA,NA,NA
x36333_1110_91936_14_8,1110.91936,14.8,22:5,36333,Unknown,NA,C56H115N15O7,[M + H]+,C56H115N15O7,Amino acids and Peptides,0.936909794807434,Oligopeptides,0.9189109802246094,Unknown,0.7192835211753845,Unknown,0.6789380311965942,NA,NA,NA,NA,NA,NA,NA,NA,NA
x6565_482_40226_4_047,482.40226,4.047,22:5,6565,Unknown,NA,C27H47BN6O,[M + H]+,C27H47BN6O,Unknown,0.1848900318145752,Unknown,0.05720435082912445,Unknown,0.17473292350769043,Unknown,0.6611492037773132,NA,NA,NA,NA,NA,NA,NA,NA,NA
x14135_576_4075_6_948,576.4075,6.948,22:5,14135,Unknown,NA,C34H57NO4S,[M + H]+,C34H57NO4S,Terpenoids,0.9749909043312072,Unknown,0.740711510181427,Unknown,0.7980731725692749,Unknown,0.5870997309684753,NA,NA,NA,NA,NA,NA,NA,NA,NA
x39151_896_77192_15_839,896.77192,15.839,22:6,39151,Triacylglycerols,TAG(16:0/16:0/22:6) [M+NH4]+,C55H103NO6,[M + Na]+,C55H103NO6,Fatty acids,0.9999831914901732,Glycerolipids,0.9464691281318665,Triacylglycerols,0.986405909061432,Triacylglycerols,0.9248883724212646,NA,NA,NA,NA,NA,Glycerolipid,Triacylglycerols,Triacylglycerols,TAG(16:0/16:0/22:6) [M+NH4]+
x37328_918_7549_15_129,918.7549,15.129,22:6,37328,Triacylglycerols,TAG(18:3/18:3/20:3) [M+NH4]+,C54H99N3O8,[M + H]+,C54H99N3O8,Unknown,0.6373155117034912,Unknown,0.7019686698913574,Unknown,0.5480647683143616,Unknown,0.6267136335372925,NA,NA,NA,NA,NA,Glycerolipid,Triacylglycerols,Triacylglycerols,TAG(18:3/18:3/20:3) [M+NH4]+
x37978_894_75516_15_378,894.75516,15.378,22:6,37978,Triacylglycerols,TAG(16:0/16:1/22:6) / (16:0/18:3/20:4) [M+NH4]+,C55H101NO6,[M + Na]+,C55H101NO6,Fatty acids,0.9985185265541076,Unknown,0.5083656907081604,Triacylglycerols,0.8560686111450195,N-acyl amines,0.9527975916862488,NA,NA,NA,NA,NA,Glycerolipid,Triacylglycerols,Triacylglycerols,TAG(16:0/16:1/22:6) / (16:0/18:3/20:4) [M+NH4]+
x40077_924_80245_16_253,924.80245,16.253,22:6,40077,Triacylglycerols,TAG(16:0/18:0/22:6) [M+NH4]+,C59H105NO6,[M + H]+,C59H105NO6,Fatty acids,0.9980877041816713,Unknown,0.5118148326873779,Unknown,0.8262202143669128,Unknown,0.7104910016059875,NA,NA,NA,NA,NA,Glycerolipid,Triacylglycerols,Triacylglycerols,TAG(16:0/18:0/22:6) [M+NH4]+
x39098_922_78636_15_828,922.78636,15.828,22:6,39098,Triacylglycerols,TAG(16:0/18:1/22:6) [M+NH4]+,NA,NA,NA,Unknown,NA,Unknown,NA,Unknown,NA,Unknown,NA,NA,NA,NA,NA,NA,Glycerolipid,Triacylglycerols,Triacylglycerols,TAG(16:0/18:1/22:6) [M+NH4]+
x38125_920_77037_15_435,920.77037,15.435,22:6,38125,Triacylglycerols,TAG(16:0/18:2/22:6) / (18:0/18:3/20:5) [M+NH4]+,NA,NA,NA,Unknown,NA,Unknown,NA,Unknown,NA,Unknown,NA,NA,NA,NA,NA,NA,Glycerolipid,Triacylglycerols,Triacylglycerols,TAG(16:0/18:2/22:6) / (18:0/18:3/20:5) [M+NH4]+
x36894_892_7385_14_972,892.7385,14.972,22:6,36894,Triacylglycerols,TAG(18:1/22:6/22:6) [M+NH4]+,C16H10F8I2N2O8S4,[M + H]+,C16H10F8I2N2O8S4,Alkaloids,0.9986944794654846,Unknown,0.7393776178359985,Unknown,0.09887518733739852,Unknown,0.5164387822151184,NA,NA,NA,NA,NA,Glycerolipid,Triacylglycerols,Triacylglycerols,TAG(18:1/22:6/22:6) [M+NH4]+
x38037_868_74023_15_408,868.74023,15.408,22:6,38037,Unknown,NA,NA,NA,NA,Unknown,NA,Unknown,NA,Unknown,NA,Unknown,NA,NA,NA,NA,NA,NA,NA,NA,NA,NA
x37322_946_7834_15_12,946.7834,15.12,22:6,37322,Triacylglycerols,TAG(16:0/20:3/22:6) / (16:0/20:4/22:5) [M+NH4]+,C59H105NO6,[M + Na]+,C59H105NO6,Fatty acids,0.9976801872253418,Unknown,0.5429061651229858,Triacylglycerols,0.9749119877815248,N-acyl amines,0.9785367250442504,NA,NA,NA,NA,NA,Glycerolipid,Triacylglycerols,Triacylglycerols,TAG(16:0/20:3/22:6) / (16:0/20:4/22:5) [M+NH4]+
x37491_896_76901_15_186,896.76901,15.186,22:6,37491,Triacylglycerols,TAG(16:0/16:0/22:6) [M+NH4]+,C55H103NO6,[M + Na]+,C55H103NO6,Fatty acids,0.9999356269836426,Unknown,0.7811024188995361,Unknown,0.8409882187843323,N-acyl amines,0.9887306094169616,NA,NA,NA,NA,NA,Glycerolipid,Triacylglycerols,Triacylglycerols,TAG(16:0/16:0/22:6) [M+NH4]+
x36625_866_72386_14_846,866.72386,14.846,22:6,36625,Triacylglycerols,TAG(16:1/18:3/18:3) [M+NH4]+,C53H97NO6,[M + Na]+,C53H97NO6,Fatty acids,0.9999516010284424,Glycerolipids,0.986546754837036,Triacylglycerols,0.9960894584655762,Triacylglycerols,0.9969146251678468,NA,NA,NA,NA,NA,Glycerolipid,Triacylglycerols,Triacylglycerols,TAG(16:1/18:3/18:3) [M+NH4]+
x37135_968_77117_15_07,968.77117,15.07,22:6,37135,Triacylglycerols,TAG(18:3/20:3/22:6) / 22:5 [M+NH4]+,NA,NA,NA,Unknown,NA,Unknown,NA,Unknown,NA,Unknown,NA,NA,NA,NA,NA,NA,Glycerolipid,Triacylglycerols,Triacylglycerols,TAG(18:3/20:3/22:6) / 22:5 [M+NH4]+
x35830_890_72292_14_626,890.72292,14.626,22:6,35830,Triacylglycerols,TAG(14:0/18:3/22:6) [M+NH4]+,C55H97NO6,[M + Na]+,C55H97NO6,Fatty acids,0.99993634223938,Glycerolipids,0.9860680103302002,Triacylglycerols,0.9971195459365844,Triacylglycerols,0.9978074431419371,NA,NA,NA,NA,NA,Glycerolipid,Triacylglycerols,Triacylglycerols,TAG(14:0/18:3/22:6) [M+NH4]+
x36271_916_73856_14_764,916.73856,14.764,22:6,36271,Triacylglycerols,TAG(16:0/18:4/22:6) [M+NH4]+,C54H97N3O8,[M + H]+,C54H97N3O8,Amino acids and Peptides,0.8589751720428467,Oligopeptides,0.859291136264801,Unknown,0.6413660049438477,Unknown,0.5875301361083984,NA,NA,NA,NA,NA,Glycerolipid,Triacylglycerols,Triacylglycerols,TAG(16:0/18:4/22:6) [M+NH4]+
x37286_944_7687_15_115,944.7687,15.115,22:6,37286,Triacylglycerols,TAG(18:1/18:3/22:6) / (16:0/20:5/22:5) [M+NH4]+,C56H101N3O8,[M + H]+,C56H101N3O8,Unknown,0.5352988839149475,Unknown,0.6559337973594666,Unknown,0.5592154264450073,Unknown,0.5998972654342651,NA,NA,NA,NA,NA,Glycerolipid,Triacylglycerols,Triacylglycerols,TAG(18:1/18:3/22:6) / (16:0/20:5/22:5) [M+NH4]+
x38232_946_78554_15_489,946.78554,15.489,22:6,38232,Triacylglycerols,TAG(16:0/20:3/22:6) / (16:0/20:4/22:5) [M+NH4]+,C56H103N3O8,[M + H]+,C56H103N3O8,Unknown,0.7170330286026001,Unknown,0.6899315118789673,Unknown,0.46976858377456665,N-acyl amines,0.8715887665748596,NA,NA,NA,NA,NA,Glycerolipid,Triacylglycerols,Triacylglycerols,TAG(16:0/20:3/22:6) / (16:0/20:4/22:5) [M+NH4]+
x36682_840_70831_14_908,840.70831,14.908,22:6,36682,Triacylglycerols,TAG(14:0/14:0/22:6) [M+NH4]+,C51H95NO6,[M + Na]+,C51H95NO6,Fatty acids,0.999992609024048,Glycerolipids,0.9975212216377258,Triacylglycerols,0.9989699125289916,Triacylglycerols,0.9994168281555176,NA,NA,NA,NA,NA,Glycerolipid,Triacylglycerols,Triacylglycerols,TAG(14:0/14:0/22:6) [M+NH4]+
x36835_920_76771_14_931,920.76771,14.931,22:6,36835,Triacylglycerols,TAG(16:0/18:2/22:6) / (18:0/18:3/20:5) [M+NH4]+,C52H103N3O8,[M + Na]+,C52H103N3O8,Fatty acids,0.971791446208954,Unknown,0.5911463499069214,Unknown,0.33539026975631714,N-acyl amines,0.9441372752189636,NA,NA,NA,NA,NA,Glycerolipid,Triacylglycerols,Triacylglycerols,TAG(16:0/18:2/22:6) / (18:0/18:3/20:5) [M+NH4]+
x36708_942_75406_14_916,942.75406,14.916,22:6,36708,Triacylglycerols,TAG(16:0/20:5/22:6) [M+NH4]+,C32H28Br4O4S4,[M + Na]+,C32H28Br4O4S4,Shikimates and Phenylpropanoids,0.953340709209442,Unknown,0.02973931841552257,Unknown,0.23319298028945923,Unknown,0.6238366365432739,NA,NA,NA,NA,NA,Glycerolipid,Triacylglycerols,Triacylglycerols,TAG(16:0/20:5/22:6) [M+NH4]+
x39055_948_80202_15_826,948.80202,15.826,22:6,39055,Triacylglycerols,TAG(18:1/18:1/22:6) / (18:0/20:4/20:4) / (18:1/18:3/22:4) / (18:0/18:3/22:5) [M+NH4]+,C59H107NO6,[M + Na]+,C59H107NO6,Fatty acids,0.9999734163284302,Glycerolipids,0.9895086288452148,Triacylglycerols,0.9990342855453492,Triacylglycerols,0.99446302652359,NA,NA,NA,NA,NA,Glycerolipid,Triacylglycerols,Triacylglycerols,TAG(18:1/18:1/22:6) / (18:0/20:4/20:4) / (18:1/18:3/22:4) / (18:0/18:3/22:5) [M+NH4]+
x38363_924_80033_15_529,924.80033,15.529,22:6,38363,Triacylglycerols,TAG(16:0/18:0/22:6) [M+NH4]+,C57H107NO6,[M + Na]+,C57H107NO6,Fatty acids,0.9999749660491944,Glycerolipids,0.9625072479248048,Triacylglycerols,0.9867765307426452,Unknown,0.828577995300293,NA,NA,NA,NA,NA,Glycerolipid,Triacylglycerols,Triacylglycerols,TAG(16:0/18:0/22:6) [M+NH4]+
x37046_996_79977_15_016,996.79977,15.016,22:6,37046,Triacylglycerols,TAG(18:0/22:6/22:6) [M+NH4]+,C58H107N3O8,[M + Na]+,C58H107N3O8,Amino acids and Peptides,0.8954746127128601,Oligopeptides,0.8740648031234741,Unknown,0.5268829464912415,Unknown,0.5267914533615112,NA,NA,NA,NA,NA,Glycerolipid,Triacylglycerols,Triacylglycerols,TAG(18:0/22:6/22:6) [M+NH4]+
x40015_950_81762_16_223,950.81762,16.223,22:6,40015,Triacylglycerols,NA,C61H107NO6,[M + H]+,C61H107NO6,Fatty acids,0.9981592297554016,Unknown,0.7051445245742798,Triacylglycerols,0.9127748608589172,Unknown,0.5011002421379089,NA,NA,NA,NA,NA,NA,NA,NA,NA
x36854_918_75226_14_961,918.75226,14.961,22:6,36854,Triacylglycerols,TAG(18:1/18:3/20:5) / (16:1/18:2/22:6) / (16:0/18:4/22:5) [M+NH4]+,C54H99N3O8,[M + H]+,C54H99N3O8,Unknown,0.5421348214149475,Unknown,0.6848114132881165,Unknown,0.5450963377952576,Unknown,0.5839915871620178,NA,NA,NA,NA,NA,Glycerolipid,Triacylglycerols,Triacylglycerols,TAG(18:1/18:3/20:5) / (16:1/18:2/22:6) / (16:0/18:4/22:5) [M+NH4]+
x35792_918_75222_14_613,918.75222,14.613,22:6,35792,Triacylglycerols,TAG(18:3/18:3/20:3) [M+NH4]+,C57H101NO6,[M + Na]+,C57H101NO6,Fatty acids,0.9999464750289916,Glycerolipids,0.9798678159713744,Triacylglycerols,0.9992382526397704,Triacylglycerols,0.9960389137268066,NA,NA,NA,NA,NA,Glycerolipid,Triacylglycerols,Triacylglycerols,TAG(18:3/18:3/20:3) [M+NH4]+
x36595_894_75128_14_86,894.75128,14.86,22:6,36595,Triacylglycerols,TAG(18:0/18:3/18:4) [M+NH4]+,C55H101NO6,[M + Na]+,C55H101NO6,Fatty acids,0.9984709620475768,Unknown,0.6319912075996399,Triacylglycerols,0.9046984314918518,N-acyl amines,0.9660034775733948,NA,NA,NA,NA,NA,Glycerolipid,Triacylglycerols,Triacylglycerols,TAG(18:0/18:3/18:4) [M+NH4]+
x34903_940_73712_14_358,940.73712,14.358,22:6,34903,Triacylglycerols,TAG(18:3/18:3/22:6) / (16:1/20:5/22:6) [M+NH4]+,C54H99N3O8,[M + Na]+,C54H99N3O8,Unknown,0.7806258201599121,Unknown,0.4528828263282776,Unknown,0.1895310878753662,Unknown,0.5333999991416931,NA,NA,NA,NA,NA,Glycerolipid,Triacylglycerols,Triacylglycerols,TAG(18:3/18:3/22:6) / (16:1/20:5/22:6) [M+NH4]+
x36175_942_75235_14_733,942.75235,14.733,22:6,36175,Triacylglycerols,TAG(16:0/20:5/22:6) [M+NH4]+,NA,NA,NA,Unknown,NA,Unknown,NA,Unknown,NA,Unknown,NA,NA,NA,NA,NA,NA,Glycerolipid,Triacylglycerols,Triacylglycerols,TAG(16:0/20:5/22:6) [M+NH4]+
x36235_944_7677_14_744,944.7677,14.744,22:6,36235,Triacylglycerols,TAG(16:1/20:4/22:5) / (18:2/18:3/22:5) / (18:1/20:4/20:5) [M+NH4]+,C56H101N3O8,[M + H]+,C56H101N3O8,Fatty acids,0.913233757019043,Unknown,0.6284770965576172,Unknown,0.4096302390098572,Unknown,0.5189481973648071,NA,NA,NA,NA,NA,Glycerolipid,Triacylglycerols,Triacylglycerols,TAG(16:1/20:4/22:5) / (18:2/18:3/22:5) / (18:1/20:4/20:5) [M+NH4]+
x40805_952_8339_16_653,952.8339,16.653,22:6,40805,Triacylglycerols,TAG(18:0/18:0/22:6) [M+NH4]+,C59H111NO6,[M + Na]+,C59H111NO6,Fatty acids,0.9999765157699584,Glycerolipids,0.9832696914672852,Triacylglycerols,0.9974929094314576,Triacylglycerols,0.9168916940689088,NA,NA,NA,NA,NA,Glycerolipid,Triacylglycerols,Triacylglycerols,TAG(18:0/18:0/22:6) [M+NH4]+
x37482_922_78386_15_185,922.78386,15.185,22:6,37482,Triacylglycerols,TAG(16:0/18:1/22:6) [M+NH4]+,C57H105NO6,[M + Na]+,C57H105NO6,Fatty acids,0.9986677169799804,Unknown,0.4453520178794861,Unknown,0.7716237902641296,N-acyl amines,0.967801034450531,NA,NA,NA,NA,NA,Glycerolipid,Triacylglycerols,Triacylglycerols,TAG(16:0/18:1/22:6) [M+NH4]+
x24830_658_5405_11_86,658.5405,11.86,22:6,24830,Unknown,NA,NA,NA,NA,Unknown,NA,Unknown,NA,Unknown,NA,Unknown,NA,NA,NA,NA,NA,NA,NA,NA,NA,NA
x33328_938_72217_13_967,938.72217,13.967,22:6,33328,Triacylglycerols,TAG(18:3/18:4/22:6) [M+NH4]+,C22H17FI4N2O5,[M + Na]+,C22H17FI4N2O5,Unknown,0.26069942116737366,Unknown,0.4492270350456238,Unknown,0.01037334464490413,Unknown,0.5676952600479126,NA,NA,NA,NA,NA,Glycerolipid,Triacylglycerols,Triacylglycerols,TAG(18:3/18:4/22:6) [M+NH4]+
x34683_990_75416_14_306,990.75416,14.306,22:6,34683,Triacylglycerols,TAG(18:3/22:6/22:6) [M+NH4]+,C56H106NO9P,[M + Na]+,C56H106NO9P,Fatty acids,0.9999855756759644,Glycerophospholipids,0.9999223947525024,Glycerophosphoethanolamines,0.969253420829773,Phosphatidylethanolamines,0.9853336811065674,NA,NA,NA,NA,NA,Glycerolipid,Triacylglycerols,Triacylglycerols,TAG(18:3/22:6/22:6) [M+NH4]+
x37713_972_79726_15_259,972.79726,15.259,22:6,37713,Triacylglycerols,TAG(16:0/22:4/22:6) / 20:5 28:7 [M+NH4]+,C56H107N3O8,[M + Na]+,C56H107N3O8,Polyketides,0.8900607228279114,Unknown,0.8261078596115112,Unknown,0.18836329877376556,Unknown,0.6003913283348083,NA,NA,NA,NA,NA,Glycerolipid,Triacylglycerols,Triacylglycerols,TAG(16:0/22:4/22:6) / 20:5 28:7 [M+NH4]+
x39455_952_83005_15_988,952.83005,15.988,22:6,39455,Triacylglycerols,TAG(18:0/18:0/22:6) [M+NH4]+,C61H109NO6,[M + H]+,C61H109NO6,Fatty acids,0.9996553659439088,Unknown,0.5566774606704712,Triacylglycerols,0.9531620740890504,N-acyl amines,0.9801125526428224,NA,NA,NA,NA,NA,Glycerolipid,Triacylglycerols,Triacylglycerols,TAG(18:0/18:0/22:6) [M+NH4]+
x37719_944_77041_15_287,944.77041,15.287,22:6,37719,Triacylglycerols,TAG(18:0/18:4/22:6) / (16:0/20:4/22:6) [M+NH4]+,C56H101N3O8,[M + H]+,C56H101N3O8,Fatty acids,0.964057981967926,Unknown,0.581950306892395,Unknown,0.428475558757782,Unknown,0.5250541567802429,NA,NA,NA,NA,NA,Glycerolipid,Triacylglycerols,Triacylglycerols,TAG(18:0/18:4/22:6) / (16:0/20:4/22:6) [M+NH4]+
x37636_970_78489_15_253,970.78489,15.253,22:6,37636,Triacylglycerols,TAG(16:0/22:5/22:6) / (14:0/18:3/28:8) [M+NH4]+,C27H24I4N2O4,[M + Na]+,C27H24I4N2O4,Unknown,0.6063399910926819,Unknown,0.06865323334932327,Unknown,0.03109553083777427,Unknown,0.5518727898597717,NA,NA,NA,NA,NA,Glycerolipid,Triacylglycerols,Triacylglycerols,TAG(16:0/22:5/22:6) / (14:0/18:3/28:8) [M+NH4]+
x38701_950_81443_15_664,950.81443,15.664,22:6,38701,Triacylglycerols,TAG(18:0/18:3/22:4) [M+NH4]+,C59H109NO6,[M + Na]+,C59H109NO6,Fatty acids,0.99698406457901,Unknown,0.27506640553474426,Unknown,0.7780086994171143,N-acyl amines,0.9775972962379456,NA,NA,NA,NA,NA,Glycerolipid,Triacylglycerols,Triacylglycerols,TAG(18:0/18:3/22:4) [M+NH4]+
x34018_964_73757_14_139,964.73757,14.139,22:6,34018,Triacylglycerols,TAG(18:3/20:5/22:6) [M+NH4]+,NA,NA,NA,Unknown,NA,Unknown,NA,Unknown,NA,Unknown,NA,NA,NA,NA,NA,NA,Glycerolipid,Triacylglycerols,Triacylglycerols,TAG(18:3/20:5/22:6) [M+NH4]+
x19617_834_57238_9_226,834.57238,9.226,22:6,19617,Unknown,NA,C47H79NO11,[M + H]+,C47H79NO11,Fatty acids,0.9936842322349548,Unknown,0.5509456396102905,Unknown,0.6106414198875427,Unknown,0.6136801838874817,NA,NA,NA,NA,NA,NA,NA,NA,NA
x35355_968_76848_14_482,968.76848,14.482,22:6,35355,Triacylglycerols,TAG(18:1/20:5/22:6) [M+NH4]+,C56H103N3O8,[M + Na]+,C56H103N3O8,Unknown,0.8361338376998901,Unknown,0.8279907703399658,Unknown,0.49834075570106506,Unknown,0.7999193072319031,NA,NA,NA,NA,NA,Glycerolipid,Triacylglycerols,Triacylglycerols,TAG(18:1/20:5/22:6) [M+NH4]+
x36593_968_76832_14_871,968.76832,14.871,22:6,36593,Triacylglycerols,TAG(18:3/20:3/22:6) / 22:5 [M+NH4]+,C56H103N3O8,[M + Na]+,C56H103N3O8,Fatty acids,0.9535580277442932,Unknown,0.5337893962860107,Unknown,0.22760647535324097,Unknown,0.6432971954345703,NA,NA,NA,NA,NA,Glycerolipid,Triacylglycerols,Triacylglycerols,TAG(18:3/20:3/22:6) / 22:5 [M+NH4]+
x36770_946_7829_14_935,946.7829,14.935,22:6,36770,Triacylglycerols,TAG(18:0/18:3/22:6) [M+NH4]+,C59H105NO6,[M + Na]+,C59H105NO6,Fatty acids,0.9965259432792664,Unknown,0.4409838318824768,Triacylglycerols,0.9273658394813538,N-acyl amines,0.9730769991874696,NA,NA,NA,NA,NA,Glycerolipid,Triacylglycerols,Triacylglycerols,TAG(18:0/18:3/22:6) [M+NH4]+
x34458_888_70616_14_235,888.70616,14.235,22:6,34458,Triacylglycerols,TAG(14:0/18:4/22:6) [M+NH4]+,NA,NA,NA,Unknown,NA,Unknown,NA,Unknown,NA,Unknown,NA,NA,NA,NA,NA,NA,Glycerolipid,Triacylglycerols,Triacylglycerols,TAG(14:0/18:4/22:6) [M+NH4]+
x34236_914_72143_14_183,914.72143,14.183,22:6,34236,Triacylglycerols,TAG(18:3/18:3/20:5) / (16:1/18:4/22:6) [M+NH4]+,C66H91NO,[M + H]+,C66H91NO,Fatty acids,0.9595987796783448,Unknown,0.3124215006828308,Unknown,0.06190307810902595,Unknown,0.5447776913642883,NA,NA,NA,NA,NA,Glycerolipid,Triacylglycerols,Triacylglycerols,TAG(18:3/18:3/20:5) / (16:1/18:4/22:6) [M+NH4]+
x39264_974_81744_15_901,974.81744,15.901,22:6,39264,Triacylglycerols,TAG(16:0/16:1/28:8) (16:0/22:4/22:5) [M+NH4]+,C58H107N3O8,[M + H]+,C58H107N3O8,Unknown,0.7208025455474854,Oligopeptides,0.8946746587753296,Unknown,0.5504785180091858,Unknown,0.7718375325202942,NA,NA,NA,NA,NA,Glycerolipid,Triacylglycerols,Triacylglycerols,TAG(16:0/16:1/28:8) (16:0/22:4/22:5) [M+NH4]+
x38490_972_80122_15_591,972.80122,15.591,22:6,38490,Triacylglycerols,TAG(16:0/22:4/22:6) / 20:5 28:7 [M+NH4]+,NA,NA,NA,Unknown,NA,Unknown,NA,Unknown,NA,Unknown,NA,NA,NA,NA,NA,NA,Glycerolipid,Triacylglycerols,Triacylglycerols,TAG(16:0/22:4/22:6) / 20:5 28:7 [M+NH4]+
x37059_994_7846_15_039,994.7846,15.039,22:6,37059,Triacylglycerols,TAG(18:1/22:6/22:6) [M+NH4]+,C63H105NO6,[M + Na]+,C63H105NO6,Fatty acids,0.99988055229187,Glycerolipids,0.9737297892570496,Triacylglycerols,0.9943857192993164,Triacylglycerols,0.9278844594955444,NA,NA,NA,NA,NA,Glycerolipid,Triacylglycerols,Triacylglycerols,TAG(18:1/22:6/22:6) [M+NH4]+
x35653_940_73635_14_569,940.73635,14.569,22:6,35653,Triacylglycerols,TAG(14:0/22:6/22:6) [M+NH4]+,C54H99N3O8,[M + Na]+,C54H99N3O8,Unknown,0.7711698412895203,Unknown,0.7346243858337402,Unknown,0.4915443956851959,Unknown,0.5167519450187683,NA,NA,NA,NA,NA,Glycerolipid,Triacylglycerols,Triacylglycerols,TAG(14:0/22:6/22:6) [M+NH4]+
x32300_962_72266_13_747,962.72266,13.747,22:6,32300,Triacylglycerols,TAG(18:4/20:5/22:6) [M+NH4]+,NA,NA,NA,Unknown,NA,Unknown,NA,Unknown,NA,Unknown,NA,NA,NA,NA,NA,NA,Glycerolipid,Triacylglycerols,Triacylglycerols,TAG(18:4/20:5/22:6) [M+NH4]+
x35639_966_75232_14_562,966.75232,14.562,22:6,35639,Triacylglycerols,TAG(18:2/20:5/22:6) [M+NH4]+,C56H101N3O8,[M + Na]+,C56H101N3O8,Unknown,0.6262533068656921,Unknown,0.6758641004562378,Unknown,0.3597434163093567,Unknown,0.7363962531089783,NA,NA,NA,NA,NA,Glycerolipid,Triacylglycerols,Triacylglycerols,TAG(18:2/20:5/22:6) [M+NH4]+
x31413_936_70702_13_551,936.70702000000006,13.551,22:6,31413,Triacylglycerols,TAG(18:4/20:5/20:5) [M+NH4]+,C56H93N3O8,[M + H]+,C56H93N3O8,Unknown,0.8198142051696777,Unknown,0.8418638706207275,Unknown,0.3178377151489258,Unknown,0.7510409951210022,NA,NA,NA,NA,NA,Glycerolipid,Triacylglycerols,Triacylglycerols,TAG(18:4/20:5/20:5) [M+NH4]+
x38249_884_80447_15_483,884.80447,15.483,22:6,38249,MADAG,MADAG(O-18:0/16:0/20:5) [M+NH4]+,NA,NA,NA,Unknown,NA,Unknown,NA,Unknown,NA,Unknown,NA,NA,NA,NA,NA,NA,Glycerolipid,Monoalkyldiacylglycerols,MADAG,MADAG(O-18:0/16:0/20:5) [M+NH4]+
x33101_988_73758_13_924,988.73758,13.924,22:6,33101,Triacylglycerols,TAG(18:4/22:6/22:6) [M+NH4]+,NA,NA,NA,Unknown,NA,Unknown,NA,Unknown,NA,Unknown,NA,NA,NA,NA,NA,NA,Glycerolipid,Triacylglycerols,Triacylglycerols,TAG(18:4/22:6/22:6) [M+NH4]+
x36379_918_74921_14_787,918.74921,14.787,22:6,36379,Triacylglycerols,TAG(18:3/18:3/20:3) [M+NH4]+,C61H95N3O3,[M + H]+,C61H95N3O3,Fatty acids,0.9860889315605164,Unknown,0.7527511715888977,Unknown,0.5689628720283508,N-acyl amines,0.8760277032852173,NA,NA,NA,NA,NA,Glycerolipid,Triacylglycerols,Triacylglycerols,TAG(18:3/18:3/20:3) [M+NH4]+
x10615_440_31593_5_476,440.31593,5.476,22:6,10615,Unknown,NA,C28H41NO3,[M + H]+,C28H41NO3,Fatty acids,0.9166287779808044,Unknown,0.6869436502456665,Unknown,0.4749084413051605,N-acyl-alpha amino acids,0.8733140230178833,NA,NA,NA,NA,NA,NA,NA,NA,NA
x35523_942_75051_14_514,942.75051,14.514,22:6,35523,Triacylglycerols,TAG(16:0/20:5/22:6) [M+NH4]+,C59H101NO6,[M + Na]+,C59H101NO6,Fatty acids,0.9950366616249084,Unknown,0.4680285155773163,Triacylglycerols,0.962733507156372,N-acyl amines,0.9616687893867492,NA,NA,NA,NA,NA,Glycerolipid,Triacylglycerols,Triacylglycerols,TAG(16:0/20:5/22:6) [M+NH4]+
x39975_976_83346_16_206,976.83346,16.206,22:6,39975,Triacylglycerols,TAG(16:0/16:0/28:8) [M+NH4]+,C36H36Br4O4S4,[M + H]+,C36H36Br4O4S4,Unknown,0.5157963633537292,Unknown,0.08983445912599564,Unknown,0.02611155435442924,Unknown,0.7313413023948669,NA,NA,NA,NA,NA,Glycerolipid,Triacylglycerols,Triacylglycerols,TAG(16:0/16:0/28:8) [M+NH4]+
x35068_914_72067_14_404,914.72067,14.404,22:6,35068,Triacylglycerols,TAG(14:0/20:5/22:6) [M+NH4]+,C66H91NO,[M + H]+,C66H91NO,Fatty acids,0.9719162583351136,Unknown,0.5223345756530762,Unknown,0.05426761507987976,Unknown,0.7832187414169312,NA,NA,NA,NA,NA,Glycerolipid,Triacylglycerols,Triacylglycerols,TAG(14:0/20:5/22:6) [M+NH4]+
x40753_978_84892_16_622,978.84892,16.622,22:6,40753,Triacylglycerols,TAG(18:0/20:3/22:4) [M+NH4]+,C61H113NO6,[M + Na]+,C61H113NO6,Fatty acids,0.999847173690796,Glycerolipids,0.9428799748420716,Triacylglycerols,0.9978699684143066,Unknown,0.7417224645614624,NA,NA,NA,NA,NA,Glycerolipid,Triacylglycerols,Triacylglycerols,TAG(18:0/20:3/22:4) [M+NH4]+
x38345_996_80176_15_513,996.80176,15.513,22:6,38345,Triacylglycerols,TAG(18:0/22:6/22:6) [M+NH4]+,NA,NA,NA,Unknown,NA,Unknown,NA,Unknown,NA,Unknown,NA,NA,NA,NA,NA,NA,Glycerolipid,Triacylglycerols,Triacylglycerols,TAG(18:0/22:6/22:6) [M+NH4]+
x35034_812_67659_14_391,812.67659,14.391,22:6,35034,Triacylglycerols,TAG(12:0/14:0/22:6) [M+NH4]+,NA,NA,NA,Unknown,NA,Unknown,NA,Unknown,NA,Unknown,NA,NA,NA,NA,NA,NA,Glycerolipid,Triacylglycerols,Triacylglycerols,TAG(12:0/14:0/22:6) [M+NH4]+
x37527_998_81385_15_195,998.81385,15.195,22:6,37527,Triacylglycerols,TAG(16:0/18:3/28:8) [M+NH4]+,C13H26O35S8,[M + H]+,C13H26O35S8,Unknown,0.8112283945083618,Unknown,0.03498835489153862,Unknown,0.10015210509300232,Unknown,0.5091841220855713,NA,NA,NA,NA,NA,Glycerolipid,Triacylglycerols,Triacylglycerols,TAG(16:0/18:3/28:8) [M+NH4]+
x33349_966_75235_13_982,966.75235,13.982,22:6,33349,Triacylglycerols,TAG(18:2/20:5/22:6) [M+NH4]+,C56H101N3O8,[M + Na]+,C56H101N3O8,Unknown,0.7908052206039429,Unknown,0.6638731956481934,Unknown,0.23368766903877256,Unknown,0.8252968192100525,NA,NA,NA,NA,NA,Glycerolipid,Triacylglycerols,Triacylglycerols,TAG(18:2/20:5/22:6) [M+NH4]+
x38263_908_80627_15_495,908.80627,15.495,22:6,38263,MADAG,MADAG(O-16:0/18:1/22:6) [M+NH4]+,NA,NA,NA,Unknown,NA,Unknown,NA,Unknown,NA,Unknown,NA,NA,NA,NA,NA,NA,Glycerolipid,Monoalkyldiacylglycerols,MADAG,MADAG(O-16:0/18:1/22:6) [M+NH4]+
x38748_998_81637_15_676,998.81637,15.676,22:6,38748,Triacylglycerols,TAG(16:0/18:3/28:8) [M+NH4]+,NA,NA,NA,Unknown,NA,Unknown,NA,Unknown,NA,Unknown,NA,NA,NA,NA,NA,NA,Glycerolipid,Triacylglycerols,Triacylglycerols,TAG(16:0/18:3/28:8) [M+NH4]+
x38819_974_81485_15_71,974.81485,15.71,22:6,38819,Triacylglycerols,TAG(16:0/16:1/28:8) (16:0/22:4/22:5) [M+NH4]+,C56H109N3O8,[M + Na]+,C56H109N3O8,Unknown,0.42400598526000977,Oligopeptides,0.8549107909202576,Unknown,0.34024888277053833,Unknown,0.6717519164085388,NA,NA,NA,NA,NA,Glycerolipid,Triacylglycerols,Triacylglycerols,TAG(16:0/16:1/28:8) (16:0/22:4/22:5) [M+NH4]+
x39503_1000_83267_15_996,1000.83267,15.996,22:6,39503,Triacylglycerols,TAG(16:0/18:3/28:7) [M+NH4]+,NA,NA,NA,Unknown,NA,Unknown,NA,Unknown,NA,Unknown,NA,NA,NA,NA,NA,NA,Glycerolipid,Triacylglycerols,Triacylglycerols,TAG(16:0/18:3/28:7) [M+NH4]+
x17969_678_51042_8_486,678.51042,8.486,22:6,17969,Diacylglycerols,DAG(18:4/22:6) / (20:5/20:5) [M+NH4]+,NA,NA,NA,Unknown,NA,Unknown,NA,Unknown,NA,Unknown,NA,NA,NA,NA,NA,NA,Glycerolipid,Diacylglycerols,Diacylglycerols,DAG(18:4/22:6) / (20:5/20:5) [M+NH4]+
x27561_686_57142_12_607,686.57142,12.607,22:6,27561,Unknown,NA,NA,NA,NA,Unknown,NA,Unknown,NA,Unknown,NA,Unknown,NA,NA,NA,NA,NA,NA,NA,NA,NA,NA
x34490_1040_77033_14_254,1040.77033,14.254,22:6,34490,Triacylglycerols,TAG(22:6/22:6/22:6) [M+NH4]+,C67H103NO6,[M + Na]+,C67H103NO6,Fatty acids,0.9869872331619264,Unknown,0.5442365407943726,Unknown,0.5422607064247131,Unknown,0.7218745350837708,NA,NA,NA,NA,NA,Glycerolipid,Triacylglycerols,Triacylglycerols,TAG(22:6/22:6/22:6) [M+NH4]+
x35619_994_78267_14_559,994.78267,14.559,22:6,35619,Triacylglycerols,TAG(18:1/22:6/22:6) [M+NH4]+,C63H105NO6,[M + Na]+,C63H105NO6,Fatty acids,0.9931836724281312,Unknown,0.3535424768924713,Unknown,0.8254055976867676,N-acyl-alpha amino acids and derivatives,0.8899430632591248,NA,NA,NA,NA,NA,Glycerolipid,Triacylglycerols,Triacylglycerols,TAG(18:1/22:6/22:6) [M+NH4]+
x30624_934_69125_13_357,934.69125,13.357,22:6,30624,Triacylglycerols,TAG(18:4/18:5/22:6) [M+NH4]+,C59H93NO6,[M + Na]+,C59H93NO6,Fatty acids,0.8860838413238525,Unknown,0.25033140182495117,Unknown,0.437745600938797,Unknown,0.518738865852356,NA,NA,NA,NA,NA,Glycerolipid,Triacylglycerols,Triacylglycerols,TAG(18:4/18:5/22:6) [M+NH4]+
x38174_1000_82943_15_455,1000.82943,15.455,22:6,38174,Triacylglycerols,TAG(16:0/18:3/28:7) [M+NH4]+,C48H29Br5,[M + H]+,C48H29Br5,Shikimates and Phenylpropanoids,0.8531537055969238,Unknown,0.6316807270050049,Unknown,0.7433928847312927,Unknown,0.7375422120094299,NA,NA,NA,NA,NA,Glycerolipid,Triacylglycerols,Triacylglycerols,TAG(16:0/18:3/28:7) [M+NH4]+
x37582_996_79911_15_224,996.79911,15.224,22:6,37582,Triacylglycerols,TAG(18:0/22:6/22:6) [M+NH4]+,C58H107N3O8,[M + Na]+,C58H107N3O8,Unknown,0.8147789239883423,Oligopeptides,0.8697289824485779,Unknown,0.3205784261226654,Unknown,0.7546347379684448,NA,NA,NA,NA,NA,Glycerolipid,Triacylglycerols,Triacylglycerols,TAG(18:0/22:6/22:6) [M+NH4]+
x24934_684_55583_11_891,684.55583,11.891,22:6,24934,Unknown,NA,NA,NA,NA,Unknown,NA,Unknown,NA,Unknown,NA,Unknown,NA,NA,NA,NA,NA,NA,NA,NA,NA,NA
x33781_1014_75352_14_088,1014.75352,14.088,22:6,33781,Triacylglycerols,TAG(20:5/22:6/22:6) [M+NH4]+,NA,NA,NA,Unknown,NA,Unknown,NA,Unknown,NA,Unknown,NA,NA,NA,NA,NA,NA,Glycerolipid,Triacylglycerols,Triacylglycerols,TAG(20:5/22:6/22:6) [M+NH4]+
x38552_1048_83215_15_604,1048.83215,15.604,22:6,38552,Triacylglycerols,TAG(16:0/22:6/28:8) [M+NH4]+,C56H111N7O9,[M + Na]+,C56H111N7O9,Amino acids and Peptides,0.9428186416625975,Oligopeptides,0.8881940245628357,Unknown,0.6352867484092712,Unknown,0.5126833915710449,NA,NA,NA,NA,NA,Glycerolipid,Triacylglycerols,Triacylglycerols,TAG(16:0/22:6/28:8) [M+NH4]+
x38931_936_83705_15_758,936.83705,15.758,22:6,38931,MADAG,MADAG(O-18:0/20:3/22:4) [M+NH4]+,NA,NA,NA,Unknown,NA,Unknown,NA,Unknown,NA,Unknown,NA,NA,NA,NA,NA,NA,Glycerolipid,Monoalkyldiacylglycerols,MADAG,MADAG(O-18:0/20:3/22:4) [M+NH4]+
x35898_1018_78351_14_656,1018.78351,14.656,22:6,35898,Triacylglycerols,TAG(18:3/18:4/28:8) [M+NH4]+ ?-no-18:4-peak,NA,NA,NA,Unknown,NA,Unknown,NA,Unknown,NA,Unknown,NA,NA,NA,NA,NA,NA,Glycerolipid,Triacylglycerols,Triacylglycerols,TAG(18:3/18:4/28:8) [M+NH4]+ ?-no-18:4-peak
x34118_992_76543_14_167,992.76543,14.167,22:6,34118,Triacylglycerols,TAG(18:2/22:6/22:6) [M+NH4]+,C63H103NO6,[M + Na]+,C63H103NO6,Fatty acids,0.9939014911651612,Unknown,0.6202618479728699,Triacylglycerols,0.9763724207878112,Unknown,0.547299861907959,NA,NA,NA,NA,NA,Glycerolipid,Triacylglycerols,Triacylglycerols,TAG(18:2/22:6/22:6) [M+NH4]+
x40361_882_7932_16_392,882.7932,16.392,22:6,40361,MADAG,MADAG(O-16:0/16:0/22:6) [M+NH4]+,C57H100O5,[M + H3N + H]+,C57H103NO5,Fatty acids,0.9999957084655762,Glycerolipids,0.9997319579124452,Triacylglycerols,0.9991692304611206,Triacylglycerols,0.9988225102424622,NA,NA,NA,NA,NA,Glycerolipid,Monoalkyldiacylglycerols,MADAG,MADAG(O-16:0/16:0/22:6) [M+NH4]+
x36498_996_79799_14_847,996.79799,14.847,22:6,36498,Triacylglycerols,TAG(18:0/22:6/22:6) [M+NH4]+,C58H107N3O8,[M + Na]+,C58H107N3O8,Unknown,0.701164722442627,Unknown,0.8310546278953552,Unknown,0.33286455273628235,Unknown,0.7996310591697693,NA,NA,NA,NA,NA,Glycerolipid,Triacylglycerols,Triacylglycerols,TAG(18:0/22:6/22:6) [M+NH4]+
x20455_680_52366_9_671,680.52366,9.671,22:6,20455,Diacylglycerols,DAG(40:9) [M+NH4]+,NA,NA,NA,Unknown,NA,Unknown,NA,Unknown,NA,Unknown,NA,NA,NA,NA,NA,NA,Glycerolipid,Diacylglycerols,Diacylglycerols,DAG(40:9) [M+NH4]+
x35851_992_7678_14_635,992.7678,14.635,22:6,35851,Triacylglycerols,TAG(18:2/22:6/22:6) [M+NH4]+,NA,NA,NA,Unknown,NA,Unknown,NA,Unknown,NA,Unknown,NA,NA,NA,NA,NA,NA,Glycerolipid,Triacylglycerols,Triacylglycerols,TAG(18:2/22:6/22:6) [M+NH4]+
x20587_730_54016_9_75,730.54016,9.75,22:6,20587,Diacylglycerols,DAG (44:12)  [M+NH4]+,NA,NA,NA,Unknown,NA,Unknown,NA,Unknown,NA,Unknown,NA,NA,NA,NA,NA,NA,Glycerolipid,Diacylglycerols,Diacylglycerols,DAG (44:12)  [M+NH4]+
x38615_954_78828_15_63,954.78828,15.63,22:6,38615,MADAG,MADAG(O-16:0/22:6/22:6) [M+NH4]+,NA,NA,NA,Unknown,NA,Unknown,NA,Unknown,NA,Unknown,NA,NA,NA,NA,NA,NA,Glycerolipid,Monoalkyldiacylglycerols,MADAG,MADAG(O-16:0/22:6/22:6) [M+NH4]+
x32158_860_67562_13_71,860.67562,13.71,22:6,32158,Triacylglycerols,TAG(16:0/18:5/18:5) [M+NH4]+,C53H91NO6,[M + Na]+,C53H91NO6,Fatty acids,0.991094708442688,Unknown,0.2798555791378021,Unknown,0.41693636775016785,Unknown,0.5497766137123108,NA,NA,NA,NA,NA,Glycerolipid,Triacylglycerols,Triacylglycerols,TAG(16:0/18:5/18:5) [M+NH4]+
x31456_960_70658_13_561,960.70658,13.561,22:6,31456,Triacylglycerols,TAG(18:5/20:5/22:6) [M+NH4]+,NA,NA,NA,Unknown,NA,Unknown,NA,Unknown,NA,Unknown,NA,NA,NA,NA,NA,NA,Glycerolipid,Triacylglycerols,Triacylglycerols,TAG(18:5/20:5/22:6) [M+NH4]+
x34964_966_75011_14_393,966.75011,14.393,22:6,34964,Triacylglycerols,TAG(18:2/20:5/22:6) [M+NH4]+,C56H101N3O8,[M + Na]+,C56H101N3O8,Unknown,0.6723618507385254,Unknown,0.7861542105674744,Unknown,0.3963416814804077,Unknown,0.5950286388397217,NA,NA,NA,NA,NA,Glycerolipid,Triacylglycerols,Triacylglycerols,TAG(18:2/20:5/22:6) [M+NH4]+
x39141_930_78887_15_835,930.78887,15.835,22:6,39141,MADAG,MADAG(O-18:0/20:4/22:6) [M+NH4]+,C59H105NO5,[M + Na]+,C59H105NO5,Fatty acids,0.9983676075935364,Unknown,0.6473451256752014,Triacylglycerols,0.9162003993988036,N-acyl amines,0.960838794708252,NA,NA,NA,NA,NA,Glycerolipid,Monoalkyldiacylglycerols,MADAG,MADAG(O-18:0/20:4/22:6) [M+NH4]+
x39713_938_85368_16_033,938.85368,16.033,22:6,39713,MADAG,MADAG(58:6) [M+NH4]+,NA,NA,NA,Unknown,NA,Unknown,NA,Unknown,NA,Unknown,NA,NA,NA,NA,NA,NA,Glycerolipid,Monoalkyldiacylglycerols,MADAG,MADAG(58:6) [M+NH4]+
x37448_880_77568_15_19,880.77568,15.19,22:6,37448,Unknown,NA,NA,NA,NA,Unknown,NA,Unknown,NA,Unknown,NA,Unknown,NA,NA,NA,NA,NA,NA,NA,NA,NA,NA
x35884_996_79767_14_673,996.79767,14.673,22:6,35884,Triacylglycerols,TAG(18:0/22:6/22:6) [M+NH4]+,C58H107N3O8,[M + Na]+,C58H107N3O8,Unknown,0.7777993083000183,Unknown,0.8287738561630249,Unknown,0.31902238726615906,Unknown,0.768252432346344,NA,NA,NA,NA,NA,Glycerolipid,Triacylglycerols,Triacylglycerols,TAG(18:0/22:6/22:6) [M+NH4]+
x38989_1000_82878_15_768,1000.82878,15.768,22:6,38989,Triacylglycerols,TAG(16:0/18:3/28:7) [M+NH4]+,NA,NA,NA,Unknown,NA,Unknown,NA,Unknown,NA,Unknown,NA,NA,NA,NA,NA,NA,Glycerolipid,Triacylglycerols,Triacylglycerols,TAG(16:0/18:3/28:7) [M+NH4]+
x39022_937_83942_15_772,937.83942,15.772,22:6,39022,Triacylglycerols,NA,C58H112O8,[M + H]+,C58H112O8,Fatty acids,0.9999862909317015,Glycerolipids,0.9998526573181152,Triacylglycerols,0.9985981583595276,Triacylglycerols,0.9985370635986328,NA,NA,NA,NA,NA,NA,NA,NA,NA
x40741_1004_86413_16_604,1004.86413,16.604,22:6,40741,Triacylglycerols,NA,C63H115NO6,[M + Na]+,C63H115NO6,Fatty acids,0.9988473653793336,Glycerolipids,0.877591073513031,Triacylglycerols,0.9716118574142456,Unknown,0.8251681923866272,NA,NA,NA,NA,NA,NA,NA,NA,NA
x26779_812_6432_12_43,812.6432,12.43,22:6,26779,Unknown,NA,C50H85NO7,[M + H]+,C50H85NO7,Fatty acids,0.9486573338508606,Sphingolipids,0.8767454028129578,Unknown,0.5188679099082947,N-acyl amines,0.9658594131469728,NA,NA,NA,NA,NA,NA,NA,NA,NA
x41312_980_86592_17_017,980.86592,17.017,22:6,41312,Triacylglycerols,NA,C61H115NO6,[M + Na]+,C61H115NO6,Fatty acids,0.9999912977218628,Glycerolipids,0.9904438853263856,Triacylglycerols,0.999591052532196,Triacylglycerols,0.9995142221450806,NA,NA,NA,NA,NA,NA,NA,NA,NA
x34795_1016_76767_14_341,1016.76767,14.341,22:6,34795,Unknown,NA,C47H97N15O9,[M + H]+,C47H97N15O9,Amino acids and Peptides,0.9382149577140808,Oligopeptides,0.90460205078125,Unknown,0.18113642930984497,Unknown,0.695794939994812,NA,NA,NA,NA,NA,NA,NA,NA,NA
x38248_1022_81551_15_483,1022.81551,15.483,22:6,38248,Triacylglycerols,TAG(16:0/20:5/28:8) [M+NH4]+,C74H103NO,[M + H]+,C74H103NO,Fatty acids,0.9643946886062622,Unknown,0.28030404448509216,Unknown,0.02917821146547794,Unknown,0.7461894154548645,NA,NA,NA,NA,NA,Glycerolipid,Triacylglycerols,Triacylglycerols,TAG(16:0/20:5/28:8) [M+NH4]+
x41010_910_82416_16_777,910.82416,16.777,22:6,41010,MADAG,MADAG(O-18:0/16:0/22:6) [M+NH4]+,NA,NA,NA,Unknown,NA,Unknown,NA,Unknown,NA,Unknown,NA,NA,NA,NA,NA,NA,Glycerolipid,Monoalkyldiacylglycerols,MADAG,MADAG(O-18:0/16:0/22:6) [M+NH4]+
x36376_994_78197_14_845,994.78197,14.845,22:6,36376,Triacylglycerols,TAG(18:1/22:6/22:6) [M+NH4]+,C55H103N5O10,[M + H]+,C55H103N5O10,Amino acids and Peptides,0.977281928062439,Oligopeptides,0.9540477395057678,Unknown,0.11741678416728972,Alpha amino acids and derivatives,0.8993983268737793,NA,NA,NA,NA,NA,Glycerolipid,Triacylglycerols,Triacylglycerols,TAG(18:1/22:6/22:6) [M+NH4]+
x15239_806_53865_7_395,806.53865,7.395,22:6,15239,Unknown,NA,C45H75NO11,[M + H]+,C45H75NO11,Fatty acids,0.9888978600502014,Unknown,0.4817366898059845,Unknown,0.7567718029022217,Unknown,0.8161922693252563,NA,NA,NA,NA,NA,NA,NA,NA,NA
x40256_908_80758_16_341,908.80758,16.341,22:6,40256,MADAG,MADAG(O-16:0/18:1/22:6) [M+NH4]+,NA,NA,NA,Unknown,NA,Unknown,NA,Unknown,NA,Unknown,NA,NA,NA,NA,NA,NA,Glycerolipid,Monoalkyldiacylglycerols,MADAG,MADAG(O-16:0/18:1/22:6) [M+NH4]+
x37648_906_79107_15_257,906.79107,15.257,22:6,37648,MADAG,MADAG(O-16:0/20:4/20:4) [M+NH4]+,NA,NA,NA,Unknown,NA,Unknown,NA,Unknown,NA,Unknown,NA,NA,NA,NA,NA,NA,Glycerolipid,Monoalkyldiacylglycerols,MADAG,MADAG(O-16:0/20:4/20:4) [M+NH4]+
x35496_838_69038_14_448,838.69038,14.448,22:6,35496,Triacylglycerols,TAG(12:0/16:1/22:6) / (14:1/16:1/20:5) / (16:1/16:1/18:5) [M+NH4]+,C51H93NO6,[M + Na]+,C51H93NO6,Fatty acids,0.9980599284172058,Unknown,0.5686431527137756,Unknown,0.4988830089569092,Unknown,0.7831553220748901,NA,NA,NA,NA,NA,Glycerolipid,Triacylglycerols,Triacylglycerols,TAG(12:0/16:1/22:6) / (14:1/16:1/20:5) / (16:1/16:1/18:5) [M+NH4]+
x33223_912_70404_13_94,912.70404,13.94,22:6,33223,Triacylglycerols,TAG(16:1/18:4/22:6) [M+NH4]+,C59H93NO6,[M + H]+,C59H93NO6,Fatty acids,0.9009664058685304,Unknown,0.2958676815032959,Unknown,0.6841540336608887,N-acyl amines,0.8739727139472961,NA,NA,NA,NA,NA,Glycerolipid,Triacylglycerols,Triacylglycerols,TAG(16:1/18:4/22:6) [M+NH4]+
x34165_966_74545_14_153,966.74545,14.153,22:6,34165,Unknown,NA,C56H101N3O8,[M + Na]+,C56H101N3O8,Unknown,0.654016375541687,Unknown,0.7729130983352661,Unknown,0.38886353373527527,Unknown,0.5189338326454163,NA,NA,NA,NA,NA,NA,NA,NA,NA
x3477_424_31823_3_083,424.31823,3.083,22:6,3477,Unknown,dopamine-C20:3,C21H38FN7O,[M + H]+,C21H38FN7O,Alkaloids,0.9993125200271606,Unknown,0.46155139803886414,Unknown,0.18947207927703855,Unknown,0.6289271712303162,0.852216,4.24335,dopamine-C20:3,Phenols,Benzenediols,NA,NA,NA,NA
x39642_982_81747_16_064,982.81747,16.064,22:6,39642,MADAG,MADAG(O-18/22:6/22:6) [M+NH4]+,C63H109NO5,[M + Na]+,C63H109NO5,Fatty acids,0.9993451237678528,Unknown,0.3508675992488861,Unknown,0.7941514253616333,N-acyl amines,0.9620878100395204,NA,NA,NA,NA,NA,Glycerolipid,Monoalkyldiacylglycerols,MADAG,MADAG(O-18/22:6/22:6) [M+NH4]+
x37268_948_79821_15_167,948.79821,15.167,22:6,37268,Triacylglycerols,TAG(18:1/18:1/22:6) / (18:0/20:4/20:4) / (18:1/18:3/22:4) / (18:0/18:3/22:5) [M+NH4]+,C61H105NO6,[M + H]+,C61H105NO6,Fatty acids,0.9920443296432496,Unknown,0.2507875859737396,Unknown,0.6512417197227478,N-acyl amines,0.9491000771522522,NA,NA,NA,NA,NA,Glycerolipid,Triacylglycerols,Triacylglycerols,TAG(18:1/18:1/22:6) / (18:0/20:4/20:4) / (18:1/18:3/22:4) / (18:0/18:3/22:5) [M+NH4]+
x36297_1044_79996_14_774,1044.79996,14.774,22:6,36297,Triacylglycerols,TAG(18:3/20:5/28:8) [M+NH4]+,C62H107N3O8,[M + Na]+,C62H107N3O8,Unknown,0.7738506197929382,Unknown,0.8131615519523621,Unknown,0.17711582779884338,Alpha amino acids and derivatives,0.9290456771850586,NA,NA,NA,NA,NA,Glycerolipid,Triacylglycerols,Triacylglycerols,TAG(18:3/20:5/28:8) [M+NH4]+
x32504_936_70591_13_788,936.70591,13.788,22:6,32504,Triacylglycerols,TAG(18:4/18:4/22:6) [M+NH4]+,C68H89NO,[M + H]+,C68H89NO,Unknown,0.35304513573646545,Unknown,0.11245344579219818,Unknown,0.00814030971378088,Unknown,0.6239204406738281,NA,NA,NA,NA,NA,Glycerolipid,Triacylglycerols,Triacylglycerols,TAG(18:4/18:4/22:6) [M+NH4]+
x33793_1042_78384_14_088,1042.78384,14.088,22:6,33793,Unknown,NA,C62H105N3O8,[M + Na]+,C62H105N3O8,Unknown,0.7930548787117004,Unknown,0.7820692658424377,Unknown,0.2809326648712158,Alpha amino acids and derivatives,0.9403141140937804,NA,NA,NA,NA,NA,NA,NA,NA,NA
x38140_910_78372_15_428,910.78372,15.428,22:6,38140,Triacylglycerols,TAG(17:0/18:1/20:5) [M+NH4]+,C56H105NO6,[M + Na]+,C56H105NO6,Fatty acids,0.9977693557739258,Unknown,0.4689919650554657,Unknown,0.6647961735725403,N-acyl amines,0.9780974984169006,NA,NA,NA,NA,NA,Glycerolipid,Triacylglycerols,Triacylglycerols,TAG(17:0/18:1/20:5) [M+NH4]+
x38558_882_75631_15_62,882.75631,15.62,22:6,38558,Triacylglycerols,NA,C54H101NO6,[M + Na]+,C54H101NO6,Fatty acids,0.9998252987861632,Glycerolipids,0.8997273445129395,Triacylglycerols,0.9855905771255492,Unknown,0.5295730233192444,NA,NA,NA,NA,NA,NA,NA,NA,NA
x37481_908_76829_15_173,908.76829,15.173,22:6,37481,Unknown,NA,C24H16Cl2O18S7,[M + Na]+,C24H16Cl2O18S7,Unknown,0.4174270033836365,Unknown,0.2810012102127075,Unknown,0.293089359998703,Unknown,0.7609964609146118,NA,NA,NA,NA,NA,NA,NA,NA,NA
x37003_1024_82664_15_03,1024.82664,15.03,22:6,37003,Unknown,NA,C62H109N3O8,[M + H]+,C62H109N3O8,Unknown,0.6382922530174255,Unknown,0.7769423127174377,Unknown,0.38990986347198486,Alpha amino acids and derivatives,0.9012998938560486,NA,NA,NA,NA,NA,NA,NA,NA,NA
x38278_928_77099_15_494,928.77099,15.494,22:6,38278,MADAG,MADAG(O-16:0/20:5/22:6) [M+NH4]+,C59H103NO5,[M + Na]+,C59H103NO5,Fatty acids,0.999297022819519,Unknown,0.8281952142715454,Triacylglycerols,0.9768112897872924,N-acyl amines,0.8960314393043518,NA,NA,NA,NA,NA,Glycerolipid,Monoalkyldiacylglycerols,MADAG,MADAG(O-16:0/20:5/22:6) [M+NH4]+
x32889_964_73447_13_841,964.73447,13.841,22:6,32889,Triacylglycerols,TAG(18:3/20:5/22:6) [M+NH4]+,NA,NA,NA,Unknown,NA,Unknown,NA,Unknown,NA,Unknown,NA,NA,NA,NA,NA,NA,Glycerolipid,Triacylglycerols,Triacylglycerols,TAG(18:3/20:5/22:6) [M+NH4]+
x38093_936_79898_15_393,936.79898,15.393,22:6,38093,Unknown,NA,C55H105N3O8,[M + H]+,C55H105N3O8,Polyketides,0.9362578392028807,Unknown,0.8065242767333984,Unknown,0.8234166502952576,Unknown,0.7108147740364075,NA,NA,NA,NA,NA,NA,NA,NA,NA
x38801_904_77237_15_725,904.77237,15.725,22:6,38801,MADAG,MADAG(O-16:0/20:4/20:5) / (O-16:0/18:3/22:6) [M+NH4]+,C57H103NO5,[M + Na]+,C57H103NO5,Fatty acids,0.9998886585235596,Glycerolipids,0.9809788465499878,Triacylglycerols,0.9864641427993774,Unknown,0.7148334980010986,NA,NA,NA,NA,NA,Glycerolipid,Monoalkyldiacylglycerols,MADAG,MADAG(O-16:0/20:4/20:5) / (O-16:0/18:3/22:6) [M+NH4]+
x37291_1046_81304_15_115,1046.81304,15.115,22:6,37291,Unknown,NA,C62H109N3O8,[M + Na]+,C62H109N3O8,Unknown,0.7170190215110779,Unknown,0.7939493060112,Unknown,0.2144259661436081,Unknown,0.7501550912857056,NA,NA,NA,NA,NA,NA,NA,NA,NA
x38811_978_84381_15_761,978.84381,15.761,22:6,38811,Unknown,NA,C54H107N9O6,[M + H]+,C54H107N9O6,Unknown,0.7455834746360779,Unknown,0.8074512481689453,Unknown,0.5970759391784668,Unknown,0.6633011698722839,NA,NA,NA,NA,NA,NA,NA,NA,NA
x21669_630_50796_10_315,630.50796,10.315,22:6,21669,Unknown,NA,NA,NA,NA,Unknown,NA,Unknown,NA,Unknown,NA,Unknown,NA,NA,NA,NA,NA,NA,NA,NA,NA,NA
x38924_952_82908_15_791,952.82908,15.791,22:6,38924,Triacylglycerols,TAG(18:0/18:0/22:6) [M+NH4]+,C59H111NO6,[M + Na]+,C59H111NO6,Fatty acids,0.999985694885254,Glycerolipids,0.9928659200668336,Triacylglycerols,0.9994300007820128,Triacylglycerols,0.9963209629058838,NA,NA,NA,NA,NA,Glycerolipid,Triacylglycerols,Triacylglycerols,TAG(18:0/18:0/22:6) [M+NH4]+
x41270_1006_88143_16_956,1006.88143,16.956,22:6,41270,Triacylglycerols,NA,C63H117NO6,[M + Na]+,C63H117NO6,Fatty acids,0.9986711740493774,Unknown,0.7937726974487305,Triacylglycerols,0.957243025302887,N-acyl amines,0.9074950218200684,NA,NA,NA,NA,NA,NA,NA,NA,NA
x22067_656_52413_10_426,656.52413,10.426,22:6,22067,Unknown,NA,NA,NA,NA,Unknown,NA,Unknown,NA,Unknown,NA,Unknown,NA,NA,NA,NA,NA,NA,NA,NA,NA,NA
x39474_964_8673_15_982,964.8673,15.982,22:6,39474,Triacylglycerols,NA,C63H113NO5,[M + H]+,C63H113NO5,Fatty acids,0.9998437166213988,Glycerolipids,0.9819263815879822,Triacylglycerols,0.9963435530662536,Unknown,0.5108606219291687,NA,NA,NA,NA,NA,NA,NA,NA,NA
x32755_784_64567_13_832,784.64567,13.832,22:6,32755,Unknown,NA,C49H85NO6,[M + H]+,C49H85NO6,Fatty acids,0.9941595792770386,Unknown,0.3881940543651581,Unknown,0.4427223801612854,N-acyl-alpha amino acids,0.9030203819274902,NA,NA,NA,NA,NA,NA,NA,NA,NA
x39967_958_81624_16_19,958.81624,16.19,22:6,39967,Triacylglycerols,NA,C61H109NO5,[M + Na]+,C61H109NO5,Fatty acids,0.9964994192123412,Unknown,0.7078522443771362,Triacylglycerols,0.9100956916809082,Unknown,0.5782198309898376,NA,NA,NA,NA,NA,NA,NA,NA,NA
x19307_704_52276_9_07,704.52276,9.07,22:6,19307,Diacylglycerols,DAG(42:11) [M+NH4]+,NA,NA,NA,Unknown,NA,Unknown,NA,Unknown,NA,Unknown,NA,NA,NA,NA,NA,NA,Glycerolipid,Diacylglycerols,Diacylglycerols,DAG(42:11) [M+NH4]+
x39428_910_82147_15_939,910.82147,15.939,22:6,39428,MADAG,MADAG(O-18:0/16:0/22:6) [M+NH4]+,NA,NA,NA,Unknown,NA,Unknown,NA,Unknown,NA,Unknown,NA,NA,NA,NA,NA,NA,Glycerolipid,Monoalkyldiacylglycerols,MADAG,MADAG(O-18:0/16:0/22:6) [M+NH4]+
x9849_486_33804_5_204,486.33804,5.204,22:6,9849,Unknown,NA,C33H43NO2,[M + H]+,C33H43NO2,Unknown,0.5275671482086182,Unknown,0.13842952251434326,Unknown,0.09267767518758774,Unknown,0.6051703691482544,NA,NA,NA,NA,NA,NA,NA,NA,NA
x12395_452_35157_6_187,452.35157,6.187,22:6,12395,Unknown,NA,C30H45NO2,[M + H]+,C30H45NO2,Unknown,0.5603600740432739,Unknown,0.34130504727363586,Unknown,0.4211167097091675,Unknown,0.7442737817764282,NA,NA,NA,NA,NA,NA,NA,NA,NA
x40817_936_83793_16_662,936.83793,16.662,22:6,40817,MADAG,MADAG(O-18:0/20:3/22:4) [M+NH4]+,NA,NA,NA,Unknown,NA,Unknown,NA,Unknown,NA,Unknown,NA,NA,NA,NA,NA,NA,Glycerolipid,Monoalkyldiacylglycerols,MADAG,MADAG(O-18:0/20:3/22:4) [M+NH4]+
x20254_814_56996_9_564,814.56996,9.564,22:6,20254,Unknown,NA,C48H77N3O6,[M + Na]+,C48H77N3O6,Unknown,0.6306226253509521,Unknown,0.5543267130851746,Unknown,0.7205106019973755,Unknown,0.6432579159736633,NA,NA,NA,NA,NA,NA,NA,NA,NA
x20215_558_43169_9_537,558.43169,9.537,22:6,20215,Unknown,NA,C38H55NO2,[M + H]+,C38H55NO2,Unknown,0.6242345571517944,Unknown,0.2845059931278229,Unknown,0.23095181584358215,Unknown,0.5617097020149231,NA,NA,NA,NA,NA,NA,NA,NA,NA
x33670_990_75071_14_059,990.75071,14.059,22:6,33670,Triacylglycerols,TAG(18:3/22:6/22:6) [M+NH4]+,C58H101N3O8,[M + Na]+,C58H101N3O8,Unknown,0.6611584424972534,Unknown,0.8168299198150635,Unknown,0.2036316990852356,Alpha amino acids and derivatives,0.9191169738769532,NA,NA,NA,NA,NA,Glycerolipid,Triacylglycerols,Triacylglycerols,TAG(18:3/22:6/22:6) [M+NH4]+
x39750_938_82094_16_111,938.82094,16.111,22:6,39750,Triacylglycerols,NA,C60H107NO6,[M + H]+,C60H107NO6,Fatty acids,0.9944661259651184,Unknown,0.45441868901252747,Triacylglycerols,0.8871286511421204,N-acyl amines,0.935794711112976,NA,NA,NA,NA,NA,NA,NA,NA,NA
x27412_712_58566_12_563,712.58566,12.563,22:6,27412,Unknown,NA,NA,NA,NA,Unknown,NA,Unknown,NA,Unknown,NA,Unknown,NA,NA,NA,NA,NA,NA,NA,NA,NA,NA
x39113_956_80212_15_862,956.80212,15.862,22:6,39113,MADAG,MADAG(O-18/20:5/22:6) [M+NH4]+,C61H107NO5,[M + Na]+,C61H107NO5,Fatty acids,0.9995757937431335,Glycerolipids,0.8921727538108826,Triacylglycerols,0.9980334639549256,Unknown,0.836615264415741,NA,NA,NA,NA,NA,Glycerolipid,Monoalkyldiacylglycerols,MADAG,MADAG(O-18/20:5/22:6) [M+NH4]+
x35987_854_72266_14_671,854.72266,14.671,22:6,35987,Triacylglycerols,NA,C54H95NO6,[M + H]+,C54H95NO6,Fatty acids,0.9975225329399108,Unknown,0.5722711682319641,Triacylglycerols,0.8724148273468018,N-acyl amines,0.9349057078361512,NA,NA,NA,NA,NA,NA,NA,NA,NA
x36923_1048_82972_14_979,1048.82972,14.979,22:6,36923,Triacylglycerols,TAG(16:0/22:6/28:8) [M+NH4]+,C44H30Br4N4S3,[M + Na]+,C44H30Br4N4S3,Unknown,0.28079378604888916,Unknown,0.3251084089279175,Unknown,0.12290598452091216,Unknown,0.5996679663658142,NA,NA,NA,NA,NA,Glycerolipid,Triacylglycerols,Triacylglycerols,TAG(16:0/22:6/28:8) [M+NH4]+
x36130_972_79507_14_703,972.79507,14.703,22:6,36130,Triacylglycerols,TAG(16:0/22:4/22:6) / 20:5 28:7 [M+NH4]+,C61H107NO6,[M + Na]+,C61H107NO6,Fatty acids,0.9993515610694884,Unknown,0.8070920705795288,Triacylglycerols,0.9879398345947266,Unknown,0.7802290916442871,NA,NA,NA,NA,NA,Glycerolipid,Triacylglycerols,Triacylglycerols,TAG(16:0/22:4/22:6) / 20:5 28:7 [M+NH4]+
x38913_728_63369_15_749,728.63369,15.749,22:6,38913,Unknown,NA,C48H83NO2,[M + Na]+,C48H83NO2,Unknown,0.8367886543273926,Unknown,0.7820820808410645,Unknown,0.5260465145111084,Delta-5-steroids,0.9650534987449646,NA,NA,NA,NA,NA,NA,NA,NA,NA
x38075_976_82828_15_434,976.82828,15.434,22:6,38075,Triacylglycerols,TAG(16:0/16:0/28:8) [M+NH4]+,C54H105N9O6,[M + H]+,C54H105N9O6,Unknown,0.8364898562431335,Unknown,0.8370433449745178,Unknown,0.5211344957351685,Unknown,0.5305091738700867,NA,NA,NA,NA,NA,Glycerolipid,Triacylglycerols,Triacylglycerols,TAG(16:0/16:0/28:8) [M+NH4]+
x22634_682_541_10_805,682.541,10.805,22:6,22634,Diacylglycerols,DAG(40:8) [M+NH4]+,NA,NA,NA,Unknown,NA,Unknown,NA,Unknown,NA,Unknown,NA,NA,NA,NA,NA,NA,Glycerolipid,Diacylglycerols,Diacylglycerols,DAG(40:8) [M+NH4]+
x33244_1043_785_14_042,1043.785,14.042,22:6,33244,Unknown,NA,C74H98N4,[M + H]+,C74H98N4,Unknown,0.7854156494140625,Unknown,0.66490936279296875,Unknown,0.08485011756420135,Unknown,0.5674186944961548,NA,NA,NA,NA,NA,NA,NA,NA,NA
x31780_784_64511_13_63,784.64511,13.63,22:6,31780,Unknown,NA,C49H85NO6,[M + H]+,C49H85NO6,Fatty acids,0.998713493347168,Unknown,0.2606756389141083,Unknown,0.22227877378463745,N-acyl amines,0.975395917892456,NA,NA,NA,NA,NA,NA,NA,NA,NA
x36839_854_72295_14_966,854.72295,14.966,22:6,36839,Unknown,NA,C54H95NO6,[M + H]+,C54H95NO6,Fatty acids,0.9928123354911804,Unknown,0.523908793926239,Unknown,0.6045833826065063,N-acyl amines,0.9609790444374084,NA,NA,NA,NA,NA,NA,NA,NA,NA
x35589_1068_79921_14_553,1068.79921,14.553,22:6,35589,Unknown,NA,C66H105N3O8,[M + H]+,C66H105N3O8,Unknown,0.6436461210250854,Unknown,0.731916606426239,Unknown,0.3353421986103058,Alpha amino acids and derivatives,0.947648286819458,NA,NA,NA,NA,NA,NA,NA,NA,NA
x37921_902_76035_15_35,902.76035,15.35,22:6,37921,MADAG,MADAG(O-16:0/20:5/20:5) [M+NH4]+,C57H101NO5,[M + Na]+,C57H101NO5,Fatty acids,0.9952771663665771,Glycerolipids,0.8665295243263245,Triacylglycerols,0.9278913140296936,Unknown,0.786795973777771,NA,NA,NA,NA,NA,Glycerolipid,Monoalkyldiacylglycerols,MADAG,MADAG(O-16:0/20:5/20:5) [M+NH4]+
x19258_758_55728_9_068,758.55728,9.068,22:6,19258,Unknown,NA,C35H71N11O7,[M + H]+,C35H71N11O7,Unknown,0.05003904178738594,Unknown,0.08657054603099823,Unknown,0.06584574282169342,Unknown,0.6112229228019714,NA,NA,NA,NA,NA,NA,NA,NA,NA
x32297_986_72339_13_745,986.72339,13.745,22:6,32297,Triacylglycerols,NA,C63H97NO6,[M + Na]+,C63H97NO6,Fatty acids,0.9807934761047364,Unknown,0.509184718132019,Triacylglycerols,0.9195188879966736,N-acyl amines,0.905864119529724,NA,NA,NA,NA,NA,NA,NA,NA,NA
x39629_910_7872_16_023,910.7872,16.023,22:6,39629,Triacylglycerols,TAG(17:0/18:1/20:5) [M+NH4]+,C56H105NO6,[M + Na]+,C56H105NO6,Fatty acids,0.9958327412605286,Unknown,0.8114339113235474,Unknown,0.7460660934448242,N-acyl amines,0.9689379930496216,NA,NA,NA,NA,NA,Glycerolipid,Triacylglycerols,Triacylglycerols,TAG(17:0/18:1/20:5) [M+NH4]+
x30232_756_61457_13_277,756.61457,13.277,22:6,30232,Triacylglycerols,NA,C45H83NO6,[M + Na]+,C45H83NO6,Fatty acids,0.9994589686393738,Unknown,0.6812127232551575,Triacylglycerols,0.8748211860656738,N-acyl amines,0.9406548738479614,NA,NA,NA,NA,NA,NA,NA,NA,NA
x40089_1008_89624_16_263,1008.89624,16.263,22:6,40089,Triacylglycerols,NA,C63H119NO6,[M + Na]+,C63H119NO6,Fatty acids,0.9987601041793824,Unknown,0.5075068473815918,Triacylglycerols,0.8907884955406189,N-acyl amines,0.915719747543335,NA,NA,NA,NA,NA,NA,NA,NA,NA
x38441_714_61788_15_561,714.61788,15.561,22:6,38441,Unknown,NA,C49H79NO2,[M + H]+,C49H79NO2,Unknown,0.7841345071792603,Unknown,0.8425401449203491,Unknown,0.4300130307674408,Delta-5-steroids,0.9930277466773988,NA,NA,NA,NA,NA,NA,NA,NA,NA
x37297_728_63347_15_121,728.63347,15.121,22:6,37297,Unknown,NA,C48H83NO2,[M + Na]+,C48H83NO2,Fatty acids,0.9652377367019652,Unknown,0.5134186148643494,Unknown,0.28716033697128296,Unknown,0.5225731134414673,NA,NA,NA,NA,NA,NA,NA,NA,NA
x32478_1014_7525_13_799,1014.7525,13.799,22:6,32478,Triacylglycerols,TAG(20:5/22:6/22:6) [M+NH4]+,C31H23I4O5P,[M + H]+,C31H23I4O5P,Shikimates and Phenylpropanoids,0.9963950514793396,Unknown,0.631908655166626,Unknown,0.15111175179481506,Unknown,0.5273783802986145,NA,NA,NA,NA,NA,Glycerolipid,Triacylglycerols,Triacylglycerols,TAG(20:5/22:6/22:6) [M+NH4]+
x26537_642_52509_12_38,642.52509,12.38,22:6,26537,Unknown,NA,C42H69NO2,[M + Na]+,C42H69NO2,Unknown,0.7492533922195435,Unknown,0.25045523047447205,Unknown,0.16897262632846832,Unknown,0.5478985905647278,NA,NA,NA,NA,NA,NA,NA,NA,NA
x33204_1040_77157_13_978,1040.77157,13.978,22:6,33204,Triacylglycerols,TAG(22:6/22:6/22:6) [M+NH4]+,C67H103NO6,[M + Na]+,C67H103NO6,Fatty acids,0.9662771224975586,Unknown,0.2943017780780792,Unknown,0.5551410913467407,Unknown,0.7590133547782898,NA,NA,NA,NA,NA,Glycerolipid,Triacylglycerols,Triacylglycerols,TAG(22:6/22:6/22:6) [M+NH4]+
x7791_428_3168_4_461,428.3168,4.461,22:6,7791,Unknown,NA,C27H41NO3,[M + H]+,C27H41NO3,Unknown,0.6647774577140808,Unknown,0.6201071739196777,Unknown,0.419002503156662,Unknown,0.6883512139320374,NA,NA,NA,NA,NA,NA,NA,NA,NA
x39008_882_78868_15_795,882.78868,15.795,22:6,39008,MADAG,MADAG(O-16:0/16:0/22:6) [M+NH4]+,NA,NA,NA,Unknown,NA,Unknown,NA,Unknown,NA,Unknown,NA,NA,NA,NA,NA,NA,Glycerolipid,Monoalkyldiacylglycerols,MADAG,MADAG(O-16:0/16:0/22:6) [M+NH4]+
x9810_462_33807_5_167,462.33807,5.167,22:6,9810,Unknown,NA,C31H43NO2,[M + H]+,C31H43NO2,Unknown,0.3857828080654144,Unknown,0.24519650638103485,Unknown,0.26656731963157654,Unknown,0.574046790599823,NA,NA,NA,NA,NA,NA,NA,NA,NA
x12485_500_35304_6_224,500.35304,6.224,22:6,12485,Unknown,NA,C34H45NO2,[M + H]+,C34H45NO2,Unknown,0.4204660952091217,Unknown,0.23764123022556305,Unknown,0.25992581248283386,Unknown,0.6736465096473694,NA,NA,NA,NA,NA,NA,NA,NA,NA
x21719_706_54136_10_324,706.54136,10.324,22:6,21719,Diacylglycerols,DAG(20:4/22:6) [M+NH4]+,NA,NA,NA,Unknown,NA,Unknown,NA,Unknown,NA,Unknown,NA,NA,NA,NA,NA,NA,Glycerolipid,Diacylglycerols,Diacylglycerols,DAG(20:4/22:6) [M+NH4]+
x38099_1048_82763_15_418,1048.82763,15.418,22:6,38099,Triacylglycerols,TAG(16:0/22:6/28:8) [M+NH4]+,NA,NA,NA,Unknown,NA,Unknown,NA,Unknown,NA,Unknown,NA,NA,NA,NA,NA,NA,Glycerolipid,Triacylglycerols,Triacylglycerols,TAG(16:0/22:6/28:8) [M+NH4]+
x40498_938_81727_16_462,938.81727,16.462,22:6,40498,Unknown,NA,C28H36O2S16,[M + Na]+,C28H36O2S16,Unknown,0.28596922755241394,Unknown,0.0293812844902277,Unknown,0.01396812405437231,Unknown,0.5682258009910583,NA,NA,NA,NA,NA,NA,NA,NA,NA
x10165_450_33819_5_34,450.33819,5.34,22:6,10165,Unknown,NA,C30H43NO2,[M + H]+,C30H43NO2,Unknown,0.43936887383461,Unknown,0.17340689897537231,Unknown,0.18296808004379272,Unknown,0.8098655343055725,NA,NA,NA,NA,NA,NA,NA,NA,NA
x41448_938_85548_17_138,938.85547999999994,17.138,22:6,41448,MADAG,MADAG(58:6) [M+NH4]+,NA,NA,NA,Unknown,NA,Unknown,NA,Unknown,NA,Unknown,NA,NA,NA,NA,NA,NA,Glycerolipid,Monoalkyldiacylglycerols,MADAG,MADAG(58:6) [M+NH4]+
x38659_958_81894_15_652,958.81894,15.652,22:6,38659,MADAG,MADAG(O-16:0/22:4/22:6) [M+NH4]+,C61H109NO5,[M + Na]+,C61H109NO5,Fatty acids,0.9987975358963012,Unknown,0.8241291642189026,Triacylglycerols,0.9570568203926086,N-acyl amines,0.9318047761917114,NA,NA,NA,NA,NA,Glycerolipid,Monoalkyldiacylglycerols,MADAG,MADAG(O-16:0/22:4/22:6) [M+NH4]+
x30217_714_60114_13_253,714.60114,13.253,22:6,30217,Unknown,NA,NA,NA,NA,Unknown,NA,Unknown,NA,Unknown,NA,Unknown,NA,NA,NA,NA,NA,NA,NA,NA,NA,NA
x41354_964_86976_17_03,964.86976,17.03,22:6,41354,Triacylglycerols,NA,C61H115NO5,[M + Na]+,C61H115NO5,Fatty acids,0.9985435009002686,Unknown,0.6126735806465149,Triacylglycerols,0.9868676662445068,Unknown,0.748461902141571,NA,NA,NA,NA,NA,NA,NA,NA,NA
x33333_810_65781_13_942,810.65781,13.942,22:6,33333,Unknown,NA,C49H89NO6,[M + Na]+,C49H89NO6,Fatty acids,0.9966155886650084,Unknown,0.4938950538635254,Unknown,0.377102255821228,N-acyl amines,0.9527198672294616,NA,NA,NA,NA,NA,NA,NA,NA,NA
x28412_868_64442_12_839,868.64442,12.839,22:6,28412,Unknown,NA,C51H85N3O8,[M + H]+,C51H85N3O8,Polyketides,0.9774567484855652,Oligopeptides,0.8509779572486877,Unknown,0.7456029057502747,Unknown,0.531298816204071,NA,NA,NA,NA,NA,NA,NA,NA,NA
x39442_936_83337_15_965,936.83337,15.965,22:6,39442,Unknown,NA,NA,NA,NA,Unknown,NA,Unknown,NA,Unknown,NA,Unknown,NA,NA,NA,NA,NA,NA,NA,NA,NA,NA
x37398_880_73458_15_14,880.73458,15.14,22:6,37398,Unknown,NA,C54H99NO6,[M + Na]+,C54H99NO6,Fatty acids,0.994770348072052,Sphingolipids,0.9873377084732056,Unknown,0.7781080603599548,Unknown,0.5415585041046143,NA,NA,NA,NA,NA,NA,NA,NA,NA
x31341_982_74378_13_544,982.74378,13.544,22:6,31341,Unknown,NA,C61H101NO7,[M + Na]+,C61H101NO7,Unknown,0.7490191459655762,Unknown,0.10730733722448348,Unknown,0.2712402939796448,N-acyl amines,0.9412249326705932,NA,NA,NA,NA,NA,NA,NA,NA,NA
x35700_914_72082_14_575,914.72082,14.575,22:6,35700,Triacylglycerols,TAG(14:0/20:5/22:6) [M+NH4]+,C57H97NO6,[M + Na]+,C57H97NO6,Fatty acids,0.9904145002365112,Unknown,0.16247570514678955,Unknown,0.4793285429477692,N-acyl amines,0.95359039306640625,NA,NA,NA,NA,NA,Glycerolipid,Triacylglycerols,Triacylglycerols,TAG(14:0/20:5/22:6) [M+NH4]+
x36491_1120_83216_14_844,1120.83216,14.844,22:6,36491,Unknown,NA,C55H105N15O9,[M + H]+,C55H105N15O9,Amino acids and Peptides,0.980463683605194,Oligopeptides,0.9652243256568908,Unknown,0.5123236179351807,Unknown,0.7016264200210571,NA,NA,NA,NA,NA,NA,NA,NA,NA
x23205_708_55802_11_166,708.55802,11.166,22:6,23205,Unknown,NA,NA,NA,NA,Unknown,NA,Unknown,NA,Unknown,NA,Unknown,NA,NA,NA,NA,NA,NA,NA,NA,NA,NA
x18990_532_41538_8_925,532.41538,8.925,22:6,18990,Unknown,NA,C36H53NO2,[M + H]+,C36H53NO2,Unknown,0.7455491423606873,Unknown,0.3070976138114929,Unknown,0.2393108457326889,Unknown,0.802570641040802,NA,NA,NA,NA,NA,NA,NA,NA,NA
x29237_756_614_13_07,756.614,13.07,22:6,29237,Triacylglycerols,NA,C45H83NO6,[M + Na]+,C45H83NO6,Fatty acids,0.998329222202301,Glycerolipids,0.9321922659873962,Triacylglycerols,0.9906253814697266,Triacylglycerols,0.9285719990730286,NA,NA,NA,NA,NA,NA,NA,NA,NA
x40234_1052_86327_16_304,1052.86327,16.304,22:6,40234,Unknown,NA,C54H109N13O7,[M + H]+,C54H109N13O7,Unknown,0.6616721153259277,Unknown,0.7871167063713074,Unknown,0.5224727392196655,Unknown,0.7042437791824341,NA,NA,NA,NA,NA,NA,NA,NA,NA
x16351_780_61612_7_821,780.61612,7.821,22:6,16351,Unknown,NA,C49H81NO6,[M + H]+,C49H81NO6,Fatty acids,0.9881981015205384,Unknown,0.805812418460846,Unknown,0.732278048992157,Unknown,0.5378428101539612,NA,NA,NA,NA,NA,NA,NA,NA,NA
x12229_906_53883_6_114,906.53883,6.114,22:6,12229,Unknown,NA,C45H79NO17,[M + H]+,C45H79NO17,Polyketides,0.9530370235443116,Macrolides,0.8773042559623718,Unknown,0.419354259967804,Aminoglycosides,0.9959468245506288,NA,NA,NA,NA,NA,NA,NA,NA,NA
x36043_1094_8149_14_695,1094.8149,14.695,22:6,36043,Unknown,NA,C53H103N15O9,[M + H]+,C53H103N15O9,Amino acids and Peptides,0.987246870994568,Oligopeptides,0.9591484665870668,Unknown,0.21629613637924192,Unknown,0.6796163320541382,NA,NA,NA,NA,NA,NA,NA,NA,NA
x40571_986_84845_16_452,986.84845,16.452,22:6,40571,MADAG,MADAG(O-18/22:4/22:6) [M+NH4]+,C58H116NO8P,[M + H]+,C58H116NO8P,Fatty acids,0.9999878406524658,Glycerophospholipids,0.999857783317566,Glycerophosphoethanolamines,0.9963458180427552,Dimethylphosphatidylethanolamines,0.9730966687202454,NA,NA,NA,NA,NA,Glycerolipid,Monoalkyldiacylglycerols,MADAG,MADAG(O-18/22:4/22:6) [M+NH4]+
x16633_676_49582_7_965,676.49582,7.965,22:6,16633,Diacylglycerols,DAG(18:5/22:6) [M+NH4]+,NA,NA,NA,Unknown,NA,Unknown,NA,Unknown,NA,Unknown,NA,NA,NA,NA,NA,NA,Glycerolipid,Diacylglycerols,Diacylglycerols,DAG(18:5/22:6) [M+NH4]+
x41107_966_85092_16_839,966.85092,16.839,22:6,41107,Triacylglycerols,NA,C62H111NO6,[M + H]+,C62H111NO6,Fatty acids,0.9947840571403505,Unknown,0.3890032768249512,Triacylglycerols,0.9241281747817992,N-acyl amines,0.9001303315162659,NA,NA,NA,NA,NA,NA,NA,NA,NA
x25452_528_37596_12_049,528.37596,12.049,22:6,25452,Unknown,NA,C26H49N5O6,[M + H]+,C26H49N5O6,Unknown,0.3448251485824585,Unknown,0.09138784557580948,Unknown,0.16251569986343384,N-acyl-alpha amino acids and derivatives,0.9435080885887146,NA,NA,NA,NA,NA,NA,NA,NA,NA
x11753_630_47311_5_925,630.47311,5.925,22:6,11753,Unknown,NA,NA,NA,NA,Unknown,NA,Unknown,NA,Unknown,NA,Unknown,NA,NA,NA,NA,NA,NA,NA,NA,NA,NA
x29308_934_71487_13_062,934.71487,13.062,22:6,29308,Unknown,NA,C56H97NO8,[M + Na]+,C56H97NO8,Unknown,0.8038834929466248,Unknown,0.21720099449157715,Unknown,0.36761724948883057,N-acyl amines,0.9431862831115724,NA,NA,NA,NA,NA,NA,NA,NA,NA
x37390_1122_84759_15_157,1122.84759,15.157,22:6,37390,Unknown,NA,C55H107N15O9,[M + H]+,C55H107N15O9,Amino acids and Peptides,0.9710113406181335,Oligopeptides,0.9387838244438172,Unknown,0.32731950283050537,Unknown,0.6338180899620056,NA,NA,NA,NA,NA,NA,NA,NA,NA
x8417_596_43272_4_688,596.43272,4.688,22:6,8417,Unknown,NA,NA,NA,NA,Unknown,NA,Unknown,NA,Unknown,NA,Unknown,NA,NA,NA,NA,NA,NA,NA,NA,NA,NA
x39654_754_64866_16_07,754.64866,16.07,22:6,39654,Unknown,NA,C47H83N3O4,[M + H]+,C47H83N3O4,Unknown,0.6352308392524719,Unknown,0.4867776334285736,Unknown,0.4378060698509216,Unknown,0.581038773059845,NA,NA,NA,NA,NA,NA,NA,NA,NA
x12393_628_49383_6_171,628.49383,6.171,22:6,12393,Unknown,NA,NA,NA,NA,Unknown,NA,Unknown,NA,Unknown,NA,Unknown,NA,NA,NA,NA,NA,NA,NA,NA,NA,NA
x15580_504_38402_7_5,504.38402,7.5,22:6,15580,Unknown,NA,C27H47BN6O,[M + Na]+,C27H47BN6O,Unknown,0.14403069019317627,Unknown,0.12174684554338457,Unknown,0.13705885410308838,Unknown,0.6893565654754639,NA,NA,NA,NA,NA,NA,NA,NA,NA
x37424_904_77147_15_162,904.77147,15.162,22:6,37424,MADAG,MADAG(O-16:0/20:4/20:5) / (O-16:0/18:3/22:6) [M+NH4]+,C57H103NO5,[M + Na]+,C57H103NO5,Fatty acids,0.9997796416282654,Glycerolipids,0.9069713354110718,Triacylglycerols,0.9945216178894044,N-acyl amines,0.9212979674339294,NA,NA,NA,NA,NA,Glycerolipid,Monoalkyldiacylglycerols,MADAG,MADAG(O-16:0/20:4/20:5) / (O-16:0/18:3/22:6) [M+NH4]+
x39619_936_80444_16_023,936.80444,16.023,22:6,39619,Triacylglycerols,NA,C60H105NO6,[M + H]+,C60H105NO6,Fatty acids,0.999207079410553,Glycerolipids,0.950930953025818,Triacylglycerols,0.9982874989509584,Unknown,0.5054320096969604,NA,NA,NA,NA,NA,NA,NA,NA,NA
x25081_736_58953_11_922,736.58953,11.922,22:6,25081,Unknown,NA,NA,NA,NA,Unknown,NA,Unknown,NA,Unknown,NA,Unknown,NA,NA,NA,NA,NA,NA,NA,NA,NA,NA
x20271_508_41511_9_588,508.41511,9.588,22:6,20271,Unknown,NA,C34H53NO2,[M + H]+,C34H53NO2,Unknown,0.8356760144233704,Unknown,0.2996828854084015,Unknown,0.24732327461242676,Unknown,0.6264035105705261,NA,NA,NA,NA,NA,NA,NA,NA,NA
x37893_880_77556_15_37,880.77556,15.37,22:6,37893,Unknown,NA,NA,NA,NA,Unknown,NA,Unknown,NA,Unknown,NA,Unknown,NA,NA,NA,NA,NA,NA,NA,NA,NA,NA
x7524_460_32276_4_393,460.32276,4.393,22:6,7524,Unknown,NA,C31H41NO2,[M + H]+,C31H41NO2,Unknown,0.5104775428771973,Unknown,0.4977656900882721,Unknown,0.12444545328617096,Unknown,0.6886383295059204,NA,NA,NA,NA,NA,NA,NA,NA,NA
x35707_999_81683_14_604,999.81683,14.604,22:6,35707,Triacylglycerols,NA,C69H106O4,[M + H]+,C69H106O4,Fatty acids,0.9847943186759948,Glycerolipids,0.9793387055397034,Triacylglycerols,0.9486546516418456,Unknown,0.8103632926940918,NA,NA,NA,NA,NA,NA,NA,NA,NA
x26297_700_54953_12_3,700.54953,12.3,22:6,26297,Unknown,NA,C41H75NO6,[M + Na]+,C41H75NO6,Fatty acids,0.9879536628723145,Unknown,0.5329418182373047,Unknown,0.46948713064193726,Unknown,0.5703262686729431,NA,NA,NA,NA,NA,NA,NA,NA,NA
x36293_928_74091_14_787,928.74091,14.787,22:6,36293,Unknown,NA,C52H99N5O7,[M + Na]+,C52H99N5O7,Amino acids and Peptides,0.8628911375999451,Oligopeptides,0.90826416015625,Unknown,0.3409281075000763,Unknown,0.6528564691543579,NA,NA,NA,NA,NA,NA,NA,NA,NA
x37369_956_79766_15_15,956.79766,15.15,22:6,37369,Unknown,NA,C34H29Br5N2O6,[M + H]+,C34H29Br5N2O6,Unknown,0.2074797749519348,Unknown,0.06333193928003311,Unknown,0.10630562156438828,Unknown,0.5400213599205017,NA,NA,NA,NA,NA,NA,NA,NA,NA
x17599_506_39886_8_359,506.39886,8.359,22:6,17599,Unknown,NA,C32H53NO2,[M + Na]+,C32H53NO2,Terpenoids,0.9578171968460084,Unknown,0.7580767273902893,Unknown,0.44944804906845093,Unknown,0.6217206120491028,NA,NA,NA,NA,NA,NA,NA,NA,NA
x32860_742_63355_13_863,742.63355,13.863,22:6,32860,Unknown,NA,NA,NA,NA,Unknown,NA,Unknown,NA,Unknown,NA,Unknown,NA,NA,NA,NA,NA,NA,NA,NA,NA,NA
x39949_894_79273_16_182,894.79273,16.182,22:6,39949,Unknown,NA,NA,NA,NA,Unknown,NA,Unknown,NA,Unknown,NA,Unknown,NA,NA,NA,NA,NA,NA,NA,NA,NA,NA
x40530_1222_99367_16_466,1222.99367,16.466,22:6,40530,Unknown,NA,C72H129N6O9,[M + H]+,C72H129N6O9,Unknown,0.8410711288452148,Oligopeptides,0.8872790932655334,Unknown,0.4410785734653473,Unknown,0.836205005645752,NA,NA,NA,NA,NA,NA,NA,NA,NA
x4272_472_34201_3_411,472.34201,3.411,22:6,4272,Unknown,NA,C27H47NO4,[M + Na]+,C27H47NO4,Unknown,0.5764421820640564,Unknown,0.4561397135257721,Unknown,0.7672640085220337,Unknown,0.6989696621894836,NA,NA,NA,NA,NA,NA,NA,NA,NA
x28805_532_40806_12_953,532.40806,12.953,22:6,28805,Unknown,NA,C27H49N9O2,[M + H]+,C27H49N9O2,Unknown,0.4527060091495514,Unknown,0.29452067613601685,Unknown,0.753903329372406,Unknown,0.5759561657905579,NA,NA,NA,NA,NA,NA,NA,NA,NA
x31153_948_70654_13_468,948.70654,13.468,22:6,31153,Unknown,NA,C60H95NO6,[M + Na]+,C60H95NO6,Fatty acids,0.9707419276237488,Unknown,0.5144380927085876,Unknown,0.8260369896888733,N-acyl amines,0.8736730217933655,NA,NA,NA,NA,NA,NA,NA,NA,NA
x33339_822_65791_13_956,822.65791,13.956,22:6,33339,Unknown,NA,C50H89NO6,[M + Na]+,C50H89NO6,Fatty acids,0.9815469980239868,Sphingolipids,0.905574381351471,Unknown,0.4613964259624481,N-acyl amines,0.9559056162834167,NA,NA,NA,NA,NA,NA,NA,NA,NA
x5668_438_33639_3_781,438.33639,3.781,22:6,5668,Unknown,NA,C27H45NO2,[M + Na]+,C27H45NO2,Fatty acids,0.9371419548988342,Unknown,0.5532445907592773,Unknown,0.49414852261543274,Unknown,0.5983134508132935,NA,NA,NA,NA,NA,NA,NA,NA,NA
x36539_928_76766_14_84,928.76766,14.84,22:6,36539,Unknown,NA,C66H99N,[M + Na]+,C66H99N,Terpenoids,0.8511219024658203,Unknown,0.19435058534145355,Unknown,0.23494668304920197,Unknown,0.8240340352058411,NA,NA,NA,NA,NA,NA,NA,NA,NA
x27603_728_5824_12_674,728.5824,12.674,22:6,27603,Unknown,NA,C43H79NO6,[M + Na]+,C43H79NO6,Fatty acids,0.97616845369339,Unknown,0.4847332239151001,Unknown,0.7739570140838623,N-acyl amines,0.8578035831451416,NA,NA,NA,NA,NA,NA,NA,NA,NA
x2842_491_37723_2_702,491.37723,2.702,22:6,2842,Unknown,NA,NA,NA,NA,Unknown,NA,Unknown,NA,Unknown,NA,Unknown,NA,NA,NA,NA,NA,NA,NA,NA,NA,NA
x12297_656_49089_6_132,656.49089,6.132,22:6,12297,Unknown,NA,C40H65NO6,[M + H]+,C40H65NO6,Fatty acids,0.9061902165412904,Unknown,0.8038187026977539,Unknown,0.5024462938308716,Unknown,0.70191890001297,NA,NA,NA,NA,NA,NA,NA,NA,NA
x35834_1042_78612_14_596,1042.78612,14.596,22:6,35834,Triacylglycerols,TAG(22:5/22:6/22:6) / (18:4/20:5/28:8) [M+NH4]+,C60H110NO9P,[M + Na]+,C60H110NO9P,Fatty acids,0.9999409914016724,Glycerophospholipids,0.9992228746414183,Glycerophosphoethanolamines,0.9429135918617249,Phosphatidylethanolamines,0.958053469657898,NA,NA,NA,NA,NA,Glycerolipid,Triacylglycerols,Triacylglycerols,TAG(22:5/22:6/22:6) / (18:4/20:5/28:8) [M+NH4]+
x37584_726_61857_15_215,726.61857,15.215,22:6,37584,Unknown,NA,C48H81NO2,[M + Na]+,C48H81NO2,Fatty acids,0.9220526218414308,Unknown,0.5749918222427368,Unknown,0.18778404593467712,Unknown,0.7747710943222046,NA,NA,NA,NA,NA,NA,NA,NA,NA
x38565_740_63247_15_595,740.63247,15.595,22:6,38565,Unknown,NA,C49H83NO2,[M + Na]+,C49H83NO2,Fatty acids,0.9667948484420776,Unknown,0.41538915038108826,Unknown,0.41950923204422,Unknown,0.6030961871147156,NA,NA,NA,NA,NA,NA,NA,NA,NA
x6472_478_36554_4_081,478.36554,4.081,22:6,6472,Unknown,NA,C30H49NO2,[M + Na]+,C30H49NO2,Fatty acids,0.9593816995620728,Fatty amides,0.9335510730743408,Unknown,0.8192479014396667,N-acyl amines,0.9973848462104796,NA,NA,NA,NA,NA,NA,NA,NA,NA
x18111_690_51097_8_514,690.51097,8.514,22:6,18111,Unknown,NA,NA,NA,NA,Unknown,NA,Unknown,NA,Unknown,NA,Unknown,NA,NA,NA,NA,NA,NA,NA,NA,NA,NA
x37120_954_78689_15_03,954.78689,15.03,22:6,37120,MADAG,MADAG(O-16:0/22:6/22:6) [M+NH4]+,NA,NA,NA,Unknown,NA,Unknown,NA,Unknown,NA,Unknown,NA,NA,NA,NA,NA,NA,Glycerolipid,Monoalkyldiacylglycerols,MADAG,MADAG(O-16:0/22:6/22:6) [M+NH4]+
x10765_488_35462_5_539,488.35462,5.539,22:6,10765,Unknown,NA,C33H45NO2,[M + H]+,C33H45NO2,Unknown,0.7843171954154968,Unknown,0.14315639436244965,Unknown,0.31667229533195496,Unknown,0.5851600170135498,NA,NA,NA,NA,NA,NA,NA,NA,NA
x14227_574_44595_6_938,574.44595,6.938,22:6,14227,Unknown,NA,NA,NA,NA,Unknown,NA,Unknown,NA,Unknown,NA,Unknown,NA,NA,NA,NA,NA,NA,NA,NA,NA,NA
x16034_504_38473_7_657,504.38473,7.657,22:6,16034,Unknown,NA,C34H49NO2,[M + H]+,C34H49NO2,Unknown,0.5831829309463501,Unknown,0.3939848244190216,Unknown,0.13076353073120117,Unknown,0.7032252550125122,NA,NA,NA,NA,NA,NA,NA,NA,NA
x4136_491_3703_3_353,491.3703,3.353,22:6,4136,Unknown,NA,C28H52O5,[M + Na]+,C28H52O5,Terpenoids,0.9438868165016174,Unknown,0.8079937696456909,Unknown,0.331163227558136,Unknown,0.5589340329170227,NA,NA,NA,NA,NA,NA,NA,NA,NA
x31871_742_63428_13_627,742.63428,13.627,22:6,31871,Unknown,NA,C43H79N7O3,[M + H]+,C43H79N7O3,Unknown,0.21036648750305176,Unknown,0.04332993179559707,Unknown,0.1332097351551056,Unknown,0.5034828186035156,NA,NA,NA,NA,NA,NA,NA,NA,NA
x12742_538_42567_6_321,538.42567,6.321,22:6,12742,Unknown,NA,C33H57NO3,[M + Na]+,C33H57NO3,Unknown,0.7754607796669006,Unknown,0.4233962595462799,Unknown,0.1818362921476364,Unknown,0.5063267350196838,NA,NA,NA,NA,NA,NA,NA,NA,NA
x33755_874_68955_14_075,874.68955,14.075,22:6,33755,Unknown,NA,NA,NA,NA,Unknown,NA,Unknown,NA,Unknown,NA,Unknown,NA,NA,NA,NA,NA,NA,NA,NA,NA,NA
x31409_846_65604_13_54,846.65604,13.54,22:6,31409,Unknown,NA,C24H20Br6O4,[M + H]+,C24H20Br6O4,Unknown,0.721578061580658,Unknown,0.162604957818985,Unknown,0.08959460258483887,Unknown,0.6158527731895447,NA,NA,NA,NA,NA,NA,NA,NA,NA
x16910_652_49265_8_091,652.49265,8.091,22:6,16910,Diacylglycerols,DAG(18:4/20:5) [M+NH4]+,NA,NA,NA,Unknown,NA,Unknown,NA,Unknown,NA,Unknown,NA,NA,NA,NA,NA,NA,Glycerolipid,Diacylglycerols,Diacylglycerols,DAG(18:4/20:5) [M+NH4]+
x16492_648_49933_7_882,648.49933,7.882,22:6,16492,Unknown,NA,C40H67NO4,[M + Na]+,C40H67NO4,Terpenoids,0.8918660283088684,Unknown,0.6242678761482239,Unknown,0.7581183910369873,Unknown,0.6814709305763245,NA,NA,NA,NA,NA,NA,NA,NA,NA
x19633_654_50741_9_191,654.50741,9.191,22:6,19633,Diacylglycerols,DAG(38:8) [M+NH4]+,NA,NA,NA,Unknown,NA,Unknown,NA,Unknown,NA,Unknown,NA,NA,NA,NA,NA,NA,Glycerolipid,Diacylglycerols,Diacylglycerols,DAG(38:8) [M+NH4]+
x11160_526_39111_5_674,526.39111,5.674,22:6,11160,Unknown,NA,NA,NA,NA,Unknown,NA,Unknown,NA,Unknown,NA,Unknown,NA,NA,NA,NA,NA,NA,NA,NA,NA,NA
x27699_1014_7372_12_651,1014.7372,12.651,22:6,27699,Unknown,NA,C54H95N9O9,[M + H]+,C54H95N9O9,Amino acids and Peptides,0.8814648389816284,Oligopeptides,0.966507077217102,Unknown,0.7857601046562195,Unknown,0.7022228240966797,NA,NA,NA,NA,NA,NA,NA,NA,NA
x14947_644_46457_7_225,644.46457,7.225,22:6,14947,Unknown,NA,C40H63NO4,[M + Na]+,C40H63NO4,Terpenoids,0.9795628786087036,Unknown,0.7652292251586914,Unknown,0.6905115842819214,Triterpenoids,0.9694441556930542,NA,NA,NA,NA,NA,NA,NA,NA,NA
x18748_598_44646_8_824,598.44646,8.824,22:6,18748,Unknown,NA,NA,NA,NA,Unknown,NA,Unknown,NA,Unknown,NA,Unknown,NA,NA,NA,NA,NA,NA,NA,NA,NA,NA
x8462_486_34157_4_709,486.34157,4.709,22:6,8462,Unknown,NA,NA,NA,NA,Unknown,NA,Unknown,NA,Unknown,NA,Unknown,NA,NA,NA,NA,NA,NA,NA,NA,NA,NA
x35519_850_68969_14_504,850.68969,14.504,22:6,35519,Unknown,NA,NA,NA,NA,Unknown,NA,Unknown,NA,Unknown,NA,Unknown,NA,NA,NA,NA,NA,NA,NA,NA,NA,NA
x9035_436_32357_4_999,436.32357,4.999,22:6,9035,Unknown,NA,C26H42FNO3,[M + H]+,C26H42FNO3,Unknown,0.3284767270088196,Steroids,0.8946939706802368,Unknown,0.4409255981445313,Unknown,0.8202610611915588,NA,NA,NA,NA,NA,NA,NA,NA,NA
x25857_874_63118_12_157,874.63118,12.157,22:6,25857,Unknown,NA,C53H83N3O7,[M + H]+,C53H83N3O7,Unknown,0.4133024513721466,Unknown,0.4966500997543335,Unknown,0.8289786577224731,Unknown,0.6817860007286072,NA,NA,NA,NA,NA,NA,NA,NA,NA
x29960_920_67543_13_208,920.67543,13.208,22:6,29960,Unknown,NA,C58H91NO6,[M + Na]+,C58H91NO6,Unknown,0.7193803787231445,Unknown,0.5029044151306152,Unknown,0.4992705583572388,Unknown,0.6163521409034729,NA,NA,NA,NA,NA,NA,NA,NA,NA
x6036_462_35619_3_886,462.35619,3.886,22:6,6036,Unknown,NA,NA,NA,NA,Unknown,NA,Unknown,NA,Unknown,NA,Unknown,NA,NA,NA,NA,NA,NA,NA,NA,NA,NA
x25970_938_69745_12_213,938.69745,12.213,22:6,25970,Unknown,NA,C44H87N15O7,[M + H]+,C44H87N15O7,Unknown,0.6349173784255981,Unknown,0.702089786529541,Unknown,0.22369444370269775,Peptides,0.9163713455200196,NA,NA,NA,NA,NA,NA,NA,NA,NA
x15648_688_49604_7_534,688.49604,7.534,22:6,15648,Unknown,NA,C44H65NO5,[M + H]+,C44H65NO5,Fatty acids,0.8876926898956299,Unknown,0.13414962589740753,Unknown,0.239160880446434,N-acyl amines,0.9288219213485718,NA,NA,NA,NA,NA,NA,NA,NA,NA
x37346_1232_945_15_112,1232.945,15.112,22:6,37346,Unknown,NA,NA,NA,NA,Unknown,NA,Unknown,NA,Unknown,NA,Unknown,NA,NA,NA,NA,NA,NA,NA,NA,NA,NA
x38933_1236_97446_15_73,1236.97446,15.73,22:6,38933,Triacylglycerols,NA,C77H131NO9,[M + Na]+,C77H131NO9,Fatty acids,0.9998607635498048,Glycerolipids,0.892801821231842,Triacylglycerols,0.8777997493743896,Unknown,0.7524288296699524,NA,NA,NA,NA,NA,NA,NA,NA,NA
x34377_1226_8958_14_217,1226.8958,14.217,22:6,34377,Unknown,NA,C61H119N13O10S,[M + H]+,C61H119N13O10S,Amino acids and Peptides,0.9740725755691528,Oligopeptides,0.920509159564972,Unknown,0.42305922508239746,Unknown,0.5961545705795288,NA,NA,NA,NA,NA,NA,NA,NA,NA
x19097_606_49003_8_965,606.49003,8.965,22:6,19097,Unknown,NA,NA,NA,NA,Unknown,NA,Unknown,NA,Unknown,NA,Unknown,NA,NA,NA,NA,NA,NA,NA,NA,NA,NA
x26838_1014_73477_12_386,1014.73477,12.386,22:6,26838,Unknown,NA,C54H95N9O9,[M + H]+,C54H95N9O9,Amino acids and Peptides,0.9400320053100586,Oligopeptides,0.946502447128296,Unknown,0.5929350852966309,Unknown,0.5406606197357178,NA,NA,NA,NA,NA,NA,NA,NA,NA
x38391_1184_94003_15_515,1184.94003,15.515,22:6,38391,Unknown,NA,C37H26Cl3FN12O17S4,[M + Na]+,C37H26Cl3FN12O17S4,Unknown,0.3809749782085418,Unknown,0.0844915509223938,Unknown,0.04319695010781288,Unknown,0.8300806879997253,NA,NA,NA,NA,NA,NA,NA,NA,NA
x23317_644_52653_11_281,644.52653,11.281,22:6,23317,Unknown,NA,C30H65N11O4,[M + H]+,C30H65N11O4,Unknown,0.7520198225975037,Unknown,0.2863517701625824,Unknown,0.6433706879615784,Unknown,0.5315858721733093,NA,NA,NA,NA,NA,NA,NA,NA,NA
x2807_422_30783_2_705,422.30783,2.705,22:6,2807,Unknown,NA,C22H39BN2O5,[M + H]+,C22H39BN2O5,Unknown,0.5771089792251587,Unknown,0.07165250182151794,Unknown,0.05699675902724266,Unknown,0.6889857053756714,NA,NA,NA,NA,NA,NA,NA,NA,NA
x17189_620_50346_8_211,620.50346,8.211,22:6,17189,Unknown,NA,C39H67NO3,[M + Na]+,C39H67NO3,Fatty acids,0.9933778643608092,Unknown,0.6340333819389343,Unknown,0.7757254242897034,N-acyl amines,0.9826868176460266,NA,NA,NA,NA,NA,NA,NA,NA,NA
x38827_1210_95879_15_691,1210.95879,15.691,22:6,38827,Unknown,NA,C70H125N9O6,[M + Na]+,C70H125N9O6,Unknown,0.685852587223053,Unknown,0.6640117764472961,Unknown,0.32242971658706665,Unknown,0.8275656700134277,NA,NA,NA,NA,NA,NA,NA,NA,NA
x33846_848_67259_14_071,848.67259,14.071,22:6,33846,Unknown,NA,C52H91NO6,[M + Na]+,C52H91NO6,Fatty acids,0.9926546812057496,Unknown,0.7528077363967896,Unknown,0.5933601260185242,N-acyl amines,0.8731494545936584,NA,NA,NA,NA,NA,NA,NA,NA,NA
x40684_994_9084_16_571,994.9084,16.571,22:6,40684,Unknown,NA,C31H22N4O22S6,[M + H]+,C31H22N4O22S6,Unknown,0.375813752412796,Unknown,0.7382134795188904,Unknown,0.1836784929037094,Unknown,0.5987870693206787,NA,NA,NA,NA,NA,NA,NA,NA,NA
x20833_863_62969_9_87,863.62969,9.87,22:6,20833,Unknown,NA,C51H82N4O7,[M + H]+,C51H82N4O7,Amino acids and Peptides,0.9855166077613832,Oligopeptides,0.99359130859375,Unknown,0.8392048478126526,Unknown,0.8250868916511536,NA,NA,NA,NA,NA,NA,NA,NA,NA
x6374_472_34627_4_078,472.34627,4.078,22:6,6374,Unknown,NA,C26H49NO4S,[M + H]+,C26H49NO4S,Unknown,0.5820203423500061,Unknown,0.1406763643026352,Unknown,0.07340312749147415,Unknown,0.5583851337432861,NA,NA,NA,NA,NA,NA,NA,NA,NA
x2974_424_3205_2_901,424.3205,2.901,22:6,2974,Unknown,NA,C28H41NO2,[M + H]+,C28H41NO2,Unknown,0.7260320782661438,Unknown,0.3946690261363983,Unknown,0.6159232258796692,Unknown,0.7523818612098694,NA,NA,NA,NA,NA,NA,NA,NA,NA
x38430_1266_9641_15_568,1266.9641,15.568,22:6,38430,Unknown,NA,C64H40Br4N4O4,[M + Na]+,C64H40Br4N4O4,Shikimates and Phenylpropanoids,0.8920159339904785,Unknown,0.5981561541557312,Unknown,0.4751810729503632,Unknown,0.6379071474075317,NA,NA,NA,NA,NA,NA,NA,NA,NA
x22777_732_55603_10_927,732.55603,10.927,22:6,22777,Unknown,NA,C45H75NO5,[M + Na]+,C45H75NO5,Fatty acids,0.9461690783500672,Unknown,0.5744033455848694,Unknown,0.31381866335868835,Unknown,0.5461158752441406,NA,NA,NA,NA,NA,NA,NA,NA,NA
x38153_1234_96066_15_426,1234.96066,15.426,22:6,38153,Unknown,NA,C72H135N3O6S3,[M + H]+,C72H135N3O6S3,Fatty acids,0.9864777326583862,Unknown,0.48064330220222473,Unknown,0.09823650121688844,Unknown,0.6662036180496216,NA,NA,NA,NA,NA,NA,NA,NA,NA
x36704_1108_90839_14_953,1108.90839,14.953,22:6,36704,Unknown,NA,C59H115N13O5,[M + Na]+,C59H115N13O5,Amino acids and Peptides,0.9390979409217834,Oligopeptides,0.886683464050293,Unknown,0.471182644367218,Unknown,0.8458886742591858,NA,NA,NA,NA,NA,NA,NA,NA,NA
x35647_1204_90679_14_518,1204.90679,14.518,22:6,35647,Unknown,NA,C56H32Br4N4O8,[M + H]+,C56H32Br4N4O8,Unknown,0.17907747626304626,Unknown,0.6279165148735046,Unknown,0.2704066038131714,Unknown,0.6767172813415527,NA,NA,NA,NA,NA,NA,NA,NA,NA
x18141_598_44881_8_467,598.44881,8.467,22:6,18141,Unknown,NA,NA,NA,NA,Unknown,NA,Unknown,NA,Unknown,NA,Unknown,NA,NA,NA,NA,NA,NA,NA,NA,NA,NA
x36036_1230_92539_14_669,1230.92539,14.669,22:6,36036,Unknown,NA,C34H58I4O8S4,[M + H]+,C34H58I4O8S4,Unknown,0.22244572639465332,Unknown,0.03132820501923561,Unknown,0.0451752170920372,Halobenzenes,0.966529905796051,NA,NA,NA,NA,NA,NA,NA,NA,NA
x37929_1208_94871_15_346,1208.94871,15.346,22:6,37929,Unknown,NA,C59H123N15O9,[M + Na]+,C59H123N15O9,Unknown,0.3972792327404022,Unknown,0.746724545955658,Unknown,0.5199710130691528,N-acyl-alpha amino acids and derivatives,0.8854742646217346,NA,NA,NA,NA,NA,NA,NA,NA,NA
x3101_491_3723_2_933,491.3723,2.933,22:6,3101,Unknown,NA,C30H50O5,[M + H]+,C30H50O5,Terpenoids,0.9964753985404968,Triterpenoids,0.996485471725464,Unknown,0.5788804292678833,Triterpenoids,0.8954639434814453,NA,NA,NA,NA,NA,NA,NA,NA,NA
x599_401_31088_1_126,401.31088,1.126,22:6,599,Unknown,NA,NA,NA,NA,Unknown,NA,Unknown,NA,Unknown,NA,Unknown,NA,NA,NA,NA,NA,NA,NA,NA,NA,NA
x13720_576_40795_6_723,576.40795,6.723,22:6,13720,Unknown,NA,C29H55N5O5,[M + Na]+,C29H55N5O5,Unknown,0.15748505294322968,Unknown,0.06810323148965836,Unknown,0.06838139146566391,Unknown,0.5233267545700073,NA,NA,NA,NA,NA,NA,NA,NA,NA
x5973_971_53385_3_851,971.53385,3.851,28:7,5973,Unknown,NA,NA,NA,NA,Unknown,NA,Unknown,NA,Unknown,NA,Unknown,NA,NA,NA,NA,NA,NA,NA,NA,NA,NA
x7106_554_42193_4_318,554.42193,4.318,28:7,7106,Unknown,NA,C35H55NO4,[M + H]+,C35H55NO4,Fatty acids,0.967055082321167,Unknown,0.16788461804389954,Unknown,0.5391319394111633,Unknown,0.8422383666038513,NA,NA,NA,NA,NA,NA,NA,NA,NA
x10375_786_5698_5_404,786.5698,5.404,28:7,10375,Unknown,NA,C43H79NO11,[M + H]+,C43H79NO11,Unknown,0.6943017244338989,Unknown,0.619591474533081,Unknown,0.7375661134719849,Aminoglycosides,0.9076091051101683,NA,NA,NA,NA,NA,NA,NA,NA,NA
x12521_783_44592_6_245,783.44592,6.245,28:7,12521,Unknown,NA,NA,NA,NA,Unknown,NA,Unknown,NA,Unknown,NA,Unknown,NA,NA,NA,NA,NA,NA,NA,NA,NA,NA
x13234_718_48798_6_521,718.48798,6.521,28:7,13234,Unknown,NA,NA,NA,NA,Unknown,NA,Unknown,NA,Unknown,NA,Unknown,NA,NA,NA,NA,NA,NA,NA,NA,NA,NA
x16601_744_53051_7_941,744.53051,7.941,28:7,16601,Unknown,NA,C39H74N3O8P,[M + H]+,C39H74N3O8P,Fatty acids,0.8587085008621216,Unknown,0.4242868721485138,Unknown,0.35284334421157837,Unknown,0.7401682734489441,NA,NA,NA,NA,NA,NA,NA,NA,NA
x18428_485_35664_8_647,485.35664,8.647,28:7,18428,Unknown,NA,C30H48N2OS,[M + H]+,C30H48N2OS,Unknown,0.7730582356452942,Unknown,0.6194456815719604,Unknown,0.22708430886268616,Unknown,0.522873044013977,NA,NA,NA,NA,NA,NA,NA,NA,NA
x19313_1423_09636_9_061,1423.09636,9.061,28:7,19313,Unknown,NA,C88H145N5O8,[M + Na]+,C88H145N5O8,Amino acids and Peptides,0.9193432331085204,Oligopeptides,0.912395179271698,Unknown,0.3814038336277008,Unknown,0.6301504373550415,NA,NA,NA,NA,NA,NA,NA,NA,NA
x19505_838_60341_9_189,838.60341,9.189,28:7,19505,Unknown,NA,C43H79N7O9,[M + H]+,C43H79N7O9,Unknown,0.6504926681518555,Unknown,0.7806482315063477,Unknown,0.3600502014160156,Alpha amino acids and derivatives,0.942040741443634,NA,NA,NA,NA,NA,NA,NA,NA,NA
x20533_652_58849_9_721,652.58849,9.721,28:7,20533,Triacylglycerols,NA,C40H77NO5,[M + H]+,C40H77NO5,Fatty acids,0.9987205862998962,Glycerolipids,0.8992973566055298,Triacylglycerols,0.9406626224517822,Amino acids and derivatives,0.9692830443382264,NA,NA,NA,NA,NA,NA,NA,NA,NA
x21829_882_5589_10_381,882.5589,10.381,28:7,21829,Unknown,NA,C36H73N15O9,[M + Na]+,C36H73N15O9,Amino acids and Peptides,0.8552209138870239,Unknown,0.3201512098312378,Unknown,0.13388319313526154,Unknown,0.8310104012489319,NA,NA,NA,NA,NA,NA,NA,NA,NA
x23099_906_61036_11_109,906.61036,11.109,28:7,23099,Unknown,NA,C43H87N9O5S3,[M + H]+,C43H87N9O5S3,Unknown,0.12284761667251588,Unknown,0.4638426899909973,Unknown,0.298368901014328,Biotin and derivatives,0.9911823272705078,NA,NA,NA,NA,NA,NA,NA,NA,NA
x23844_926_70593_11_53,926.70593,11.53,28:7,23844,Unknown,NA,NA,NA,NA,Unknown,NA,Unknown,NA,Unknown,NA,Unknown,NA,NA,NA,NA,NA,NA,NA,NA,NA,NA
x24101_833_50162_11_639,833.50162,11.639,28:7,24101,Unknown,NA,NA,NA,NA,Unknown,NA,Unknown,NA,Unknown,NA,Unknown,NA,NA,NA,NA,NA,NA,NA,NA,NA,NA
x24774_922_58789_11_807,922.58789,11.807,28:7,24774,Unknown,NA,C47H75N11O8,[M + H]+,C47H75N11O8,Amino acids and Peptides,0.954757034778595,Unknown,0.7836694121360779,Unknown,0.6129440069198608,Oligopeptides,0.8982100486755371,NA,NA,NA,NA,NA,NA,NA,NA,NA
x25892_1241_76687_12_177,1241.76687,12.177,28:7,25892,Unknown,NA,NA,NA,NA,Unknown,NA,Unknown,NA,Unknown,NA,Unknown,NA,NA,NA,NA,NA,NA,NA,NA,NA,NA
x27040_729_54417_12_491,729.54417,12.491,28:7,27040,Unknown,NA,NA,NA,NA,Unknown,NA,Unknown,NA,Unknown,NA,Unknown,NA,NA,NA,NA,NA,NA,NA,NA,NA,NA
x27290_945_70359_12_55,945.70359,12.55,28:7,27290,Unknown,NA,C60H94N2O5,[M + Na]+,C60H94N2O5,Unknown,0.6097472310066223,Unknown,0.2160876840353012,Unknown,0.3756544888019562,Unknown,0.8041994571685791,NA,NA,NA,NA,NA,NA,NA,NA,NA
x37527_998_81385_15_195,998.81385,15.195,28:8,37527,Triacylglycerols,TAG(16:0/18:3/28:8) [M+NH4]+,C13H26O35S8,[M + H]+,C13H26O35S8,Unknown,0.8112283945083618,Unknown,0.03498835489153862,Unknown,0.10015210509300232,Unknown,0.5091841220855713,NA,NA,NA,NA,NA,Glycerolipid,Triacylglycerols,Triacylglycerols,TAG(16:0/18:3/28:8) [M+NH4]+
x38748_998_81637_15_676,998.81637,15.676,28:8,38748,Triacylglycerols,TAG(16:0/18:3/28:8) [M+NH4]+,NA,NA,NA,Unknown,NA,Unknown,NA,Unknown,NA,Unknown,NA,NA,NA,NA,NA,NA,Glycerolipid,Triacylglycerols,Triacylglycerols,TAG(16:0/18:3/28:8) [M+NH4]+
x38552_1048_83215_15_604,1048.83215,15.604,28:8,38552,Triacylglycerols,TAG(16:0/22:6/28:8) [M+NH4]+,C56H111N7O9,[M + Na]+,C56H111N7O9,Amino acids and Peptides,0.9428186416625975,Oligopeptides,0.8881940245628357,Unknown,0.6352867484092712,Unknown,0.5126833915710449,NA,NA,NA,NA,NA,Glycerolipid,Triacylglycerols,Triacylglycerols,TAG(16:0/22:6/28:8) [M+NH4]+
x38628_976_8291_15_615,976.8291,15.615,28:8,38628,Triacylglycerols,TAG(16:0/16:0/28:8) [M+NH4]+,C54H105N9O6,[M + H]+,C54H105N9O6,Amino acids and Peptides,0.8850470781326294,Unknown,0.7906904816627502,Unknown,0.5451479554176331,Unknown,0.7689850330352783,NA,NA,NA,NA,NA,Glycerolipid,Triacylglycerols,Triacylglycerols,TAG(16:0/16:0/28:8) [M+NH4]+
x40170_1002_84881_16_288,1002.84881,16.288,28:8,40170,Unknown,NA,NA,NA,NA,Unknown,NA,Unknown,NA,Unknown,NA,Unknown,NA,NA,NA,NA,NA,NA,NA,NA,NA,NA
x34795_1016_76767_14_341,1016.76767,14.341,28:8,34795,Unknown,NA,C47H97N15O9,[M + H]+,C47H97N15O9,Amino acids and Peptides,0.9382149577140808,Oligopeptides,0.90460205078125,Unknown,0.18113642930984497,Unknown,0.695794939994812,NA,NA,NA,NA,NA,NA,NA,NA,NA
x4939_548_35867_3_58,548.35867,3.58,28:8,4939,Unknown,NA,C32H45N5O3,[M + H]+,C32H45N5O3,Unknown,0.6598589420318604,Unknown,0.587094247341156,Unknown,0.1697273850440979,Unknown,0.5131800770759583,NA,NA,NA,NA,NA,NA,NA,NA,NA
x39310_1050_84622_15_92,1050.84622,15.92,28:8,39310,Unknown,NA,C52H31Br5,[M + H]+,C52H31Br5,Unknown,0.7803068161010742,Unknown,0.5691544413566589,Unknown,0.5073127746582031,Unknown,0.6387535929679871,NA,NA,NA,NA,NA,NA,NA,NA,NA
x38376_1002_84379_15_546,1002.84379,15.546,28:8,38376,Unknown,NA,NA,NA,NA,Unknown,NA,Unknown,NA,Unknown,NA,Unknown,NA,NA,NA,NA,NA,NA,NA,NA,NA,NA
x37291_1046_81304_15_115,1046.81304,15.115,28:8,37291,Unknown,NA,C62H109N3O8,[M + Na]+,C62H109N3O8,Unknown,0.7170190215110779,Unknown,0.7939493060112,Unknown,0.2144259661436081,Unknown,0.7501550912857056,NA,NA,NA,NA,NA,NA,NA,NA,NA
x27217_530_3918_12_527,530.3918,12.527,28:8,27217,Unknown,NA,NA,NA,NA,Unknown,NA,Unknown,NA,Unknown,NA,Unknown,NA,NA,NA,NA,NA,NA,NA,NA,NA,NA
x20215_558_43169_9_537,558.43169,9.537,28:8,20215,Unknown,NA,C38H55NO2,[M + H]+,C38H55NO2,Unknown,0.6242345571517944,Unknown,0.2845059931278229,Unknown,0.23095181584358215,Unknown,0.5617097020149231,NA,NA,NA,NA,NA,NA,NA,NA,NA
x28346_738_6043_12_8,738.6043,12.8,28:8,28346,Unknown,NA,C47H79NO5,[M + H]+,C47H79NO5,Fatty acids,0.9887054562568665,Unknown,0.5114039182662964,Unknown,0.531997799873352,Unknown,0.7214176058769226,NA,NA,NA,NA,NA,NA,NA,NA,NA
x36923_1048_82972_14_979,1048.82972,14.979,28:8,36923,Triacylglycerols,TAG(16:0/22:6/28:8) [M+NH4]+,C44H30Br4N4S3,[M + Na]+,C44H30Br4N4S3,Unknown,0.28079378604888916,Unknown,0.3251084089279175,Unknown,0.12290598452091216,Unknown,0.5996679663658142,NA,NA,NA,NA,NA,Glycerolipid,Triacylglycerols,Triacylglycerols,TAG(16:0/22:6/28:8) [M+NH4]+
x35589_1068_79921_14_553,1068.79921,14.553,28:8,35589,Unknown,NA,C66H105N3O8,[M + H]+,C66H105N3O8,Unknown,0.6436461210250854,Unknown,0.731916606426239,Unknown,0.3353421986103058,Alpha amino acids and derivatives,0.947648286819458,NA,NA,NA,NA,NA,NA,NA,NA,NA
x39189_1004_85899_15_872,1004.85899,15.872,28:8,39189,Triacylglycerols,NA,C63H115NO6,[M + Na]+,C63H115NO6,Fatty acids,0.9989457726478576,Unknown,0.6983413100242615,Triacylglycerols,0.972929835319519,N-acyl amines,0.8821436166763306,NA,NA,NA,NA,NA,NA,NA,NA,NA
x9934_595_43693_5_222,595.43693,5.222,28:8,9934,Unknown,NA,C38H58O5,[M + H]+,C38H58O5,Terpenoids,0.9768205881118774,Unknown,0.5572564601898193,Unknown,0.3820223808288574,Unknown,0.8338904976844788,NA,NA,NA,NA,NA,NA,NA,NA,NA
x868_540_4113_1_289,540.4113,1.289,28:8,868,Unknown,NA,C28H53N5O5,[M + H]+,C28H53N5O5,Unknown,0.7683498859405518,Unknown,0.12754160165786743,Unknown,0.28183403611183167,Unknown,0.5898942947387695,NA,NA,NA,NA,NA,NA,NA,NA,NA
x39875_794_6795_16_157,794.6795,16.157,28:8,39875,Unknown,NA,C35H83N15O5,[M + H]+,C35H83N15O5,Unknown,0.30340537428855896,Unknown,0.722893238067627,Unknown,0.6701005101203918,N-acyl amines,0.8588743805885315,NA,NA,NA,NA,NA,NA,NA,NA,NA
x596_482_36943_1_132,482.36943,1.132,28:8,596,Unknown,NA,C24H51NO8,[M + H]+,C24H51NO8,Fatty acids,0.8558417558670044,Unknown,0.7800438404083252,Unknown,0.8076578378677368,Glycerol ethers,0.8883153796195984,NA,NA,NA,NA,NA,NA,NA,NA,NA
x5751_520_40181_3_832,520.40181,3.832,28:8,5751,Unknown,NA,NA,NA,NA,Unknown,NA,Unknown,NA,Unknown,NA,Unknown,NA,NA,NA,NA,NA,NA,NA,NA,NA,NA
x9291_502_36879_5_014,502.36879,5.014,28:8,9291,Unknown,NA,C29H53NO2S,[M + Na]+,C29H53NO2S,Fatty acids,0.988527774810791,Fatty amides,0.8666081428527832,Unknown,0.46938276290893555,Unknown,0.7053287625312805,NA,NA,NA,NA,NA,NA,NA,NA,NA
x40249_808_69739_16_333,808.69739,16.333,28:8,40249,Unknown,NA,C48H91N5O3,[M + Na]+,C48H91N5O3,Unknown,0.5085039734840393,Unknown,0.4239756762981415,Unknown,0.3307933807373047,Unknown,0.5805305242538452,NA,NA,NA,NA,NA,NA,NA,NA,NA
x36491_1120_83216_14_844,1120.83216,14.844,28:8,36491,Unknown,NA,C55H105N15O9,[M + H]+,C55H105N15O9,Amino acids and Peptides,0.980463683605194,Oligopeptides,0.9652243256568908,Unknown,0.5123236179351807,Unknown,0.7016264200210571,NA,NA,NA,NA,NA,NA,NA,NA,NA
x18990_532_41538_8_925,532.41538,8.925,28:8,18990,Unknown,NA,C36H53NO2,[M + H]+,C36H53NO2,Unknown,0.7455491423606873,Unknown,0.3070976138114929,Unknown,0.2393108457326889,Unknown,0.802570641040802,NA,NA,NA,NA,NA,NA,NA,NA,NA
x36043_1094_8149_14_695,1094.8149,14.695,28:8,36043,Unknown,NA,C53H103N15O9,[M + H]+,C53H103N15O9,Amino acids and Peptides,0.987246870994568,Oligopeptides,0.9591484665870668,Unknown,0.21629613637924192,Unknown,0.6796163320541382,NA,NA,NA,NA,NA,NA,NA,NA,NA
x7471_641_47408_4_407,641.47408,4.407,28:8,7471,Unknown,NA,C35H64N2O8,[M + H]+,C35H64N2O8,Unknown,0.7333142757415771,Unknown,0.40998026728630066,Unknown,0.5882108807563782,Unknown,0.5293253660202026,NA,NA,NA,NA,NA,NA,NA,NA,NA
x19421_532_41389_9_146,532.41389,9.146,28:8,19421,Unknown,NA,C29H56ClN5,[M + Na]+,C29H56ClN5,Unknown,0.732099711894989,Unknown,0.16054265201091766,Unknown,0.03448624908924103,Aryl chlorides,0.8842462301254272,NA,NA,NA,NA,NA,NA,NA,NA,NA
x37092_1192_86327_15_01,1192.86327,15.01,28:8,37092,Unknown,NA,NA,NA,NA,Unknown,NA,Unknown,NA,Unknown,NA,Unknown,NA,NA,NA,NA,NA,NA,NA,NA,NA,NA
x40208_1010_84765_16_328,1010.84765,16.328,28:8,40208,MADAG,MADAG(O-16/20:4/28:8) [M+NH4]+,C60H116NO8P,[M + H]+,C60H116NO8P,Fatty acids,0.9999992847442628,Glycerophospholipids,0.9998505115509032,Glycerophosphoethanolamines,0.9995759129524232,Monomethylphosphatidylethanolamines,0.9225747585296632,NA,NA,NA,NA,NA,Glycerolipid,Monoalkyldiacylglycerols,MADAG,MADAG(O-16/20:4/28:8) [M+NH4]+
x39799_990_88124_16_051,990.88124,16.051,28:8,39799,Unknown,NA,C72H111N,[M + H]+,C72H111N,Unknown,0.5643828511238098,Unknown,0.7537922263145447,Unknown,0.2367190718650818,Organonitrogen compounds,0.9993934631347656,NA,NA,NA,NA,NA,NA,NA,NA,NA
x15580_504_38402_7_5,504.38402,7.5,28:8,15580,Unknown,NA,C27H47BN6O,[M + Na]+,C27H47BN6O,Unknown,0.14403069019317627,Unknown,0.12174684554338457,Unknown,0.13705885410308838,Unknown,0.6893565654754639,NA,NA,NA,NA,NA,NA,NA,NA,NA
x6800_546_40166_4_176,546.40166,4.176,28:8,6800,Unknown,NA,C29H55NO8,[M + H]+,C29H55NO8,Unknown,0.17167368531227112,Unknown,0.2273122072219849,Unknown,0.12289289385080338,Unknown,0.738740861415863,NA,NA,NA,NA,NA,NA,NA,NA,NA
x37284_1148_85958_15_111,1148.85958,15.111,28:8,37284,Unknown,NA,NA,NA,NA,Unknown,NA,Unknown,NA,Unknown,NA,Unknown,NA,NA,NA,NA,NA,NA,NA,NA,NA,NA
x17599_506_39886_8_359,506.39886,8.359,28:8,17599,Unknown,NA,C32H53NO2,[M + Na]+,C32H53NO2,Terpenoids,0.9578171968460084,Unknown,0.7580767273902893,Unknown,0.44944804906845093,Unknown,0.6217206120491028,NA,NA,NA,NA,NA,NA,NA,NA,NA
x6136_484_37527_3_947,484.37527,3.947,28:8,6136,Unknown,NA,C29H51NO3,[M + Na]+,C29H51NO3,Unknown,0.5722457766532898,Unknown,0.07291893661022186,Unknown,0.17450270056724548,Unknown,0.5518584847450256,NA,NA,NA,NA,NA,NA,NA,NA,NA
x38515_1126_87656_15_54,1126.87656,15.54,28:8,38515,Unknown,NA,C73H117NO6,[M + Na]+,C73H117NO6,Fatty acids,0.9544188976287842,Unknown,0.24931202828884125,Unknown,0.5360720753669739,Unknown,0.7724441885948181,NA,NA,NA,NA,NA,NA,NA,NA,NA
x38870_1030_87761_15_728,1030.87761,15.728,28:8,38870,Unknown,NA,NA,NA,NA,Unknown,NA,Unknown,NA,Unknown,NA,Unknown,NA,NA,NA,NA,NA,NA,NA,NA,NA,NA
x14900_520_38014_7_252,520.38014,7.252,28:8,14900,Unknown,NA,C34H49NO3,[M + H]+,C34H49NO3,Unknown,0.6780524849891663,Unknown,0.22683706879615784,Unknown,0.04152709618210792,Unknown,0.6605676412582397,NA,NA,NA,NA,NA,NA,NA,NA,NA
x28805_532_40806_12_953,532.40806,12.953,28:8,28805,Unknown,NA,C27H49N9O2,[M + H]+,C27H49N9O2,Unknown,0.4527060091495514,Unknown,0.29452067613601685,Unknown,0.753903329372406,Unknown,0.5759561657905579,NA,NA,NA,NA,NA,NA,NA,NA,NA
x25966_1061_716_12_213,1061.716,12.213,28:8,25966,Unknown,NA,C64H98N2O9,[M + Na]+,C64H98N2O9,Fatty acids,0.9298351407051086,Unknown,0.336925745010376,Unknown,0.2696702182292938,Unknown,0.5816165804862976,NA,NA,NA,NA,NA,NA,NA,NA,NA
x9207_506_39783_4_985,506.39783,4.985,28:8,9207,Unknown,NA,C27H56NO5P,[M + H]+,C27H56NO5P,Fatty acids,0.999765694141388,Sphingolipids,0.8543644547462463,Unknown,0.2641574442386627,Unknown,0.6091880798339844,NA,NA,NA,NA,NA,NA,NA,NA,NA
x17704_618_48602_8_379,618.48602,8.379,28:8,17704,Unknown,NA,C39H65NO3,[M + Na]+,C39H65NO3,Fatty acids,0.980024516582489,Unknown,0.5349506139755249,Unknown,0.5432943105697632,N-acyl amines,0.9778981804847716,NA,NA,NA,NA,NA,NA,NA,NA,NA
x30930_766_63712_13_422,766.63712,13.422,28:8,30930,Triacylglycerols,NA,C49H80O5,[M + H3N + H]+,C49H83NO5,Fatty acids,0.9996931552886964,Glycerolipids,0.9975324869155884,Triacylglycerols,0.9607706665992736,Triacylglycerols,0.9457648396492004,NA,NA,NA,NA,NA,NA,NA,NA,NA
x10793_550_38912_5_559,550.38912,5.559,28:8,10793,Unknown,NA,C33H53NO4,[M + Na]+,C33H53NO4,Terpenoids,0.9505383372306824,Unknown,0.6199142932891846,Unknown,0.5362473726272583,Unknown,0.5687933564186096,NA,NA,NA,NA,NA,NA,NA,NA,NA
x37731_1124_86166_15_256,1124.86166,15.256,28:8,37731,Unknown,NA,NA,NA,NA,Unknown,NA,Unknown,NA,Unknown,NA,Unknown,NA,NA,NA,NA,NA,NA,NA,NA,NA,NA
x39707_1128_89716_16_082,1128.89716,16.082,28:8,39707,Unknown,NA,C81H113N3,[M + H]+,C81H113N3,Unknown,0.6998035311698914,Unknown,0.3345410227775574,Unknown,0.10206504166126253,Unknown,0.5464239120483398,NA,NA,NA,NA,NA,NA,NA,NA,NA
x6562_562_37514_4_057,562.37514,4.057,28:8,6562,Unknown,NA,C33H47N5O3,[M + H]+,C33H47N5O3,Unknown,0.7957993745803833,Unknown,0.5407835245132446,Unknown,0.24722900986671448,Unknown,0.7347888350486755,NA,NA,NA,NA,NA,NA,NA,NA,NA
x25902_736_59027_12_126,736.59027,12.126,28:8,25902,Unknown,NA,C47H73B2NO4,[M + H]+,C47H73B2NO4,Unknown,0.8361710906028748,Unknown,0.5429483652114868,Unknown,0.7993675470352173,Unknown,0.7067568302154541,NA,NA,NA,NA,NA,NA,NA,NA,NA
x38627_1100_86042_15_602,1100.86042,15.602,28:8,38627,Unknown,NA,C60H115N7O9,[M + Na]+,C60H115N7O9,Amino acids and Peptides,0.9291425347328186,Oligopeptides,0.937018632888794,Unknown,0.4754827916622162,Unknown,0.5916182994842529,NA,NA,NA,NA,NA,NA,NA,NA,NA
x40985_824_7243_16_782,824.7243,16.782,28:8,40985,Unknown,NA,C50H98NO5P,[M + H]+,C50H98NO5P,Fatty acids,0.9984732270240784,Unknown,0.5372759699821472,Unknown,0.300604909658432,N-acyl amines,0.9620561003684998,NA,NA,NA,NA,NA,NA,NA,NA,NA
x16034_504_38473_7_657,504.38473,7.657,28:8,16034,Unknown,NA,C34H49NO2,[M + H]+,C34H49NO2,Unknown,0.5831829309463501,Unknown,0.3939848244190216,Unknown,0.13076353073120117,Unknown,0.7032252550125122,NA,NA,NA,NA,NA,NA,NA,NA,NA
x10962_624_48224_5_627,624.48224,5.627,28:8,10962,Unknown,NA,C36H65NO7,[M + H]+,C36H65NO7,Unknown,0.812256932258606,Unknown,0.23703965544700625,Unknown,0.13733087480068207,Amino acids and derivatives,0.8945778012275696,NA,NA,NA,NA,NA,NA,NA,NA,NA
x8012_581_42308_4_547,581.42308,4.547,28:8,8012,Unknown,NA,C34H60O5S,[M + H]+,C34H60O5S,Terpenoids,0.9946919083595276,Triterpenoids,0.8582031726837158,Unknown,0.5867682695388794,Unknown,0.5599285960197449,NA,NA,NA,NA,NA,NA,NA,NA,NA
x10052_624_4833_5_305,624.4833,5.305,28:8,10052,Unknown,NA,C36H65NO7,[M + H]+,C36H65NO7,Unknown,0.7364093661308289,Unknown,0.1561620831489563,Unknown,0.32186076045036316,Unknown,0.7425550222396851,NA,NA,NA,NA,NA,NA,NA,NA,NA
x8883_581_42203_4_863,581.42203,4.863,28:8,8883,Unknown,NA,C37H56O5,[M + H]+,C37H56O5,Terpenoids,0.999267280101776,Triterpenoids,0.9983909130096436,Unknown,0.41911548376083374,Triterpenoids,0.98593407869339,NA,NA,NA,NA,NA,NA,NA,NA,NA
x12203_550_39147_6_077,550.39147,6.077,28:8,12203,Unknown,NA,C35H51NO4,[M + H]+,C35H51NO4,Terpenoids,0.9496209025382996,Unknown,0.465229868888855,Unknown,0.24142225086688995,Unknown,0.5159290432929993,NA,NA,NA,NA,NA,NA,NA,NA,NA
x11320_650_49708_5_662,650.49708,5.662,28:8,11320,Unknown,NA,C36H69NO7,[M + Na]+,C36H69NO7,Unknown,0.6090075969696045,Unknown,0.3887626230716706,Unknown,0.14511506259441376,Amino acids and derivatives,0.8727167844772339,NA,NA,NA,NA,NA,NA,NA,NA,NA
x8212_681_49504_4_573,681.49504,4.573,28:8,8212,Unknown,NA,NA,NA,NA,Unknown,NA,Unknown,NA,Unknown,NA,Unknown,NA,NA,NA,NA,NA,NA,NA,NA,NA,NA
x14917_646_46952_7_291,646.46952,7.291,28:8,14917,Unknown,NA,C38H63NO7,[M + H]+,C38H63NO7,Unknown,0.632810115814209,Unknown,0.2963699996471405,Unknown,0.3925588130950928,Delta-5-steroids,0.902559757232666,NA,NA,NA,NA,NA,NA,NA,NA,NA
x12954_650_49614_6_47,650.49614,6.47,28:8,12954,Unknown,NA,C38H67NO7,[M + H]+,C38H67NO7,Fatty acids,0.9041552543640136,Unknown,0.5830896496772766,Unknown,0.3481557369232178,Unknown,0.6026283502578735,NA,NA,NA,NA,NA,NA,NA,NA,NA
x12227_648_47434_6_143,648.47434,6.143,28:8,12227,Unknown,NA,C43H63NO2,[M + Na]+,C43H63NO2,Terpenoids,0.8983243107795715,Unknown,0.3709650039672851,Unknown,0.368564635515213,Steroids and steroid derivatives,0.930976152420044,NA,NA,NA,NA,NA,NA,NA,NA,NA
x13781_548_37666_6_764,548.37666,6.764,28:8,13781,Unknown,NA,C27H51N5O5,[M + Na]+,C27H51N5O5,Unknown,0.6983950734138489,Unknown,0.2624833583831787,Unknown,0.04805764555931091,Unknown,0.512808084487915,NA,NA,NA,NA,NA,NA,NA,NA,NA
x14326_650_49709_7_007,650.49709,7.007,28:8,14326,Unknown,NA,C38H67NO7,[M + H]+,C38H67NO7,Terpenoids,0.9158489108085632,Unknown,0.17894552648067474,Unknown,0.17807327210903168,Unknown,0.6783051490783691,NA,NA,NA,NA,NA,NA,NA,NA,NA
x11182_498_35827_5_674,498.35827,5.674,28:8,11182,Unknown,NA,C31H47NO4,[M + H]+,C31H47NO4,Terpenoids,0.8830910325050354,Unknown,0.562470018863678,Unknown,0.26949334144592285,Unknown,0.660689651966095,NA,NA,NA,NA,NA,NA,NA,NA,NA
x12237_583_5406_6_114,583.5406,6.114,26:4,12237,Unknown,NA,C35H70N2O4,[M + H]+,C35H70N2O4,Unknown,0.617775022983551,Unknown,0.18801559507846832,Unknown,0.4060605466365814,Amino acids and derivatives,0.87474822998046875,NA,NA,NA,NA,NA,NA,NA,NA,NA
x13112_516_44185_6_489,516.44185,6.489,26:4,13112,Unknown,NA,C33H57NO3,[M + H]+,C33H57NO3,Unknown,0.3789614140987396,Steroids,0.8831247687339783,Unknown,0.6203693151473999,Unknown,0.7046634554862976,NA,NA,NA,NA,NA,NA,NA,NA,NA
x27212_592_50959_12_52,592.50959,12.52,26:4,27212,Unknown,NA,C40H65NO2,[M + H]+,C40H65NO2,Fatty acids,0.9984312653541564,Unknown,0.7518898248672485,Unknown,0.24996179342269895,N-acyl amines,0.9871347546577454,NA,NA,NA,NA,NA,NA,NA,NA,NA
x20215_558_43169_9_537,558.43169,9.537,26:4,20215,Unknown,NA,C38H55NO2,[M + H]+,C38H55NO2,Unknown,0.6242345571517944,Unknown,0.2845059931278229,Unknown,0.23095181584358215,Unknown,0.5617097020149231,NA,NA,NA,NA,NA,NA,NA,NA,NA
x26410_616_56642_12_334,616.56642,12.334,26:4,26410,Unknown,NA,C40H73NO3,[M + H]+,C40H73NO3,Fatty acids,0.984906792640686,Unknown,0.7238919138908386,Unknown,0.6154646873474121,N-acyl amines,0.9117761850357056,NA,NA,NA,NA,NA,NA,NA,NA,NA
x33386_536_44092_13_983,536.44092,13.983,26:4,33386,Unknown,NA,C37H53BN2,[M + H]+,C37H53BN2,Alkaloids,0.8720096349716187,Monoterpenoids,0.9086931347846984,Unknown,0.11301907151937483,Unknown,0.7093503475189209,NA,NA,NA,NA,NA,NA,NA,NA,NA
x27436_542_49273_12_582,542.49273,12.582,26:4,27436,Unknown,NA,C36H63NO2,[M + H]+,C36H63NO2,Fatty acids,0.994354009628296,Fatty amides,0.8932512998580933,Unknown,0.23648518323898315,N-acyl amines,0.9972898960113524,NA,NA,NA,NA,NA,NA,NA,NA,NA
x25769_496_45016_12_133,496.45016,12.133,26:4,25769,Unknown,NA,C34H57NO,[M + H]+,C34H57NO,Unknown,0.6280462741851807,Unknown,0.7355026602745056,Unknown,0.7624844312667847,Phenanthrenes and derivatives,0.9561629891395568,NA,NA,NA,NA,NA,NA,NA,NA,NA
x9289_512_40878_5_007,512.40878,5.007,26:4,9289,Unknown,NA,C33H53NO3,[M + H]+,C33H53NO3,Terpenoids,0.9760849475860596,Steroids,0.8810508251190186,Unknown,0.6786402463912964,Unknown,0.5306591987609863,NA,NA,NA,NA,NA,NA,NA,NA,NA
x11686_462_43131_5_884,462.43131,5.884,26:4,11686,Unknown,NA,C30H55NO2,[M + H]+,C30H55NO2,Unknown,0.7508471012115479,Unknown,0.6895413994789124,Unknown,0.3643952012062073,Unknown,0.5002555847167969,NA,NA,NA,NA,NA,NA,NA,NA,NA
x25287_486_43167_11_994,486.43167,11.994,26:4,25287,Unknown,NA,C32H55NO2,[M + H]+,C32H55NO2,Unknown,0.8357782959938049,Unknown,0.7259454131126404,Unknown,0.18366357684135437,Unknown,0.5927799344062805,NA,NA,NA,NA,NA,NA,NA,NA,NA
x25050_590_49383_11_927,590.49383,11.927,26:4,25050,Unknown,NA,C40H63NO2,[M + H]+,C40H63NO2,Fatty acids,0.941090762615204,Unknown,0.35534003376960754,Unknown,0.06311161816120148,Unknown,0.5765504240989685,NA,NA,NA,NA,NA,NA,NA,NA,NA
x8202_484_41591_4_603,484.41591,4.603,26:4,8202,Unknown,NA,C32H53NO2,[M + H]+,C32H53NO2,Unknown,0.7650749087333679,Unknown,0.8009911179542542,Unknown,0.39199844002723694,Unknown,0.6999388933181763,NA,NA,NA,NA,NA,NA,NA,NA,NA
x18319_500_41094_8_593,500.41094,8.593,26:4,18319,Unknown,NA,C32H53NO3,[M + H]+,C32H53NO3,Fatty acids,0.983132302761078,Unknown,0.4740128815174103,Unknown,0.12984728813171387,Unknown,0.5370407700538635,NA,NA,NA,NA,NA,NA,NA,NA,NA
x30760_596_54168_13_42,596.54168,13.42,26:4,30760,Unknown,NA,C40H69NO2,[M + H]+,C40H69NO2,Fatty acids,0.9884231686592102,Unknown,0.4648135006427765,Unknown,0.216095507144928,N-acyl amines,0.9643922448158264,NA,NA,NA,NA,NA,NA,NA,NA,NA
x8301_547_33548_4_651,547.33548,4.651,26:4,8301,Unknown,NA,C26H50N4O4S2,[M + H]+,C26H50N4O4S2,Unknown,0.21788649260997772,Unknown,0.8214734792709351,Unknown,0.5948682427406311,Unknown,0.7723671197891235,NA,NA,NA,NA,NA,NA,NA,NA,NA
x10384_620_4684_5_419,620.4684,5.419,26:4,10384,Unknown,NA,C40H61NO4,[M + H]+,C40H61NO4,Unknown,0.32960572838783264,Unknown,0.2192820310592651,Unknown,0.2847321331501007,Unknown,0.6627183556556702,NA,NA,NA,NA,NA,NA,NA,NA,NA
x28478_594_52514_12_871,594.52514,12.871,26:4,28478,Unknown,NA,C40H67NO2,[M + H]+,C40H67NO2,Fatty acids,0.9871336221694946,Unknown,0.4625771939754486,Unknown,0.07719942182302475,N-acyl amines,0.98459792137146,NA,NA,NA,NA,NA,NA,NA,NA,NA
x15167_552_47863_7_323,552.47863,7.323,26:4,15167,Unknown,NA,C37H61NO2,[M + H]+,C37H61NO2,Unknown,0.8169663548469543,Triterpenoids,0.9431825280189514,Unknown,0.5705275535583496,Triterpenoids,0.9794584512710572,NA,NA,NA,NA,NA,NA,NA,NA,NA
x32347_536_43992_13_77,536.43992,13.77,26:4,32347,Unknown,NA,C36H58NP,[M + H]+,C36H58NP,Terpenoids,0.9653856158256532,Unknown,0.22099043428897855,Unknown,0.06184501945972442,Lipids and lipid-like molecules,0.986665666103363,NA,NA,NA,NA,NA,NA,NA,NA,NA
x9895_500_41088_5_204,500.41088,5.204,26:4,9895,Unknown,NA,C32H53NO3,[M + H]+,C32H53NO3,Terpenoids,0.9833462238311768,Unknown,0.7123537659645081,Unknown,0.27740854024887085,Triterpenoids,0.9202476739883424,NA,NA,NA,NA,NA,NA,NA,NA,NA
x14133_476_44592_6_925,476.44592,6.925,26:4,14133,Unknown,NA,C31H57NO2,[M + H]+,C31H57NO2,Unknown,0.5432976484298706,Unknown,0.28786391019821167,Unknown,0.5957002639770508,Benzene and substituted derivatives,0.916157364845276,NA,NA,NA,NA,NA,NA,NA,NA,NA
x14007_546_48867_6_883,546.48867,6.883,26:4,14007,Unknown,NA,C35H63NO3,[M + H]+,C35H63NO3,Unknown,0.6308643221855164,Unknown,0.8434633016586304,Unknown,0.09251181036233902,Triterpenoids,0.9323573112487792,NA,NA,NA,NA,NA,NA,NA,NA,NA
x7986_488_4481_4_556,488.4481,4.556,26:4,7986,Unknown,NA,C32H57NO2,[M + H]+,C32H57NO2,Unknown,0.6574288606643677,Unknown,0.2708836793899536,Unknown,0.12026545405387878,Unknown,0.7837759256362915,NA,NA,NA,NA,NA,NA,NA,NA,NA
x25246_540_47906_11_991,540.47906,11.991,26:4,25246,Unknown,NA,C36H61NO2,[M + H]+,C36H61NO2,Unknown,0.4835628271102905,Unknown,0.37784042954444885,Unknown,0.5015141367912292,Unknown,0.8199654221534729,NA,NA,NA,NA,NA,NA,NA,NA,NA
x18273_528_44218_8_54,528.44218,8.54,26:4,18273,Unknown,NA,C34H57NO3,[M + H]+,C34H57NO3,Terpenoids,0.9590421319007874,Unknown,0.5183107852935791,Unknown,0.8211405277252197,Unknown,0.8225286602973938,NA,NA,NA,NA,NA,NA,NA,NA,NA
x5592_510_43181_3_813,510.43181,3.813,26:4,5592,Unknown,NA,NA,NA,NA,Unknown,NA,Unknown,NA,Unknown,NA,Unknown,NA,NA,NA,NA,NA,NA,NA,NA,NA,NA
x12944_580_43682_6_398,580.43682,6.398,26:4,12944,Unknown,NA,C37H57NO4,[M + H]+,C37H57NO4,Terpenoids,0.9662845730781556,Unknown,0.6875278353691101,Unknown,0.25521495938301086,Unknown,0.6509497165679932,NA,NA,NA,NA,NA,NA,NA,NA,NA
x10372_460_415_5_458,460.415,5.458,26:4,10372,Unknown,NA,C30H53NO2,[M + H]+,C30H53NO2,Unknown,0.742409348487854,Unknown,0.8430219292640686,Unknown,0.05724567547440529,Unknown,0.5420757532119751,NA,NA,NA,NA,NA,NA,NA,NA,NA
x10354_472_41435_5_388,472.41435,5.388,26:4,10354,Unknown,NA,C31H53NO2,[M + H]+,C31H53NO2,Unknown,0.6507053375244141,Unknown,0.4447929263114929,Unknown,0.2389085292816162,Unknown,0.6085696220397949,NA,NA,NA,NA,NA,NA,NA,NA,NA
x8797_476_41062_4_8,476.41062,4.8,26:4,8797,Unknown,NA,C30H53NO3,[M + H]+,C30H53NO3,Unknown,0.8089892268180847,Unknown,0.5071977972984314,Unknown,0.4588746130466461,Triterpenoids,0.935407280921936,NA,NA,NA,NA,NA,NA,NA,NA,NA
x5481_500_44667_3_798,500.44667,3.798,26:4,5481,Unknown,NA,C33H57NO2,[M + H]+,C33H57NO2,Unknown,0.6804665327072144,Unknown,0.4686763882637024,Unknown,0.45350944995880127,Unknown,0.7041528224945068,NA,NA,NA,NA,NA,NA,NA,NA,NA
x6565_482_40226_4_047,482.40226,4.047,26:4,6565,Unknown,NA,C27H47BN6O,[M + H]+,C27H47BN6O,Unknown,0.1848900318145752,Unknown,0.05720435082912445,Unknown,0.17473292350769043,Unknown,0.6611492037773132,NA,NA,NA,NA,NA,NA,NA,NA,NA
x8329_498_39471_4_658,498.39471,4.658,26:5,8329,Unknown,NA,C32H51NO3,[M + H]+,C32H51NO3,Terpenoids,0.9597148895263672,Unknown,0.6201483607292175,Unknown,0.5918238759040833,Unknown,0.7714585661888123,NA,NA,NA,NA,NA,NA,NA,NA,NA
x20215_558_43169_9_537,558.43169,9.537,26:5,20215,Unknown,NA,C38H55NO2,[M + H]+,C38H55NO2,Unknown,0.6242345571517944,Unknown,0.2845059931278229,Unknown,0.23095181584358215,Unknown,0.5617097020149231,NA,NA,NA,NA,NA,NA,NA,NA,NA
x33386_536_44092_13_983,536.44092,13.983,26:5,33386,Unknown,NA,C37H53BN2,[M + H]+,C37H53BN2,Alkaloids,0.8720096349716187,Monoterpenoids,0.9086931347846984,Unknown,0.11301907151937483,Unknown,0.7093503475189209,NA,NA,NA,NA,NA,NA,NA,NA,NA
x11919_650_53667_5_969,650.53667,5.969,26:5,11919,Unknown,NA,C39H71NO6,[M + H]+,C39H71NO6,Fatty acids,0.9989144802093506,Unknown,0.7737794518470764,Unknown,0.6941632628440857,Unknown,0.7557650208473206,NA,NA,NA,NA,NA,NA,NA,NA,NA
x5840_528_34521_3_856,528.34521,3.856,26:5,5840,Unknown,NA,C28H50NO6P,[M + H]+,C28H50NO6P,Fatty acids,0.9979897737503052,Unknown,0.4798358976840973,Unknown,0.13123886287212372,Unknown,0.6836294531822205,NA,NA,NA,NA,NA,NA,NA,NA,NA
x33401_894_69318_13_962,894.69318,13.962,26:5,33401,Unknown,NA,NA,NA,NA,Unknown,NA,Unknown,NA,Unknown,NA,Unknown,NA,NA,NA,NA,NA,NA,NA,NA,NA,NA
x36932_1053_86884_15_046,1053.86884,15.046,26:5,36932,Unknown,NA,C63H119N2O6P,[M + Na]+,C63H119N2O6P,Fatty acids,0.9996902942657472,Unknown,0.12394626438617706,Unknown,0.28723499178886414,Unknown,0.6450526714324951,NA,NA,NA,NA,NA,NA,NA,NA,NA
x25050_590_49383_11_927,590.49383,11.927,26:5,25050,Unknown,NA,C40H63NO2,[M + H]+,C40H63NO2,Fatty acids,0.941090762615204,Unknown,0.35534003376960754,Unknown,0.06311161816120148,Unknown,0.5765504240989685,NA,NA,NA,NA,NA,NA,NA,NA,NA
x18990_532_41538_8_925,532.41538,8.925,26:5,18990,Unknown,NA,C36H53NO2,[M + H]+,C36H53NO2,Unknown,0.7455491423606873,Unknown,0.3070976138114929,Unknown,0.2393108457326889,Unknown,0.802570641040802,NA,NA,NA,NA,NA,NA,NA,NA,NA
x8202_484_41591_4_603,484.41591,4.603,26:5,8202,Unknown,NA,C32H53NO2,[M + H]+,C32H53NO2,Unknown,0.7650749087333679,Unknown,0.8009911179542542,Unknown,0.39199844002723694,Unknown,0.6999388933181763,NA,NA,NA,NA,NA,NA,NA,NA,NA
x32444_537_44458_13_784,537.44458,13.784,26:5,32444,Unknown,NA,C40H56,[M + H]+,C40H56,Terpenoids,0.9999462366104126,Carotenoids (C40),0.9941902160644532,Unknown,0.815721869468689,Unknown,0.7652571201324463,NA,NA,NA,NA,NA,NA,NA,NA,NA
x19421_532_41389_9_146,532.41389,9.146,26:5,19421,Unknown,NA,C29H56ClN5,[M + Na]+,C29H56ClN5,Unknown,0.732099711894989,Unknown,0.16054265201091766,Unknown,0.03448624908924103,Aryl chlorides,0.8842462301254272,NA,NA,NA,NA,NA,NA,NA,NA,NA
x15167_552_47863_7_323,552.47863,7.323,26:5,15167,Unknown,NA,C37H61NO2,[M + H]+,C37H61NO2,Unknown,0.8169663548469543,Triterpenoids,0.9431825280189514,Unknown,0.5705275535583496,Triterpenoids,0.9794584512710572,NA,NA,NA,NA,NA,NA,NA,NA,NA
x32347_536_43992_13_77,536.43992,13.77,26:5,32347,Unknown,NA,C36H58NP,[M + H]+,C36H58NP,Terpenoids,0.9653856158256532,Unknown,0.22099043428897855,Unknown,0.06184501945972442,Lipids and lipid-like molecules,0.986665666103363,NA,NA,NA,NA,NA,NA,NA,NA,NA
x20271_508_41511_9_588,508.41511,9.588,26:5,20271,Unknown,NA,C34H53NO2,[M + H]+,C34H53NO2,Unknown,0.8356760144233704,Unknown,0.2996828854084015,Unknown,0.24732327461242676,Unknown,0.6264035105705261,NA,NA,NA,NA,NA,NA,NA,NA,NA
x20143_488_44648_9_486,488.44648,9.486,26:5,20143,Unknown,NA,C32H57NO2,[M + H]+,C32H57NO2,Unknown,0.7824307680130005,Unknown,0.5593370199203491,Unknown,0.14052170515060425,N-acyl amines,0.9409860968589784,NA,NA,NA,NA,NA,NA,NA,NA,NA
x8676_486_39477_4_787,486.39477,4.787,26:5,8676,Unknown,NA,C31H51NO3,[M + H]+,C31H51NO3,Terpenoids,0.9760246872901917,Steroids,0.9572949409484864,Unknown,0.766823410987854,Unknown,0.8213726878166199,NA,NA,NA,NA,NA,NA,NA,NA,NA
x7027_470_40051_4_269,470.40051,4.269,26:5,7027,Unknown,NA,C31H51NO2,[M + H]+,C31H51NO2,Unknown,0.6797220706939697,Unknown,0.803544819355011,Unknown,0.3688684105873108,Unknown,0.748701810836792,NA,NA,NA,NA,NA,NA,NA,NA,NA
x10332_584_46847_5_392,584.46847,5.392,26:5,10332,Unknown,NA,C37H61NO4,[M + H]+,C37H61NO4,Unknown,0.5438674688339233,Unknown,0.6776748895645142,Unknown,0.6629824638366699,Unknown,0.7913270592689514,NA,NA,NA,NA,NA,NA,NA,NA,NA
x6808_592_43583_4_167,592.43583,4.167,26:5,6808,Unknown,NA,C36H59NO4,[M + Na]+,C36H59NO4,Unknown,0.6787061095237732,Unknown,0.4136459231376648,Unknown,0.29041817784309387,Unknown,0.8026244640350342,NA,NA,NA,NA,NA,NA,NA,NA,NA
x10793_550_38912_5_559,550.38912,5.559,26:5,10793,Unknown,NA,C33H53NO4,[M + Na]+,C33H53NO4,Terpenoids,0.9505383372306824,Unknown,0.6199142932891846,Unknown,0.5362473726272583,Unknown,0.5687933564186096,NA,NA,NA,NA,NA,NA,NA,NA,NA
x11366_568_39953_5_743,568.39953,5.743,26:5,11366,Unknown,NA,C35H53NO5,[M + H]+,C35H53NO5,Terpenoids,0.911836564540863,Unknown,0.29877445101737976,Unknown,0.7490997910499573,Cyclohexenones,0.9833875894546508,NA,NA,NA,NA,NA,NA,NA,NA,NA
x890_522_30765_1_282,522.30765,1.282,26:5,890,Unknown,NA,C28H43NO8,[M + H]+,C28H43NO8,Terpenoids,0.9507231712341307,Unknown,0.8345769047737122,Unknown,0.2952367067337036,Diterpenoids,0.9465060830116272,NA,NA,NA,NA,NA,NA,NA,NA,NA
x10372_460_415_5_458,460.415,5.458,26:5,10372,Unknown,NA,C30H53NO2,[M + H]+,C30H53NO2,Unknown,0.742409348487854,Unknown,0.8430219292640686,Unknown,0.05724567547440529,Unknown,0.5420757532119751,NA,NA,NA,NA,NA,NA,NA,NA,NA
x12129_578_42093_6_089,578.42093,6.089,26:5,12129,Unknown,NA,C37H55NO4,[M + H]+,C37H55NO4,Terpenoids,0.8926348090171814,Unknown,0.6632981300354004,Unknown,0.285518616437912,Unknown,0.6149227023124695,NA,NA,NA,NA,NA,NA,NA,NA,NA
x16259_474_43149_7_795,474.43149,7.795,26:5,16259,Unknown,NA,NA,NA,NA,Unknown,NA,Unknown,NA,Unknown,NA,Unknown,NA,NA,NA,NA,NA,NA,NA,NA,NA,NA
x11855_552_40511_5_963,552.40511,5.963,26:5,11855,Unknown,NA,C35H53NO4,[M + H]+,C35H53NO4,Terpenoids,0.9015534520149232,Unknown,0.2553929388523102,Unknown,0.31906023621559143,Unknown,0.7298668026924133,NA,NA,NA,NA,NA,NA,NA,NA,NA
x6629_494_40571_4_125,494.40571,4.125,26:5,6629,Unknown,NA,C26H55NO7,[M + H]+,C26H55NO7,Unknown,0.3869730234146118,Unknown,0.44610029458999634,Unknown,0.07804122567176819,Fatty acid esters,0.9039598107337952,NA,NA,NA,NA,NA,NA,NA,NA,NA
x7451_458_39959_4_403,458.39959,4.403,26:5,7451,Unknown,NA,C30H51NO2,[M + H]+,C30H51NO2,Fatty acids,0.9912158250808716,Unknown,0.8094176650047302,Unknown,0.3029320240020752,Unknown,0.8031893372535706,NA,NA,NA,NA,NA,NA,NA,NA,NA
x9388_486_43127_5_001,486.43127,5.001,26:5,9388,Unknown,NA,C32H55NO2,[M + H]+,C32H55NO2,Fatty acids,0.952549397945404,Fatty amides,0.874433696269989,Unknown,0.8405474424362183,Unknown,0.5046207904815674,NA,NA,NA,NA,NA,NA,NA,NA,NA
x13047_670_56065_6_491,670.56065,6.491,26:5,13047,Unknown,NA,C39H75NO7,[M + H]+,C39H75NO7,Fatty acids,0.9443934559822084,Unknown,0.23667503893375397,Unknown,0.21812525391578672,Amino acids and derivatives,0.9310571551322936,NA,NA,NA,NA,NA,NA,NA,NA,NA
x40684_994_9084_16_571,994.9084,16.571,26:5,40684,Unknown,NA,C31H22N4O22S6,[M + H]+,C31H22N4O22S6,Unknown,0.375813752412796,Unknown,0.7382134795188904,Unknown,0.1836784929037094,Unknown,0.5987870693206787,NA,NA,NA,NA,NA,NA,NA,NA,NA
x5789_519_45426_3_873,519.45426,3.873,26:5,5789,Unknown,NA,C32H58N2O3,[M + H]+,C32H58N2O3,Terpenoids,0.9443888068199158,Unknown,0.532833456993103,Unknown,0.6226425766944885,Unknown,0.6914061903953552,NA,NA,NA,NA,NA,NA,NA,NA,NA
x6565_482_40226_4_047,482.40226,4.047,26:5,6565,Unknown,NA,C27H47BN6O,[M + H]+,C27H47BN6O,Unknown,0.1848900318145752,Unknown,0.05720435082912445,Unknown,0.17473292350769043,Unknown,0.6611492037773132,NA,NA,NA,NA,NA,NA,NA,NA,NA
x10865_484_4148_5_604,484.4148,5.604,26:5,10865,Unknown,NA,C32H53NO2,[M + H]+,C32H53NO2,Terpenoids,0.9071862697601318,Unknown,0.7610654234886169,Unknown,0.6212335228919983,Unknown,0.7497609853744507,NA,NA,NA,NA,NA,NA,NA,NA,NA
x14135_576_4075_6_948,576.4075,6.948,26:5,14135,Unknown,NA,C34H57NO4S,[M + H]+,C34H57NO4S,Terpenoids,0.9749909043312072,Unknown,0.740711510181427,Unknown,0.7980731725692749,Unknown,0.5870997309684753,NA,NA,NA,NA,NA,NA,NA,NA,NA
x7433_475_42846_4_384,475.42846,4.384,26:6,7433,Unknown,NA,C27H58N2O2S,[M + H]+,C27H58N2O2S,Fatty acids,0.8641124963760376,Unknown,0.6261456608772278,Unknown,0.5894713997840881,Unknown,0.8367173075675964,NA,NA,NA,NA,NA,NA,NA,NA,NA
x8329_498_39471_4_658,498.39471,4.658,26:6,8329,Unknown,NA,C32H51NO3,[M + H]+,C32H51NO3,Terpenoids,0.9597148895263672,Unknown,0.6201483607292175,Unknown,0.5918238759040833,Unknown,0.7714585661888123,NA,NA,NA,NA,NA,NA,NA,NA,NA
x20215_558_43169_9_537,558.43169,9.537,26:6,20215,Unknown,NA,C38H55NO2,[M + H]+,C38H55NO2,Unknown,0.6242345571517944,Unknown,0.2845059931278229,Unknown,0.23095181584358215,Unknown,0.5617097020149231,NA,NA,NA,NA,NA,NA,NA,NA,NA
x4516_460_40046_3_482,460.40046,3.482,26:6,4516,Unknown,NA,C26H53NO5,[M + H]+,C26H53NO5,Unknown,0.6203935742378235,Unknown,0.3744391500949859,Unknown,0.1679571121931076,Unknown,0.5402300357818604,NA,NA,NA,NA,NA,NA,NA,NA,NA
x9289_512_40878_5_007,512.40878,5.007,26:6,9289,Unknown,NA,C33H53NO3,[M + H]+,C33H53NO3,Terpenoids,0.9760849475860596,Steroids,0.8810508251190186,Unknown,0.6786402463912964,Unknown,0.5306591987609863,NA,NA,NA,NA,NA,NA,NA,NA,NA
x17361_496_37907_8_262,496.37907,8.262,26:6,17361,Unknown,NA,C32H49NO3,[M + H]+,C32H49NO3,Terpenoids,0.9839506149291992,Steroids,0.9839118123054504,Unknown,0.4395851492881775,Glycinated bile acids and derivatives,0.9778025150299072,NA,NA,NA,NA,NA,NA,NA,NA,NA
x25287_486_43167_11_994,486.43167,11.994,26:6,25287,Unknown,NA,C32H55NO2,[M + H]+,C32H55NO2,Unknown,0.8357782959938049,Unknown,0.7259454131126404,Unknown,0.18366357684135437,Unknown,0.5927799344062805,NA,NA,NA,NA,NA,NA,NA,NA,NA
x25050_590_49383_11_927,590.49383,11.927,26:6,25050,Unknown,NA,C40H63NO2,[M + H]+,C40H63NO2,Fatty acids,0.941090762615204,Unknown,0.35534003376960754,Unknown,0.06311161816120148,Unknown,0.5765504240989685,NA,NA,NA,NA,NA,NA,NA,NA,NA
x18990_532_41538_8_925,532.41538,8.925,26:6,18990,Unknown,NA,C36H53NO2,[M + H]+,C36H53NO2,Unknown,0.7455491423606873,Unknown,0.3070976138114929,Unknown,0.2393108457326889,Unknown,0.802570641040802,NA,NA,NA,NA,NA,NA,NA,NA,NA
x8202_484_41591_4_603,484.41591,4.603,26:6,8202,Unknown,NA,C32H53NO2,[M + H]+,C32H53NO2,Unknown,0.7650749087333679,Unknown,0.8009911179542542,Unknown,0.39199844002723694,Unknown,0.6999388933181763,NA,NA,NA,NA,NA,NA,NA,NA,NA
x32444_537_44458_13_784,537.44458,13.784,26:6,32444,Unknown,NA,C40H56,[M + H]+,C40H56,Terpenoids,0.9999462366104126,Carotenoids (C40),0.9941902160644532,Unknown,0.815721869468689,Unknown,0.7652571201324463,NA,NA,NA,NA,NA,NA,NA,NA,NA
x5968_456_38482_3_914,456.38482,3.914,26:6,5968,Unknown,NA,C30H49NO2,[M + H]+,C30H49NO2,Terpenoids,0.9299365282058716,Unknown,0.8395252823829651,Unknown,0.8403705358505249,Unknown,0.7090803384780884,NA,NA,NA,NA,NA,NA,NA,NA,NA
x19421_532_41389_9_146,532.41389,9.146,26:6,19421,Unknown,NA,C29H56ClN5,[M + Na]+,C29H56ClN5,Unknown,0.732099711894989,Unknown,0.16054265201091766,Unknown,0.03448624908924103,Aryl chlorides,0.8842462301254272,NA,NA,NA,NA,NA,NA,NA,NA,NA
x15580_504_38402_7_5,504.38402,7.5,26:6,15580,Unknown,NA,C27H47BN6O,[M + Na]+,C27H47BN6O,Unknown,0.14403069019317627,Unknown,0.12174684554338457,Unknown,0.13705885410308838,Unknown,0.6893565654754639,NA,NA,NA,NA,NA,NA,NA,NA,NA
x32347_536_43992_13_77,536.43992,13.77,26:6,32347,Unknown,NA,C36H58NP,[M + H]+,C36H58NP,Terpenoids,0.9653856158256532,Unknown,0.22099043428897855,Unknown,0.06184501945972442,Lipids and lipid-like molecules,0.986665666103363,NA,NA,NA,NA,NA,NA,NA,NA,NA
x20271_508_41511_9_588,508.41511,9.588,26:6,20271,Unknown,NA,C34H53NO2,[M + H]+,C34H53NO2,Unknown,0.8356760144233704,Unknown,0.2996828854084015,Unknown,0.24732327461242676,Unknown,0.6264035105705261,NA,NA,NA,NA,NA,NA,NA,NA,NA
x6547_496_37761_4_098,496.37761,4.098,26:6,6547,Unknown,NA,C32H49NO3,[M + H]+,C32H49NO3,Terpenoids,0.9715024828910828,Unknown,0.8481438159942627,Unknown,0.25326189398765564,Unknown,0.8323462605476379,NA,NA,NA,NA,NA,NA,NA,NA,NA
x11324_548_37482_5_689,548.37482,5.689,26:6,11324,Unknown,NA,C35H49NO4,[M + H]+,C35H49NO4,Terpenoids,0.8537476062774658,Unknown,0.2224565297365189,Unknown,0.03079686872661113,Unknown,0.8251883387565613,NA,NA,NA,NA,NA,NA,NA,NA,NA
x17599_506_39886_8_359,506.39886,8.359,26:6,17599,Unknown,NA,C32H53NO2,[M + Na]+,C32H53NO2,Terpenoids,0.9578171968460084,Unknown,0.7580767273902893,Unknown,0.44944804906845093,Unknown,0.6217206120491028,NA,NA,NA,NA,NA,NA,NA,NA,NA
x7027_470_40051_4_269,470.40051,4.269,26:6,7027,Unknown,NA,C31H51NO2,[M + H]+,C31H51NO2,Unknown,0.6797220706939697,Unknown,0.803544819355011,Unknown,0.3688684105873108,Unknown,0.748701810836792,NA,NA,NA,NA,NA,NA,NA,NA,NA
x2982_500_31368_2_849,500.31368,2.849,26:6,2982,Unknown,NA,C26H46NO6P,[M + H]+,C26H46NO6P,Fatty acids,0.9967214465141296,Glycerophospholipids,0.9907122254371644,Unknown,0.7533690929412842,Unknown,0.7024484872817993,NA,NA,NA,NA,NA,NA,NA,NA,NA
x28805_532_40806_12_953,532.40806,12.953,26:6,28805,Unknown,NA,C27H49N9O2,[M + H]+,C27H49N9O2,Unknown,0.4527060091495514,Unknown,0.29452067613601685,Unknown,0.753903329372406,Unknown,0.5759561657905579,NA,NA,NA,NA,NA,NA,NA,NA,NA
x10793_550_38912_5_559,550.38912,5.559,26:6,10793,Unknown,NA,C33H53NO4,[M + Na]+,C33H53NO4,Terpenoids,0.9505383372306824,Unknown,0.6199142932891846,Unknown,0.5362473726272583,Unknown,0.5687933564186096,NA,NA,NA,NA,NA,NA,NA,NA,NA
x9768_550_38962_5_173,550.38962,5.173,26:6,9768,Unknown,NA,C35H51NO4,[M + H]+,C35H51NO4,Unknown,0.7846947312355042,Unknown,0.49826955795288086,Unknown,0.18571090698242188,Unknown,0.59013432264328,NA,NA,NA,NA,NA,NA,NA,NA,NA
x10962_624_48224_5_627,624.48224,5.627,26:6,10962,Unknown,NA,C36H65NO7,[M + H]+,C36H65NO7,Unknown,0.812256932258606,Unknown,0.23703965544700625,Unknown,0.13733087480068207,Amino acids and derivatives,0.8945778012275696,NA,NA,NA,NA,NA,NA,NA,NA,NA
x6265_474_3587_4_003,474.3587,4.003,26:6,6265,Unknown,NA,C29H47NO4,[M + H]+,C29H47NO4,Terpenoids,0.9117608070373536,Unknown,0.8446105122566223,Unknown,0.6004273891448975,Unknown,0.6576368808746338,NA,NA,NA,NA,NA,NA,NA,NA,NA
x14171_548_37532_6_918,548.37532,6.918,26:6,14171,Unknown,NA,C35H49NO4,[M + H]+,C35H49NO4,Unknown,0.752007782459259,Unknown,0.1742563247680664,Unknown,0.04839911311864853,Unknown,0.5619885921478271,NA,NA,NA,NA,NA,NA,NA,NA,NA
x10052_624_4833_5_305,624.4833,5.305,26:6,10052,Unknown,NA,C36H65NO7,[M + H]+,C36H65NO7,Unknown,0.7364093661308289,Unknown,0.1561620831489563,Unknown,0.32186076045036316,Unknown,0.7425550222396851,NA,NA,NA,NA,NA,NA,NA,NA,NA
x14947_644_46457_7_225,644.46457,7.225,26:6,14947,Unknown,NA,C40H63NO4,[M + Na]+,C40H63NO4,Terpenoids,0.9795628786087036,Unknown,0.7652292251586914,Unknown,0.6905115842819214,Triterpenoids,0.9694441556930542,NA,NA,NA,NA,NA,NA,NA,NA,NA
x12203_550_39147_6_077,550.39147,6.077,26:6,12203,Unknown,NA,C35H51NO4,[M + H]+,C35H51NO4,Terpenoids,0.9496209025382996,Unknown,0.465229868888855,Unknown,0.24142225086688995,Unknown,0.5159290432929993,NA,NA,NA,NA,NA,NA,NA,NA,NA
x13781_548_37666_6_764,548.37666,6.764,26:6,13781,Unknown,NA,C27H51N5O5,[M + Na]+,C27H51N5O5,Unknown,0.6983950734138489,Unknown,0.2624833583831787,Unknown,0.04805764555931091,Unknown,0.512808084487915,NA,NA,NA,NA,NA,NA,NA,NA,NA
x9567_772_48421_5_078,772.48421,5.078,26:6,9567,Unknown,NA,C41H65N5O9,[M + H]+,C41H65N5O9,Amino acids and Peptides,0.9843825697898864,Oligopeptides,0.9613035917282104,Unknown,0.689429759979248,Unknown,0.8100826740264893,NA,NA,NA,NA,NA,NA,NA,NA,NA
x5590_468_38576_3_799,468.38576,3.799,26:6,5590,Unknown,NA,C31H49NO2,[M + H]+,C31H49NO2,Terpenoids,0.9734041094779968,Unknown,0.7130728363990784,Unknown,0.2687760591506958,Unknown,0.5187395215034485,NA,NA,NA,NA,NA,NA,NA,NA,NA
x17692_936_64392_8_379,936.64392,8.379,26:6,17692,Unknown,NA,NA,NA,NA,Unknown,NA,Unknown,NA,Unknown,NA,Unknown,NA,NA,NA,NA,NA,NA,NA,NA,NA,NA
x6565_482_40226_4_047,482.40226,4.047,26:6,6565,Unknown,NA,C27H47BN6O,[M + H]+,C27H47BN6O,Unknown,0.1848900318145752,Unknown,0.05720435082912445,Unknown,0.17473292350769043,Unknown,0.6611492037773132,NA,NA,NA,NA,NA,NA,NA,NA,NA
